episode,reward,steps,delivered,total_time_hours,total_cost,total_risk,path,shipment_type,wall_clock_s,phase
1,-49.45,5,False,119.4,50944.0,1.952,Bangalore -> Hubli -> Mangalore -> Mysore -> Bangalore -> Hubli,pharmaceuticals,0.8,1
2,33.15,5,True,100.1,49062.0,0.74,Chandigarh -> Ludhiana -> Delhi -> Kanpur -> Varanasi -> Patna,electronics,1.0,1
3,-38.6,5,False,161.8,43229.0,2.253,Udaipur -> Ahmedabad -> Indore -> Bhopal -> Gwalior -> Agra,pharmaceuticals,1.1,1
4,-84.05,5,False,247.3,81767.0,1.083,Jabalpur -> Bhopal -> Nagpur -> Raipur -> Bhubaneswar -> Ranchi,pharmaceuticals,1.3,1
5,-79.1,5,False,609.3,92519.0,0.789,Mangalore -> Mysore -> Bangalore -> Hyderabad -> Visakhapatnam -> Chennai,machinery,1.4,1
6,-46.91,5,False,187.9,95531.0,0.508,Guwahati -> Kolkata -> Patna -> Lucknow -> Delhi -> Kanpur,machinery,1.5,1
7,-66.65,5,False,243.0,74618.0,0.232,Kolkata -> Bhubaneswar -> Ranchi -> Kolkata -> Guwahati -> Kolkata,textiles,1.7,1
8,-41.17,5,False,94.0,49441.0,0.576,Indore -> Jaipur -> Delhi -> Ludhiana -> Amritsar -> Ludhiana,pharmaceuticals,1.8,1
9,-73.75,3,False,147.5,52747.0,0.617,Nagpur -> Mumbai -> Pune -> Bangalore,perishables,1.9,1
10,-44.34,5,False,75.4,50844.0,0.552,Delhi -> Ludhiana -> Amritsar -> Ludhiana -> Delhi -> Chandigarh,machinery,2.0,1
11,-31.12,5,False,91.8,46516.0,0.572,Gwalior -> Agra -> Lucknow -> Patna -> Ranchi -> Varanasi,perishables,2.2,1
12,-55.8,4,False,127.1,35168.0,0.951,Surat -> Mumbai -> Nashik -> Ahmedabad -> Rajkot,perishables,2.3,1
13,-37.59,5,False,60.5,49969.0,0.093,Nagpur -> Mumbai -> Surat -> Vadodara -> Ahmedabad -> Indore,textiles,2.4,1
14,28.1,5,True,145.0,67940.0,0.708,Mangalore -> Hubli -> Bangalore -> Chennai -> Coimbatore -> Kochi,electronics,2.6,1
15,-36.72,5,False,53.6,33160.0,0.722,Chandigarh -> Delhi -> Ludhiana -> Amritsar -> Ludhiana -> Chandigarh,pharmaceuticals,2.7,1
16,-42.89,5,False,202.8,85120.0,0.107,Visakhapatnam -> Chennai -> Madurai -> Coimbatore -> Chennai -> Hyderabad,textiles,2.9,1
17,-24.87,5,False,35.3,41018.0,0.224,Kanpur -> Lucknow -> Agra -> Gwalior -> Bhopal -> Jabalpur,machinery,3.0,1
18,-38.26,5,False,158.5,60603.0,1.177,Kochi -> Thiruvananthapuram -> Kochi -> Bangalore -> Coimbatore -> Chennai,pharmaceuticals,3.2,1
19,-43.73,5,False,161.7,80868.0,0.269,Ahmedabad -> Jaipur -> Indore -> Ahmedabad -> Rajkot -> Surat,fmcg,3.3,1
20,-53.18,5,False,161.7,58117.0,0.515,Lucknow -> Agra -> Kanpur -> Delhi -> Jaipur -> Ahmedabad,fmcg,3.5,1
21,-57.87,4,False,243.7,56692.0,0.757,Vadodara -> Ahmedabad -> Jaipur -> Indore -> Bhopal,pharmaceuticals,3.6,1
22,-12.68,5,False,59.3,43579.0,0.892,Amritsar -> Ludhiana -> Delhi -> Jaipur -> Indore -> Bhopal,pharmaceuticals,3.8,1
23,-61.23,5,False,245.7,50153.0,0.302,Jodhpur -> Udaipur -> Indore -> Jaipur -> Jodhpur -> Udaipur,textiles,3.9,1
24,-61.25,5,False,283.6,76631.0,0.416,Bhopal -> Jabalpur -> Nagpur -> Mumbai -> Ahmedabad -> Rajkot,fmcg,4.1,1
25,-42.55,5,False,104.2,34165.0,0.878,Delhi -> Chandigarh -> Ludhiana -> Amritsar -> Ludhiana -> Delhi,perishables,4.2,1
26,-40.38,5,False,87.4,47605.0,0.426,Ludhiana -> Delhi -> Chandigarh -> Ludhiana -> Delhi -> Lucknow,fmcg,4.4,1
27,-41.92,5,False,151.9,50550.0,0.445,Vadodara -> Ahmedabad -> Nashik -> Mumbai -> Nagpur -> Raipur,fmcg,4.6,1
28,-56.66,5,False,199.3,42852.0,0.905,Nagpur -> Jabalpur -> Raipur -> Nagpur -> Jabalpur -> Bhopal,electronics,4.7,1
29,-46.69,5,False,193.3,61576.0,1.028,Udaipur -> Ahmedabad -> Jaipur -> Jodhpur -> Udaipur -> Ahmedabad,machinery,4.9,1
30,-50.79,5,False,272.9,106389.0,0.619,Nashik -> Mumbai -> Pune -> Bangalore -> Chennai -> Visakhapatnam,machinery,5.1,1
31,-22.14,5,False,53.2,55093.0,0.332,Lucknow -> Kanpur -> Varanasi -> Patna -> Kolkata -> Guwahati,electronics,5.3,1
32,-67.35,5,False,440.8,64661.0,2.659,Kochi -> Coimbatore -> Bangalore -> Kochi -> Coimbatore -> Chennai,electronics,5.4,1
33,-46.28,5,False,233.4,82405.0,0.929,Coimbatore -> Kochi -> Bangalore -> Chennai -> Madurai -> Mysore,machinery,5.6,1
34,-46.98,5,False,192.5,81144.0,0.592,Visakhapatnam -> Chennai -> Coimbatore -> Madurai -> Mysore -> Mangalore,machinery,5.7,1
35,-27.27,5,False,198.5,68739.0,0.719,Thiruvananthapuram -> Kochi -> Bangalore -> Hyderabad -> Nagpur -> Raipur,machinery,5.9,1
36,-54.37,5,False,319.5,70632.0,0.607,Vadodara -> Ahmedabad -> Jaipur -> Indore -> Udaipur -> Ahmedabad,textiles,6.1,1
37,50.66,2,True,65.0,24276.0,0.221,Mysore -> Madurai -> Chennai,fmcg,6.1,1
38,-51.58,5,False,97.3,57388.0,0.27,Pune -> Nashik -> Ahmedabad -> Jaipur -> Delhi -> Ludhiana,fmcg,6.3,1
39,-77.3,3,False,379.6,47894.0,1.509,Visakhapatnam -> Bhubaneswar -> Ranchi -> Kolkata,pharmaceuticals,6.4,1
40,-85.73,3,False,332.4,25937.0,0.87,Kochi -> Coimbatore -> Bangalore -> Hubli,perishables,6.6,1
41,-33.97,5,False,72.6,47601.0,0.565,Raipur -> Jabalpur -> Nagpur -> Raipur -> Jabalpur -> Bhopal,perishables,6.8,1
42,49.26,3,True,110.5,51011.0,0.326,Kochi -> Coimbatore -> Chennai -> Visakhapatnam,fmcg,6.9,1
43,56.3,2,True,12.7,11366.0,0.168,Gwalior -> Agra -> Kanpur,electronics,7.0,1
44,-95.56,5,False,271.8,50675.0,1.184,Ahmedabad -> Vadodara -> Surat -> Rajkot -> Ahmedabad -> Mumbai,perishables,7.2,1
45,-36.35,5,False,140.2,72487.0,0.315,Patna -> Lucknow -> Agra -> Kanpur -> Delhi -> Ludhiana,textiles,7.4,1
46,-45.66,5,False,184.1,66199.0,0.514,Visakhapatnam -> Hyderabad -> Nagpur -> Raipur -> Bhubaneswar -> Visakhapatnam,electronics,7.5,1
47,-37.22,5,False,109.1,39648.0,0.245,Rajkot -> Surat -> Vadodara -> Ahmedabad -> Rajkot -> Surat,textiles,7.7,1
48,-72.2,5,False,450.4,57716.0,0.848,Madurai -> Coimbatore -> Kochi -> Thiruvananthapuram -> Kochi -> Bangalore,machinery,7.9,1
49,-43.16,5,False,108.1,50110.0,1.693,Bhubaneswar -> Kolkata -> Ranchi -> Patna -> Varanasi -> Ranchi,electronics,8.0,1
50,-61.28,4,False,137.6,45052.0,0.774,Kochi -> Thiruvananthapuram -> Kochi -> Bangalore -> Pune,perishables,8.2,1
51,40.01,4,True,182.6,67262.0,0.937,Kochi -> Coimbatore -> Bangalore -> Chennai -> Visakhapatnam,pharmaceuticals,8.4,1
52,51.96,3,True,87.5,42252.0,0.032,Jabalpur -> Bhopal -> Delhi -> Kanpur,textiles,8.5,1
53,-37.75,5,False,103.1,73110.0,0.509,Mysore -> Madurai -> Chennai -> Hyderabad -> Bangalore -> Mysore,machinery,8.6,1
54,51.1,2,True,55.1,41796.0,0.27,Ranchi -> Bhubaneswar -> Raipur,pharmaceuticals,8.7,1
55,-51.24,5,False,235.2,72668.0,1.086,Patna -> Kolkata -> Bhubaneswar -> Ranchi -> Patna -> Kolkata,electronics,9.1,1
56,-54.32,5,False,364.2,87579.0,0.56,Patna -> Ranchi -> Varanasi -> Patna -> Kolkata -> Bhubaneswar,machinery,9.2,1
57,-64.26,5,False,211.7,90787.0,0.749,Visakhapatnam -> Bhubaneswar -> Kolkata -> Guwahati -> Kolkata -> Patna,electronics,9.4,1
58,-27.0,5,False,97.9,61682.0,0.712,Indore -> Jaipur -> Ahmedabad -> Nashik -> Pune -> Mumbai,machinery,9.6,1
59,-32.79,5,False,59.5,40777.0,1.235,Gwalior -> Agra -> Delhi -> Lucknow -> Kanpur -> Delhi,pharmaceuticals,9.7,1
60,-54.54,5,False,218.4,85671.0,0.273,Visakhapatnam -> Chennai -> Coimbatore -> Madurai -> Mysore -> Mangalore,textiles,9.9,1
61,-63.62,4,False,156.5,40599.0,0.675,Bhubaneswar -> Raipur -> Nagpur -> Jabalpur -> Raipur,perishables,10.1,1
62,-62.29,5,False,437.5,100828.0,1.025,Kochi -> Coimbatore -> Bangalore -> Hyderabad -> Visakhapatnam -> Chennai,machinery,10.3,1
63,-34.18,5,False,112.5,54740.0,0.641,Guwahati -> Kolkata -> Ranchi -> Patna -> Varanasi -> Ranchi,perishables,10.5,1
64,-35.33,5,False,116.8,49034.0,0.89,Madurai -> Coimbatore -> Bangalore -> Chennai -> Madurai -> Mysore,perishables,10.7,1
65,-70.9,3,False,167.8,42930.0,0.757,Visakhapatnam -> Chennai -> Bangalore -> Coimbatore,perishables,10.8,1
66,-26.67,5,False,96.8,52254.0,0.838,Amritsar -> Ludhiana -> Delhi -> Lucknow -> Agra -> Gwalior,electronics,10.9,1
67,-32.43,5,False,107.7,46329.0,0.549,Gwalior -> Agra -> Lucknow -> Delhi -> Chandigarh -> Ludhiana,electronics,11.1,1
68,-35.86,5,False,139.0,56223.0,0.548,Mysore -> Mangalore -> Hubli -> Bangalore -> Chennai -> Coimbatore,fmcg,11.2,1
69,-50.64,5,False,181.7,74708.0,0.459,Bangalore -> Mysore -> Mangalore -> Hubli -> Bangalore -> Chennai,fmcg,11.3,1
70,-42.21,5,False,197.9,60932.0,1.185,Jaipur -> Indore -> Bhopal -> Delhi -> Chandigarh -> Ludhiana,electronics,11.4,1
71,51.82,3,True,87.4,46971.0,0.065,Guwahati -> Kolkata -> Patna -> Lucknow,textiles,11.7,1
72,-66.73,5,False,339.7,74777.0,1.024,Nagpur -> Jabalpur -> Raipur -> Bhubaneswar -> Visakhapatnam -> Chennai,electronics,11.9,1
73,-35.53,5,False,86.7,57558.0,0.273,Nagpur -> Jabalpur -> Raipur -> Nagpur -> Bhopal -> Indore,textiles,12.0,1
74,-28.78,5,False,118.2,54876.0,0.624,Ahmedabad -> Udaipur -> Jodhpur -> Jaipur -> Delhi -> Ludhiana,machinery,12.2,1
75,-37.68,5,False,101.6,40054.0,0.898,Mysore -> Madurai -> Coimbatore -> Kochi -> Thiruvananthapuram -> Kochi,perishables,12.4,1
76,-75.71,5,False,434.0,70252.0,0.398,Patna -> Varanasi -> Ranchi -> Bhubaneswar -> Raipur -> Nagpur,textiles,12.5,1
77,-39.58,5,False,125.8,63463.0,0.191,Ahmedabad -> Jaipur -> Delhi -> Bhopal -> Indore -> Ahmedabad,textiles,12.7,1
78,-62.46,3,False,247.0,59365.0,1.184,Guwahati -> Kolkata -> Patna -> Varanasi,pharmaceuticals,12.8,1
79,-45.85,5,False,131.3,79857.0,0.657,Ranchi -> Patna -> Kolkata -> Guwahati -> Kolkata -> Bhubaneswar,pharmaceuticals,13.0,1
80,-61.38,5,False,192.9,63632.0,0.365,Varanasi -> Patna -> Ranchi -> Bhubaneswar -> Visakhapatnam -> Chennai,textiles,13.1,1
81,45.43,4,True,182.6,69360.0,0.473,Madurai -> Chennai -> Visakhapatnam -> Bhubaneswar -> Raipur,machinery,13.2,1
82,-78.83,4,False,336.9,52395.0,2.243,Vadodara -> Surat -> Rajkot -> Ahmedabad -> Nashik,pharmaceuticals,13.4,1
83,-51.97,4,False,144.4,41705.0,0.544,Jaipur -> Ahmedabad -> Vadodara -> Surat -> Mumbai,perishables,13.5,1
84,-40.88,5,False,137.4,65748.0,0.327,Ranchi -> Bhubaneswar -> Visakhapatnam -> Chennai -> Coimbatore -> Bangalore,fmcg,13.6,1
85,-25.43,5,False,78.9,74881.0,0.57,Bhubaneswar -> Ranchi -> Kolkata -> Bhubaneswar -> Raipur -> Nagpur,pharmaceuticals,13.8,1
86,-39.65,5,False,33.0,24368.0,1.251,Delhi -> Chandigarh -> Ludhiana -> Amritsar -> Ludhiana -> Chandigarh,electronics,13.9,1
87,-38.36,5,False,162.6,45786.0,1.462,Madurai -> Mysore -> Mangalore -> Hubli -> Bangalore -> Mysore,pharmaceuticals,14.1,1
88,25.46,5,True,116.4,49809.0,0.547,Nagpur -> Bhopal -> Gwalior -> Agra -> Lucknow -> Delhi,perishables,14.2,1
89,-22.82,5,False,147.8,94506.0,0.407,Guwahati -> Kolkata -> Patna -> Lucknow -> Delhi -> Bhopal,electronics,14.4,1
90,-44.06,5,False,70.8,53111.0,0.774,Rajkot -> Surat -> Mumbai -> Ahmedabad -> Rajkot -> Surat,pharmaceuticals,14.5,1
91,-35.67,5,False,45.6,27315.0,0.586,Chandigarh -> Delhi -> Ludhiana -> Amritsar -> Ludhiana -> Chandigarh,electronics,14.7,1
92,-66.03,5,False,126.5,57502.0,0.473,Jodhpur -> Jaipur -> Indore -> Bhopal -> Nagpur -> Jabalpur,perishables,15.2,1
93,-36.57,5,False,93.0,56785.0,0.522,Ahmedabad -> Indore -> Udaipur -> Jodhpur -> Jaipur -> Indore,perishables,15.9,1
94,-24.31,5,False,70.1,68885.0,0.463,Patna -> Lucknow -> Delhi -> Agra -> Gwalior -> Bhopal,machinery,16.4,1
95,-27.62,5,False,198.9,81097.0,0.586,Madurai -> Chennai -> Hyderabad -> Nagpur -> Mumbai -> Pune,machinery,17.2,1
96,-42.37,5,False,252.3,66254.0,0.304,Bhopal -> Indore -> Udaipur -> Ahmedabad -> Mumbai -> Nagpur,textiles,17.7,1
97,-64.07,5,False,205.9,77278.0,1.065,Kolkata -> Guwahati -> Kolkata -> Ranchi -> Bhubaneswar -> Kolkata,pharmaceuticals,18.3,1
98,-49.35,5,False,169.0,76713.0,0.297,Varanasi -> Ranchi -> Bhubaneswar -> Visakhapatnam -> Chennai -> Madurai,textiles,18.9,1
99,-49.52,5,False,106.2,63216.0,0.771,Visakhapatnam -> Bhubaneswar -> Ranchi -> Varanasi -> Kanpur -> Lucknow,perishables,19.4,1
100,-30.12,5,False,172.6,68376.0,1.482,Nagpur -> Raipur -> Bhubaneswar -> Ranchi -> Varanasi -> Kanpur,pharmaceuticals,19.9,1
101,-60.19,5,False,428.6,64784.0,0.774,Madurai -> Mysore -> Bangalore -> Kochi -> Coimbatore -> Bangalore,machinery,23.4,1
102,-36.29,5,False,94.1,36667.0,1.559,Hubli -> Mangalore -> Mysore -> Bangalore -> Coimbatore -> Madurai,pharmaceuticals,23.8,1
103,-39.22,5,False,127.2,39128.0,0.643,Bhopal -> Gwalior -> Agra -> Lucknow -> Kanpur -> Delhi,fmcg,24.3,1
104,-46.18,5,False,137.8,73286.0,0.416,Visakhapatnam -> Bhubaneswar -> Kolkata -> Ranchi -> Bhubaneswar -> Visakhapatnam,electronics,24.8,1
105,-42.06,5,False,140.0,90847.0,0.676,Delhi -> Bhopal -> Jabalpur -> Raipur -> Bhubaneswar -> Visakhapatnam,machinery,25.2,1
106,45.17,1,True,84.8,9844.0,0.108,Hubli -> Mangalore,fmcg,25.3,1
107,-36.23,5,False,48.0,33946.0,0.825,Ludhiana -> Chandigarh -> Delhi -> Ludhiana -> Chandigarh -> Delhi,pharmaceuticals,25.8,1
108,-80.3,4,False,272.3,62002.0,0.941,Raipur -> Bhubaneswar -> Kolkata -> Guwahati -> Kolkata,pharmaceuticals,26.2,1
109,-51.19,5,False,378.7,105134.0,0.325,Kolkata -> Guwahati -> Kolkata -> Bhubaneswar -> Visakhapatnam -> Hyderabad,textiles,26.9,1
110,-19.92,5,False,80.8,46547.0,0.884,Varanasi -> Kanpur -> Lucknow -> Delhi -> Agra -> Gwalior,perishables,1164.0,1
111,-46.21,5,False,220.0,59782.0,1.102,Indore -> Bhopal -> Delhi -> Ludhiana -> Amritsar -> Ludhiana,pharmaceuticals,1164.6,1
112,-48.62,5,False,111.3,45202.0,0.444,Patna -> Ranchi -> Varanasi -> Patna -> Ranchi -> Varanasi,perishables,1165.1,1
113,-53.52,5,False,256.5,63206.0,1.951,Coimbatore -> Chennai -> Bangalore -> Kochi -> Thiruvananthapuram -> Kochi,electronics,1165.5,1
114,-40.14,5,False,126.5,38823.0,2.658,Kochi -> Thiruvananthapuram -> Kochi -> Coimbatore -> Madurai -> Mysore,pharmaceuticals,1166.0,1
115,-50.66,5,False,233.5,74682.0,0.14,Ahmedabad -> Jaipur -> Jodhpur -> Udaipur -> Indore -> Ahmedabad,textiles,1166.5,1
116,-36.02,5,False,50.2,29324.0,0.233,Delhi -> Chandigarh -> Ludhiana -> Amritsar -> Ludhiana -> Delhi,fmcg,1166.9,1
117,-32.13,5,False,100.9,42037.0,1.563,Chandigarh -> Delhi -> Agra -> Kanpur -> Lucknow -> Patna,pharmaceuticals,1167.4,1
118,-28.41,5,False,118.6,43666.0,0.475,Kanpur -> Delhi -> Agra -> Gwalior -> Bhopal -> Nagpur,fmcg,1167.9,1
119,48.14,3,True,129.0,26848.0,0.304,Madurai -> Mysore -> Mangalore -> Hubli,textiles,1168.3,1
120,-31.88,5,False,96.6,67637.0,0.382,Jodhpur -> Jaipur -> Ahmedabad -> Nashik -> Mumbai -> Ahmedabad,machinery,1168.8,1
121,-39.21,5,False,165.2,76909.0,0.75,Nagpur -> Bhopal -> Delhi -> Jaipur -> Indore -> Udaipur,electronics,1169.4,1
122,-68.78,5,False,349.7,117972.0,0.554,Bangalore -> Hyderabad -> Chennai -> Visakhapatnam -> Hyderabad -> Chennai,machinery,1169.9,1
123,-37.05,5,False,95.4,54054.0,1.77,Coimbatore -> Kochi -> Thiruvananthapuram -> Kochi -> Bangalore -> Hubli,electronics,1170.4,1
124,-51.72,5,False,142.6,77746.0,0.255,Kolkata -> Bhubaneswar -> Visakhapatnam -> Chennai -> Madurai -> Coimbatore,textiles,1170.8,1
125,-56.1,5,False,225.9,69822.0,0.891,Patna -> Ranchi -> Kolkata -> Guwahati -> Kolkata -> Patna,pharmaceuticals,1171.3,1
126,-35.74,5,False,90.2,43757.0,0.803,Kochi -> Thiruvananthapuram -> Kochi -> Coimbatore -> Madurai -> Mysore,machinery,1171.8,1
127,50.31,2,True,20.9,11286.0,0.525,Pune -> Nashik -> Mumbai,electronics,1172.0,1
128,50.21,2,True,60.5,54718.0,0.189,Jabalpur -> Nagpur -> Mumbai,pharmaceuticals,1172.3,1
129,-44.09,5,False,110.8,89176.0,0.656,Chennai -> Bangalore -> Hyderabad -> Chennai -> Madurai -> Coimbatore,machinery,1172.9,1
130,-45.88,5,False,286.5,65170.0,0.546,Amritsar -> Ludhiana -> Chandigarh -> Delhi -> Lucknow -> Patna,machinery,1173.5,1
131,-27.64,5,False,158.0,57421.0,0.245,Agra -> Gwalior -> Bhopal -> Delhi -> Jaipur -> Indore,textiles,1174.1,1
132,-66.24,5,False,130.0,48935.0,0.488,Chandigarh -> Delhi -> Lucknow -> Agra -> Gwalior -> Bhopal,perishables,1174.6,1
133,-79.37,4,False,187.5,72685.0,1.207,Nashik -> Ahmedabad -> Indore -> Jaipur -> Ahmedabad,perishables,1175.0,1
134,-59.16,3,False,128.8,47283.0,0.753,Hubli -> Bangalore -> Coimbatore -> Chennai,perishables,1175.3,1
135,-41.58,5,False,147.0,54197.0,0.514,Coimbatore -> Kochi -> Bangalore -> Hubli -> Mangalore -> Mysore,fmcg,1175.8,1
136,-53.38,5,False,300.3,97062.0,0.882,Ranchi -> Patna -> Kolkata -> Guwahati -> Kolkata -> Bhubaneswar,machinery,1176.2,1
137,-28.83,5,False,69.6,43636.0,1.116,Indore -> Udaipur -> Ahmedabad -> Mumbai -> Pune -> Nashik,electronics,1176.6,1
138,-23.55,5,False,114.3,45723.0,1.51,Patna -> Ranchi -> Varanasi -> Kanpur -> Agra -> Delhi,pharmaceuticals,1177.1,1
139,-22.42,5,False,154.3,50936.0,0.939,Udaipur -> Indore -> Jaipur -> Delhi -> Lucknow -> Kanpur,electronics,1177.6,1
140,-80.37,5,False,429.9,49422.0,1.8,Kolkata -> Patna -> Lucknow -> Agra -> Kanpur -> Lucknow,electronics,1178.1,1
141,53.04,1,True,6.6,9659.0,0.02,Jabalpur -> Nagpur,machinery,1178.2,1
142,-30.19,5,False,42.1,25542.0,0.428,Chandigarh -> Ludhiana -> Amritsar -> Ludhiana -> Chandigarh -> Delhi,machinery,1178.8,1
143,-27.13,5,False,100.5,57008.0,0.722,Visakhapatnam -> Bhubaneswar -> Raipur -> Jabalpur -> Bhopal -> Nagpur,pharmaceuticals,1179.3,1
144,54.98,3,True,14.0,19362.0,0.09,Chandigarh -> Ludhiana -> Delhi -> Agra,perishables,1179.5,1
145,-68.19,3,False,121.6,46447.0,0.757,Mumbai -> Nashik -> Ahmedabad -> Jaipur,perishables,1179.8,1
146,-48.59,5,False,149.4,94091.0,1.647,Bangalore -> Kochi -> Thiruvananthapuram -> Kochi -> Bangalore -> Pune,pharmaceuticals,1180.3,1
147,-39.89,5,False,79.7,57897.0,0.366,Agra -> Kanpur -> Varanasi -> Patna -> Ranchi -> Kolkata,machinery,1180.7,1
148,-43.11,5,False,103.1,53833.0,1.012,Chennai -> Bangalore -> Kochi -> Thiruvananthapuram -> Kochi -> Bangalore,perishables,1181.1,1
149,-25.16,5,False,81.2,44594.0,1.406,Jaipur -> Indore -> Bhopal -> Gwalior -> Agra -> Kanpur,electronics,1181.5,1
150,-39.49,5,False,173.0,68471.0,0.271,Patna -> Varanasi -> Ranchi -> Kolkata -> Guwahati -> Kolkata,textiles,1182.0,1
151,-41.79,5,False,150.0,54170.0,0.341,Bhopal -> Gwalior -> Agra -> Kanpur -> Lucknow -> Delhi,fmcg,1182.5,1
152,-78.27,5,False,130.0,60440.0,0.526,Indore -> Jaipur -> Ahmedabad -> Indore -> Bhopal -> Jabalpur,perishables,1183.0,1
153,-72.73,5,False,132.1,63964.0,0.73,Varanasi -> Kanpur -> Delhi -> Jaipur -> Ahmedabad -> Mumbai,perishables,1183.4,1
154,-13.66,5,False,73.2,37523.0,0.416,Ranchi -> Patna -> Lucknow -> Kanpur -> Agra -> Gwalior,pharmaceuticals,1184.0,1
155,-44.34,5,False,356.9,112121.0,0.569,Vadodara -> Surat -> Mumbai -> Nagpur -> Bhopal -> Delhi,machinery,1184.5,1
156,-22.58,5,False,102.3,48011.0,0.49,Surat -> Rajkot -> Ahmedabad -> Indore -> Udaipur -> Jodhpur,perishables,1185.1,1
157,-43.61,5,False,110.4,78656.0,0.424,Mumbai -> Ahmedabad -> Udaipur -> Jodhpur -> Jaipur -> Ahmedabad,machinery,1185.6,1
158,-46.99,5,False,195.5,73962.0,0.455,Pune -> Mumbai -> Ahmedabad -> Udaipur -> Indore -> Ahmedabad,fmcg,1186.1,1
159,-53.45,3,False,123.2,27816.0,1.073,Mangalore -> Mysore -> Madurai -> Coimbatore,perishables,1186.4,1
160,-36.57,5,False,52.3,33840.0,0.644,Jodhpur -> Jaipur -> Delhi -> Chandigarh -> Ludhiana -> Amritsar,electronics,1187.0,1
161,-24.7,5,False,82.2,45042.0,0.243,Jodhpur -> Jaipur -> Delhi -> Chandigarh -> Ludhiana -> Delhi,machinery,1187.6,1
162,-39.22,5,False,263.9,68918.0,1.54,Mysore -> Bangalore -> Pune -> Mumbai -> Nagpur -> Raipur,electronics,1188.1,1
163,-34.71,5,False,128.6,48391.0,0.796,Nagpur -> Raipur -> Jabalpur -> Bhopal -> Gwalior -> Agra,machinery,1188.7,1
164,-23.21,5,False,157.5,58366.0,1.421,Guwahati -> Kolkata -> Bhubaneswar -> Raipur -> Jabalpur -> Nagpur,electronics,1189.1,1
165,-31.04,5,False,185.8,64360.0,1.058,Ludhiana -> Chandigarh -> Delhi -> Jaipur -> Indore -> Ahmedabad,electronics,1189.5,1
166,-45.84,5,False,135.4,61175.0,0.932,Delhi -> Agra -> Lucknow -> Delhi -> Ludhiana -> Chandigarh,pharmaceuticals,1189.9,1
167,-50.95,5,False,177.6,69850.0,1.873,Bhubaneswar -> Kolkata -> Ranchi -> Varanasi -> Patna -> Ranchi,pharmaceuticals,1190.3,1
168,-38.58,5,False,164.7,62399.0,0.479,Nagpur -> Bhopal -> Jabalpur -> Raipur -> Bhubaneswar -> Kolkata,fmcg,1190.7,1
169,-21.83,5,False,146.0,70785.0,0.215,Mysore -> Mangalore -> Hubli -> Bangalore -> Pune -> Mumbai,textiles,1191.2,1
170,-46.39,5,False,143.1,62292.0,0.414,Bhubaneswar -> Ranchi -> Patna -> Varanasi -> Ranchi -> Kolkata,textiles,1191.7,1
171,-25.8,5,False,90.3,50615.0,0.486,Jodhpur -> Udaipur -> Indore -> Ahmedabad -> Nashik -> Mumbai,machinery,1192.2,1
172,-38.27,5,False,165.4,48619.0,0.545,Surat -> Mumbai -> Ahmedabad -> Nashik -> Pune -> Mumbai,textiles,1192.6,1
173,-51.73,5,False,432.9,107763.0,0.426,Mysore -> Madurai -> Chennai -> Hyderabad -> Nagpur -> Mumbai,textiles,1193.0,1
174,-44.32,5,False,168.7,60214.0,1.277,Kanpur -> Agra -> Delhi -> Kanpur -> Lucknow -> Delhi,electronics,1193.4,1
175,-64.09,5,False,140.1,61439.0,1.305,Mysore -> Bangalore -> Pune -> Nashik -> Mumbai -> Nagpur,perishables,1193.8,1
176,-46.94,5,False,194.3,67123.0,0.98,Ahmedabad -> Jaipur -> Indore -> Bhopal -> Delhi -> Agra,electronics,1194.2,1
177,-31.55,5,False,187.9,68504.0,0.751,Agra -> Kanpur -> Lucknow -> Patna -> Varanasi -> Ranchi,pharmaceuticals,1194.6,1
178,52.42,1,True,13.5,5681.0,0.126,Kochi -> Thiruvananthapuram,electronics,1194.7,1
179,-39.62,5,False,174.6,41517.0,1.618,Mangalore -> Mysore -> Madurai -> Coimbatore -> Kochi -> Thiruvananthapuram,pharmaceuticals,1195.2,1
180,-24.25,5,False,160.3,82306.0,1.499,Guwahati -> Kolkata -> Ranchi -> Varanasi -> Patna -> Lucknow,pharmaceuticals,1195.6,1
181,-29.58,5,False,169.9,77630.0,0.514,Thiruvananthapuram -> Kochi -> Bangalore -> Chennai -> Visakhapatnam -> Bhubaneswar,machinery,1196.0,1
182,-48.98,2,False,133.7,39865.0,0.379,Bhubaneswar -> Raipur -> Nagpur,perishables,1196.2,1
183,-41.46,5,False,342.0,43559.0,1.913,Surat -> Rajkot -> Ahmedabad -> Udaipur -> Jodhpur -> Jaipur,electronics,1196.6,1
184,-54.35,5,False,171.2,71215.0,0.189,Bhubaneswar -> Ranchi -> Kolkata -> Guwahati -> Kolkata -> Patna,textiles,1197.0,1
185,-23.77,5,False,72.4,37659.0,0.805,Jodhpur -> Jaipur -> Delhi -> Agra -> Gwalior -> Bhopal,electronics,1197.4,1
186,-13.24,5,False,71.5,35322.0,0.064,Amritsar -> Ludhiana -> Delhi -> Agra -> Gwalior -> Bhopal,textiles,1197.8,1
187,-25.46,5,False,87.4,54873.0,0.149,Lucknow -> Delhi -> Chandigarh -> Ludhiana -> Delhi -> Jaipur,textiles,1198.2,1
188,-50.21,5,False,88.5,35547.0,0.585,Delhi -> Ludhiana -> Chandigarh -> Delhi -> Ludhiana -> Chandigarh,fmcg,1198.6,1
189,-52.37,4,False,143.0,38156.0,1.054,Rajkot -> Ahmedabad -> Indore -> Bhopal -> Nagpur,perishables,1199.0,1
190,46.64,4,True,79.5,42950.0,0.243,Kanpur -> Delhi -> Agra -> Gwalior -> Bhopal,electronics,1199.3,1
191,52.5,1,True,11.7,10649.0,0.02,Lucknow -> Agra,machinery,1199.4,1
192,-47.24,5,False,345.1,83572.0,0.448,Patna -> Kolkata -> Ranchi -> Varanasi -> Kanpur -> Delhi,textiles,1199.8,1
193,-41.37,5,False,92.5,62019.0,0.522,Nagpur -> Bhopal -> Indore -> Ahmedabad -> Vadodara -> Surat,machinery,1200.2,1
194,-46.77,5,False,343.7,67089.0,0.772,Raipur -> Bhubaneswar -> Ranchi -> Varanasi -> Patna -> Kolkata,machinery,1200.7,1
195,-37.06,5,False,100.9,60165.0,0.336,Bhopal -> Nagpur -> Jabalpur -> Bhopal -> Delhi -> Ludhiana,machinery,1201.1,1
196,-58.83,5,False,345.9,100298.0,0.367,Mumbai -> Nagpur -> Hyderabad -> Visakhapatnam -> Bhubaneswar -> Raipur,fmcg,1201.5,1
197,39.61,2,True,172.9,28921.0,0.47,Indore -> Jaipur -> Jodhpur,machinery,1201.6,1
198,10.17,5,True,220.9,66800.0,1.467,Jabalpur -> Nagpur -> Raipur -> Jabalpur -> Bhopal -> Gwalior,electronics,1202.1,1
199,-52.32,5,False,155.1,54273.0,0.361,Patna -> Kolkata -> Ranchi -> Varanasi -> Patna -> Ranchi,textiles,1202.7,1
200,-43.88,5,False,69.5,40410.0,1.42,Mumbai -> Surat -> Vadodara -> Ahmedabad -> Mumbai -> Surat,electronics,1203.1,1
201,-31.15,5,False,90.5,54265.0,0.939,Vadodara -> Surat -> Mumbai -> Nashik -> Ahmedabad -> Jaipur,electronics,1206.5,1
202,-27.83,5,False,101.4,60814.0,0.413,Agra -> Lucknow -> Patna -> Ranchi -> Varanasi -> Patna,perishables,1207.2,1
203,43.42,3,True,119.0,42835.0,0.806,Bhopal -> Jabalpur -> Nagpur -> Mumbai,electronics,1207.6,1
204,-21.66,5,True,158.3,74409.0,0.786,Bhopal -> Gwalior -> Agra -> Kanpur -> Delhi -> Jaipur,perishables,1208.2,1
205,-59.78,2,False,182.9,37569.0,0.125,Ranchi -> Kolkata -> Patna,perishables,1208.5,1
206,-33.69,5,False,306.0,75094.0,1.665,Visakhapatnam -> Hyderabad -> Nagpur -> Jabalpur -> Bhopal -> Delhi,electronics,1208.9,1
207,-36.28,5,False,91.9,63873.0,0.343,Visakhapatnam -> Chennai -> Madurai -> Mysore -> Mangalore -> Hubli,machinery,1209.4,1
208,-22.92,5,False,203.4,80641.0,0.323,Guwahati -> Kolkata -> Ranchi -> Bhubaneswar -> Raipur -> Nagpur,textiles,1209.9,1
209,56.35,2,True,12.3,12172.0,0.117,Rajkot -> Ahmedabad -> Vadodara,machinery,1210.0,1
210,-45.19,5,False,116.6,59441.0,0.836,Agra -> Lucknow -> Delhi -> Kanpur -> Agra -> Gwalior,perishables,1210.6,1
211,28.79,5,True,183.0,91014.0,0.345,Bhubaneswar -> Visakhapatnam -> Chennai -> Coimbatore -> Bangalore -> Hubli,machinery,1211.0,1
212,-28.77,5,False,109.5,44373.0,1.272,Jodhpur -> Jaipur -> Ahmedabad -> Vadodara -> Surat -> Mumbai,perishables,1211.6,1
213,-29.8,5,False,122.8,67091.0,1.019,Indore -> Jaipur -> Delhi -> Agra -> Gwalior -> Bhopal,pharmaceuticals,1212.1,1
214,-45.26,5,False,319.7,92387.0,1.038,Madurai -> Mysore -> Bangalore -> Pune -> Nashik -> Mumbai,machinery,1212.6,1
215,-34.19,5,False,72.8,51528.0,0.718,Vadodara -> Ahmedabad -> Indore -> Jaipur -> Delhi -> Kanpur,electronics,1213.0,1
216,-60.35,5,False,215.9,53875.0,1.452,Jabalpur -> Raipur -> Bhubaneswar -> Ranchi -> Patna -> Varanasi,pharmaceuticals,1213.5,1
217,-42.5,5,False,202.3,68868.0,0.418,Kochi -> Bangalore -> Coimbatore -> Kochi -> Bangalore -> Pune,textiles,1214.0,1
218,-51.25,5,False,240.7,66257.0,0.378,Udaipur -> Ahmedabad -> Jaipur -> Indore -> Udaipur -> Ahmedabad,textiles,1214.4,1
219,-25.98,5,False,143.5,47218.0,0.422,Thiruvananthapuram -> Kochi -> Coimbatore -> Madurai -> Chennai -> Bangalore,fmcg,1214.8,1
220,-44.0,5,False,266.5,62425.0,0.632,Gwalior -> Agra -> Delhi -> Bhopal -> Indore -> Ahmedabad,fmcg,1215.2,1
221,-47.39,5,False,226.0,73657.0,1.49,Hubli -> Bangalore -> Hyderabad -> Nagpur -> Mumbai -> Pune,pharmaceuticals,1215.7,1
222,-38.31,5,False,68.7,41534.0,0.401,Mumbai -> Ahmedabad -> Vadodara -> Surat -> Rajkot -> Ahmedabad,electronics,2408.5,1
223,47.61,1,True,58.3,18566.0,0.01,Madurai -> Mysore,textiles,2408.6,1
224,-61.03,5,False,383.6,57340.0,1.891,Madurai -> Mysore -> Mangalore -> Hubli -> Bangalore -> Coimbatore,electronics,2409.0,1
225,55.37,2,True,20.9,16734.0,0.088,Udaipur -> Jodhpur -> Jaipur,fmcg,2409.2,1
226,-70.05,4,False,127.5,53282.0,0.514,Jodhpur -> Jaipur -> Ahmedabad -> Nashik -> Pune,perishables,2409.7,1
227,-58.57,4,False,152.4,50365.0,0.713,Kanpur -> Varanasi -> Patna -> Lucknow -> Delhi,perishables,2410.0,1
228,-23.11,5,False,113.9,50980.0,0.375,Visakhapatnam -> Bhubaneswar -> Raipur -> Jabalpur -> Bhopal -> Indore,fmcg,2410.4,1
229,-55.58,5,False,140.0,37897.0,0.88,Ludhiana -> Amritsar -> Ludhiana -> Chandigarh -> Delhi -> Ludhiana,machinery,2410.9,1
230,34.65,5,True,135.4,53554.0,0.391,Madurai -> Coimbatore -> Bangalore -> Pune -> Nashik -> Mumbai,fmcg,2411.3,1
231,-26.92,5,False,93.3,71532.0,0.885,Bhubaneswar -> Raipur -> Nagpur -> Bhopal -> Delhi -> Ludhiana,electronics,2411.7,1
232,51.61,1,True,20.8,8937.0,0.067,Bangalore -> Coimbatore,textiles,2411.8,1
233,-43.95,5,False,220.3,57417.0,0.394,Visakhapatnam -> Bhubaneswar -> Ranchi -> Patna -> Kolkata -> Bhubaneswar,fmcg,2412.2,1
234,-45.27,5,False,184.4,55448.0,0.329,Jodhpur -> Udaipur -> Indore -> Ahmedabad -> Jaipur -> Jodhpur,textiles,2412.8,1
235,41.43,3,True,47.8,22944.0,0.192,Kochi -> Thiruvananthapuram -> Kochi -> Bangalore,textiles,2413.1,1
236,-46.71,5,False,102.0,43050.0,0.44,Surat -> Rajkot -> Ahmedabad -> Vadodara -> Surat -> Rajkot,fmcg,2413.8,1
237,-14.71,5,False,169.8,82864.0,0.488,Kochi -> Coimbatore -> Chennai -> Visakhapatnam -> Bhubaneswar -> Ranchi,machinery,2414.3,1
238,-38.64,5,False,114.7,69547.0,0.162,Bangalore -> Pune -> Mumbai -> Nagpur -> Raipur -> Jabalpur,textiles,2414.8,1
239,-33.52,5,False,112.9,46503.0,1.666,Varanasi -> Patna -> Lucknow -> Agra -> Kanpur -> Lucknow,electronics,2415.2,1
240,50.39,3,True,101.9,38669.0,0.522,Bhubaneswar -> Ranchi -> Patna -> Lucknow,machinery,2415.5,1
241,43.04,1,True,104.9,13814.0,0.114,Bangalore -> Kochi,fmcg,2415.7,1
242,-34.45,5,False,80.7,41274.0,0.281,Nashik -> Mumbai -> Pune -> Nashik -> Ahmedabad -> Mumbai,textiles,2416.1,1
243,-26.35,5,False,93.1,61232.0,0.409,Rajkot -> Surat -> Vadodara -> Ahmedabad -> Jaipur -> Indore,machinery,2416.5,1
244,-38.38,5,False,118.6,42132.0,0.518,Gwalior -> Agra -> Kanpur -> Lucknow -> Delhi -> Chandigarh,fmcg,2416.9,1
245,-43.13,5,False,199.1,57982.0,1.618,Thiruvananthapuram -> Kochi -> Coimbatore -> Chennai -> Bangalore -> Kochi,pharmaceuticals,2417.4,1
246,-46.02,5,False,179.2,75926.0,1.628,Bangalore -> Coimbatore -> Madurai -> Chennai -> Hyderabad -> Bangalore,electronics,2417.8,1
247,-82.47,5,False,139.8,43567.0,0.655,Jabalpur -> Bhopal -> Gwalior -> Agra -> Delhi -> Chandigarh,perishables,2418.2,1
248,55.01,2,True,24.0,17062.0,0.151,Indore -> Bhopal -> Gwalior,perishables,2418.4,1
249,47.92,4,True,65.7,48327.0,0.129,Udaipur -> Jodhpur -> Jaipur -> Ahmedabad -> Nashik,textiles,2418.7,1
250,-33.52,5,False,106.9,48469.0,0.748,Bangalore -> Hubli -> Mangalore -> Mysore -> Madurai -> Coimbatore,perishables,2419.3,1
251,54.03,4,True,99.7,39923.0,0.569,Jodhpur -> Udaipur -> Indore -> Bhopal -> Gwalior,perishables,2419.7,1
252,-42.89,5,False,200.9,83273.0,0.611,Madurai -> Chennai -> Coimbatore -> Kochi -> Bangalore -> Hubli,machinery,2420.2,1
253,-59.74,5,False,268.0,79396.0,1.117,Lucknow -> Patna -> Kolkata -> Ranchi -> Patna -> Lucknow,machinery,2420.8,1
254,-24.68,5,False,127.3,59457.0,0.349,Thiruvananthapuram -> Kochi -> Coimbatore -> Chennai -> Bangalore -> Pune,textiles,2421.3,1
255,-46.47,5,False,287.2,63637.0,1.673,Jodhpur -> Jaipur -> Indore -> Udaipur -> Ahmedabad -> Indore,electronics,2421.7,1
256,-64.08,2,False,171.5,43560.0,0.455,Chennai -> Visakhapatnam -> Bhubaneswar,perishables,2421.9,1
257,43.74,2,True,135.6,21364.0,0.121,Madurai -> Mysore -> Mangalore,textiles,2422.0,1
258,-34.54,5,False,170.8,74193.0,0.467,Madurai -> Coimbatore -> Bangalore -> Hyderabad -> Visakhapatnam -> Chennai,fmcg,2422.6,1
259,-15.04,5,False,84.3,41565.0,0.738,Udaipur -> Indore -> Bhopal -> Gwalior -> Agra -> Delhi,electronics,2423.1,1
260,53.65,4,True,103.7,34844.0,1.878,Jodhpur -> Udaipur -> Indore -> Bhopal -> Jabalpur,pharmaceuticals,2423.6,1
261,47.55,1,True,59.8,13591.0,0.124,Chennai -> Madurai,perishables,2423.8,1
262,-22.21,5,False,107.2,42916.0,0.417,Thiruvananthapuram -> Kochi -> Coimbatore -> Madurai -> Mysore -> Bangalore,textiles,2424.3,1
263,-32.31,5,False,62.7,26680.0,0.477,Ludhiana -> Amritsar -> Ludhiana -> Chandigarh -> Delhi -> Agra,fmcg,2425.1,1
264,-4.71,5,False,77.4,62778.0,0.167,Indore -> Bhopal -> Nagpur -> Hyderabad -> Bangalore -> Hubli,machinery,2425.6,1
265,-49.45,4,False,160.2,49953.0,0.762,Mangalore -> Hubli -> Bangalore -> Chennai -> Hyderabad,perishables,2426.0,1
266,57.56,4,True,67.8,39969.0,0.914,Amritsar -> Ludhiana -> Delhi -> Bhopal -> Indore,electronics,2426.3,1
267,-27.83,5,False,62.8,41874.0,0.596,Pune -> Mumbai -> Surat -> Rajkot -> Ahmedabad -> Mumbai,pharmaceuticals,2426.9,1
268,-33.62,5,False,164.4,64107.0,0.52,Varanasi -> Ranchi -> Patna -> Varanasi -> Kanpur -> Delhi,machinery,2427.4,1
269,-28.56,5,False,66.5,50998.0,0.766,Nashik -> Ahmedabad -> Rajkot -> Surat -> Mumbai -> Ahmedabad,electronics,2427.9,1
270,-16.1,5,False,89.2,46534.0,1.558,Udaipur -> Jodhpur -> Jaipur -> Delhi -> Agra -> Kanpur,pharmaceuticals,2428.3,1
271,-17.6,5,False,60.4,43271.0,0.538,Nagpur -> Jabalpur -> Bhopal -> Gwalior -> Agra -> Lucknow,perishables,2428.9,1
272,-70.63,4,False,132.2,54508.0,0.318,Ranchi -> Bhubaneswar -> Kolkata -> Ranchi -> Varanasi,perishables,2429.3,1
273,-23.01,5,False,154.5,64246.0,1.264,Patna -> Ranchi -> Varanasi -> Kanpur -> Delhi -> Bhopal,pharmaceuticals,2429.8,1
274,-35.59,5,False,87.7,49542.0,0.674,Bhopal -> Indore -> Ahmedabad -> Udaipur -> Indore -> Ahmedabad,pharmaceuticals,2430.2,1
275,-21.79,5,False,191.0,67333.0,1.324,Vadodara -> Surat -> Mumbai -> Nagpur -> Hyderabad -> Visakhapatnam,electronics,2430.7,1
276,-34.97,5,False,126.9,72073.0,0.246,Bhubaneswar -> Visakhapatnam -> Hyderabad -> Bangalore -> Mysore -> Mangalore,textiles,2431.2,1
277,-42.76,5,False,247.1,82063.0,1.18,Chennai -> Coimbatore -> Bangalore -> Chennai -> Hyderabad -> Nagpur,electronics,2431.8,1
278,-42.28,5,False,202.8,59261.0,0.441,Jabalpur -> Bhopal -> Gwalior -> Agra -> Delhi -> Bhopal,textiles,2432.2,1
279,-36.7,5,False,94.6,47564.0,0.907,Ranchi -> Varanasi -> Kanpur -> Lucknow -> Agra -> Kanpur,perishables,2432.6,1
280,47.17,4,True,168.4,62377.0,0.243,Hyderabad -> Visakhapatnam -> Bhubaneswar -> Kolkata -> Guwahati,textiles,2432.9,1
281,-36.84,5,False,55.6,34253.0,0.516,Amritsar -> Ludhiana -> Delhi -> Chandigarh -> Ludhiana -> Amritsar,electronics,2433.3,1
282,52.32,1,True,12.1,14843.0,0.045,Raipur -> Bhubaneswar,fmcg,2433.4,1
283,-36.19,5,False,140.8,62538.0,0.47,Guwahati -> Kolkata -> Ranchi -> Varanasi -> Patna -> Ranchi,fmcg,2434.0,1
284,35.01,5,True,82.1,49267.0,0.614,Gwalior -> Agra -> Delhi -> Kanpur -> Lucknow -> Patna,electronics,2434.6,1
285,-42.34,5,False,155.1,52794.0,0.502,Gwalior -> Agra -> Kanpur -> Varanasi -> Patna -> Lucknow,machinery,2435.1,1
286,7.77,4,True,136.0,51238.0,0.946,Hyderabad -> Visakhapatnam -> Bhubaneswar -> Ranchi -> Varanasi,perishables,2435.4,1
287,52.07,3,True,87.4,34349.0,0.312,Chandigarh -> Delhi -> Kanpur -> Varanasi,machinery,2435.8,1
288,-48.85,5,False,167.3,68343.0,0.136,Kolkata -> Patna -> Varanasi -> Kanpur -> Lucknow -> Patna,textiles,2436.4,1
289,50.34,2,True,70.9,17020.0,0.12,Amritsar -> Ludhiana -> Delhi,textiles,2436.6,1
290,52.94,2,True,40.5,29447.0,0.262,Jodhpur -> Jaipur -> Delhi,machinery,2436.9,1
291,54.25,2,True,30.7,20271.0,0.15,Mysore -> Bangalore -> Hyderabad,fmcg,2437.2,1
292,-36.08,5,False,180.9,66791.0,1.535,Bhubaneswar -> Kolkata -> Patna -> Ranchi -> Varanasi -> Kanpur,pharmaceuticals,2437.7,1
293,-70.94,5,False,196.1,72888.0,0.802,Mangalore -> Mysore -> Madurai -> Chennai -> Hyderabad -> Nagpur,perishables,2438.2,1
294,-27.07,5,False,146.0,64883.0,1.057,Hyderabad -> Nagpur -> Bhopal -> Gwalior -> Agra -> Lucknow,pharmaceuticals,2438.6,1
295,-24.25,5,False,128.1,43640.0,0.257,Jodhpur -> Udaipur -> Ahmedabad -> Rajkot -> Surat -> Mumbai,textiles,2439.0,1
296,52.05,3,True,39.1,29949.0,0.293,Mysore -> Madurai -> Coimbatore -> Chennai,electronics,2439.4,1
297,-40.66,5,False,43.7,37408.0,0.333,Agra -> Lucknow -> Kanpur -> Agra -> Lucknow -> Kanpur,machinery,2439.9,1
298,-104.76,3,False,488.4,60766.0,1.516,Nashik -> Ahmedabad -> Indore -> Jaipur,pharmaceuticals,2440.2,1
299,-38.1,5,False,162.7,55018.0,0.35,Gwalior -> Bhopal -> Indore -> Udaipur -> Jodhpur -> Jaipur,textiles,2440.6,1
300,-33.07,5,False,102.4,92004.0,0.14,Ranchi -> Kolkata -> Patna -> Lucknow -> Delhi -> Ludhiana,machinery,2441.0,1
301,-38.73,5,False,75.4,26323.0,0.803,Madurai -> Coimbatore -> Kochi -> Thiruvananthapuram -> Kochi -> Coimbatore,perishables,2444.3,1
302,54.57,2,True,28.3,17061.0,0.161,Jabalpur -> Bhopal -> Indore,machinery,2444.5,1
303,-44.08,5,False,260.7,64690.0,2.132,Hyderabad -> Visakhapatnam -> Bhubaneswar -> Raipur -> Jabalpur -> Nagpur,electronics,2444.9,1
304,-18.04,5,False,62.6,33205.0,1.557,Amritsar -> Ludhiana -> Chandigarh -> Delhi -> Agra -> Kanpur,pharmaceuticals,2445.4,1
305,-28.83,5,False,120.5,35511.0,1.441,Vadodara -> Surat -> Mumbai -> Pune -> Nashik -> Ahmedabad,pharmaceuticals,2445.9,1
306,-67.2,3,False,154.5,29253.0,1.038,Coimbatore -> Bangalore -> Hubli -> Mangalore,perishables,2446.1,1
307,-107.67,5,False,437.7,53030.0,0.498,Vadodara -> Surat -> Rajkot -> Ahmedabad -> Indore -> Udaipur,fmcg,2446.5,1
308,-12.68,5,False,59.6,50536.0,0.403,Kanpur -> Lucknow -> Agra -> Delhi -> Bhopal -> Nagpur,pharmaceuticals,2447.0,1
309,33.3,5,True,142.4,53095.0,1.745,Kochi -> Coimbatore -> Bangalore -> Hyderabad -> Nagpur -> Bhopal,electronics,2447.4,1
310,-20.09,5,False,39.8,33057.0,0.223,Chandigarh -> Ludhiana -> Amritsar -> Ludhiana -> Delhi -> Jaipur,machinery,2447.8,1
311,-35.19,5,False,89.4,35811.0,0.356,Ludhiana -> Delhi -> Agra -> Kanpur -> Lucknow -> Agra,textiles,2448.2,1
312,-42.36,5,False,60.1,39444.0,0.327,Lucknow -> Kanpur -> Delhi -> Chandigarh -> Ludhiana -> Amritsar,fmcg,2448.6,1
313,-38.41,5,False,116.7,49497.0,0.51,Jabalpur -> Nagpur -> Bhopal -> Gwalior -> Agra -> Delhi,machinery,2449.1,1
314,-39.26,5,False,117.5,59961.0,1.44,Vadodara -> Ahmedabad -> Jaipur -> Delhi -> Ludhiana -> Amritsar,pharmaceuticals,2449.5,1
315,-34.66,5,False,83.5,39293.0,0.245,Kanpur -> Delhi -> Chandigarh -> Ludhiana -> Amritsar -> Ludhiana,perishables,2449.9,1
316,-27.7,5,False,148.9,85377.0,0.492,Bhubaneswar -> Raipur -> Nagpur -> Mumbai -> Nashik -> Ahmedabad,electronics,2450.4,1
317,-67.88,4,False,145.3,39449.0,0.666,Mumbai -> Pune -> Nashik -> Ahmedabad -> Mumbai,perishables,2450.7,1
318,-35.98,5,False,93.0,51350.0,0.27,Varanasi -> Ranchi -> Patna -> Lucknow -> Kanpur -> Varanasi,fmcg,2451.5,1
319,-32.31,5,False,143.7,68708.0,1.749,Madurai -> Chennai -> Hyderabad -> Bangalore -> Kochi -> Coimbatore,pharmaceuticals,2451.9,1
320,-5.95,3,True,217.3,48441.0,0.646,Madurai -> Chennai -> Visakhapatnam -> Bhubaneswar,perishables,2452.2,1
321,-14.72,5,False,80.0,54382.0,0.19,Amritsar -> Ludhiana -> Delhi -> Bhopal -> Jabalpur -> Raipur,textiles,2452.6,1
322,48.24,2,True,42.4,12336.0,0.302,Bangalore -> Coimbatore -> Kochi,fmcg,2452.7,1
323,-25.77,5,False,139.8,51652.0,0.496,Nashik -> Ahmedabad -> Jaipur -> Delhi -> Agra -> Gwalior,fmcg,2453.2,1
324,44.6,3,True,105.6,55674.0,0.341,Jabalpur -> Raipur -> Nagpur -> Hyderabad,machinery,2453.4,1
325,-45.96,5,False,132.7,85126.0,0.28,Bangalore -> Hyderabad -> Chennai -> Bangalore -> Coimbatore -> Madurai,machinery,2453.9,1
326,53.15,1,True,5.3,3777.0,0.407,Gwalior -> Agra,electronics,2454.0,1
327,54.05,3,True,21.8,23479.0,0.12,Jaipur -> Delhi -> Kanpur -> Lucknow,electronics,2454.3,1
328,-55.94,5,False,235.7,66881.0,0.718,Jabalpur -> Nagpur -> Raipur -> Bhubaneswar -> Kolkata -> Patna,fmcg,2454.8,1
329,-39.02,4,False,120.7,44784.0,0.758,Agra -> Gwalior -> Bhopal -> Nagpur -> Hyderabad,perishables,2455.2,1
330,42.06,4,True,170.7,52795.0,0.556,Hubli -> Bangalore -> Pune -> Nashik -> Mumbai,machinery,2455.5,1
331,-113.4,5,False,413.9,99892.0,0.612,Pune -> Bangalore -> Hyderabad -> Chennai -> Coimbatore -> Bangalore,fmcg,2455.9,1
332,-31.37,5,False,95.6,38787.0,1.284,Varanasi -> Kanpur -> Agra -> Delhi -> Ludhiana -> Amritsar,pharmaceuticals,2456.3,1
333,-19.93,5,False,126.8,68144.0,0.412,Agra -> Gwalior -> Bhopal -> Jabalpur -> Raipur -> Nagpur,machinery,2456.7,1
334,-25.12,5,False,81.7,48499.0,0.98,Varanasi -> Kanpur -> Delhi -> Agra -> Gwalior -> Bhopal,pharmaceuticals,2457.3,1
335,38.38,2,True,178.4,43094.0,0.626,Varanasi -> Patna -> Kolkata,pharmaceuticals,2457.4,1
336,53.5,4,True,62.5,32134.0,0.563,Indore -> Bhopal -> Gwalior -> Agra -> Lucknow,electronics,2457.8,1
337,-74.45,2,False,371.6,35615.0,1.651,Delhi -> Bhopal -> Nagpur,pharmaceuticals,2457.9,1
338,51.18,1,True,24.4,9378.0,0.201,Indore -> Udaipur,electronics,2458.0,1
339,57.77,3,True,31.2,29364.0,0.474,Jaipur -> Delhi -> Ludhiana -> Amritsar,pharmaceuticals,2458.3,1
340,-46.07,3,False,143.7,51297.0,0.355,Madurai -> Chennai -> Bangalore -> Pune,perishables,2458.6,1
341,6.69,5,True,292.0,128379.0,0.52,Kolkata -> Guwahati -> Kolkata -> Bhubaneswar -> Visakhapatnam -> Chennai,machinery,2459.1,1
342,-36.84,5,False,141.5,63315.0,1.578,Bangalore -> Pune -> Mumbai -> Surat -> Vadodara -> Ahmedabad,electronics,2459.5,1
343,-40.53,5,False,136.4,47473.0,0.944,Chandigarh -> Delhi -> Kanpur -> Varanasi -> Patna -> Ranchi,pharmaceuticals,2459.9,1
344,-92.34,5,False,204.9,40248.0,1.331,Mangalore -> Mysore -> Bangalore -> Hubli -> Mangalore -> Mysore,perishables,3862.6,1
345,-33.52,5,False,118.0,48226.0,0.543,Pune -> Mumbai -> Nashik -> Pune -> Mumbai -> Ahmedabad,textiles,3863.0,1
346,-29.7,5,False,213.3,100102.0,0.74,Mangalore -> Hubli -> Bangalore -> Pune -> Mumbai -> Surat,machinery,3863.4,1
347,-37.08,5,False,61.1,29013.0,0.196,Coimbatore -> Kochi -> Thiruvananthapuram -> Kochi -> Coimbatore -> Madurai,textiles,3863.9,1
348,-30.97,5,False,97.5,37654.0,0.189,Kochi -> Thiruvananthapuram -> Kochi -> Coimbatore -> Bangalore -> Chennai,textiles,3864.3,1
349,-33.81,5,False,70.6,45626.0,0.763,Agra -> Delhi -> Lucknow -> Kanpur -> Varanasi -> Patna,perishables,3864.7,1
350,-39.45,5,False,218.5,82058.0,0.276,Bhubaneswar -> Ranchi -> Patna -> Lucknow -> Delhi -> Jaipur,textiles,3865.1,1
351,45.05,4,True,138.0,62553.0,0.537,Coimbatore -> Bangalore -> Hyderabad -> Visakhapatnam -> Bhubaneswar,machinery,3865.5,1
352,-42.04,5,False,197.7,69338.0,0.377,Coimbatore -> Madurai -> Mysore -> Bangalore -> Hyderabad -> Visakhapatnam,textiles,3865.9,1
353,-58.69,5,False,357.1,77429.0,1.328,Hyderabad -> Visakhapatnam -> Chennai -> Bangalore -> Hyderabad -> Nagpur,electronics,3866.4,1
354,52.57,1,True,10.2,12982.0,0.045,Lucknow -> Delhi,pharmaceuticals,3866.5,1
355,54.49,2,True,25.8,29606.0,0.09,Kolkata -> Patna -> Lucknow,pharmaceuticals,3866.7,1
356,33.29,5,True,100.5,48348.0,0.412,Varanasi -> Kanpur -> Lucknow -> Agra -> Delhi -> Ludhiana,fmcg,3867.1,1
357,-18.89,5,False,72.1,38274.0,1.066,Chandigarh -> Delhi -> Agra -> Gwalior -> Bhopal -> Jabalpur,pharmaceuticals,3867.5,1
358,49.33,2,True,71.0,48633.0,0.235,Indore -> Ahmedabad -> Mumbai,pharmaceuticals,3867.7,1
359,-27.66,5,False,154.1,54500.0,1.228,Ranchi -> Patna -> Varanasi -> Kanpur -> Delhi -> Chandigarh,electronics,3868.1,1
360,-51.5,5,False,135.4,84438.0,0.853,Hyderabad -> Visakhapatnam -> Chennai -> Hyderabad -> Bangalore -> Hubli,pharmaceuticals,3868.5,1
361,-58.32,5,False,211.0,59085.0,0.9,Agra -> Gwalior -> Bhopal -> Jabalpur -> Raipur -> Bhubaneswar,machinery,3868.9,1
362,53.65,3,True,26.5,19011.0,0.254,Kochi -> Coimbatore -> Bangalore -> Mysore,machinery,3869.2,1
363,-41.31,5,False,139.0,66621.0,0.824,Patna -> Varanasi -> Kanpur -> Delhi -> Lucknow -> Patna,pharmaceuticals,3869.6,1
364,50.64,1,True,26.8,22051.0,0.04,Mumbai -> Nagpur,electronics,3869.7,1
365,-30.9,5,False,45.6,39498.0,0.311,Lucknow -> Delhi -> Chandigarh -> Ludhiana -> Amritsar -> Ludhiana,fmcg,3870.2,1
366,-20.7,5,False,89.0,39754.0,1.205,Lucknow -> Kanpur -> Agra -> Gwalior -> Bhopal -> Jabalpur,electronics,3870.6,1
367,-39.46,5,False,217.0,70368.0,1.3,Ranchi -> Bhubaneswar -> Visakhapatnam -> Hyderabad -> Chennai -> Coimbatore,electronics,3871.0,1
368,-55.6,1,False,123.0,27931.0,0.314,Pune -> Bangalore,perishables,3871.1,1
369,-38.99,5,False,220.9,60439.0,0.157,Kochi -> Coimbatore -> Chennai -> Madurai -> Mysore -> Bangalore,textiles,3871.5,1
370,55.92,3,True,49.7,32433.0,0.271,Vadodara -> Ahmedabad -> Jaipur -> Jodhpur,electronics,3871.7,1
371,37.52,2,True,192.6,37225.0,0.221,Pune -> Bangalore -> Kochi,textiles,3871.9,1
372,-19.54,5,False,169.0,66146.0,1.3,Kanpur -> Varanasi -> Ranchi -> Bhubaneswar -> Visakhapatnam -> Chennai,electronics,3872.3,1
373,-41.38,5,False,96.8,39077.0,1.074,Ahmedabad -> Rajkot -> Surat -> Mumbai -> Nashik -> Pune,electronics,3872.8,1
374,-36.97,5,False,154.2,45986.0,0.337,Jaipur -> Jodhpur -> Udaipur -> Indore -> Bhopal -> Gwalior,textiles,3873.2,1
375,31.64,5,True,153.9,72176.0,1.614,Nagpur -> Jabalpur -> Raipur -> Bhubaneswar -> Kolkata -> Guwahati,pharmaceuticals,3873.6,1
376,-24.37,5,False,81.6,36159.0,0.261,Vadodara -> Surat -> Rajkot -> Ahmedabad -> Udaipur -> Indore,fmcg,3874.0,1
377,-83.84,3,False,321.2,26933.0,0.721,Kochi -> Thiruvananthapuram -> Kochi -> Coimbatore,pharmaceuticals,3874.4,1
378,54.99,2,True,24.5,17411.0,0.08,Gwalior -> Agra -> Lucknow,electronics,3874.6,1
379,-27.47,5,False,239.6,87099.0,1.788,Thiruvananthapuram -> Kochi -> Bangalore -> Hyderabad -> Nagpur -> Mumbai,electronics,3875.1,1
380,-27.28,5,False,103.2,48233.0,1.032,Hubli -> Bangalore -> Mysore -> Madurai -> Coimbatore -> Chennai,pharmaceuticals,3875.6,1
381,-55.07,1,False,120.8,16190.0,0.552,Indore -> Jaipur,perishables,3875.7,1
382,-43.72,5,False,161.0,66883.0,1.231,Mysore -> Bangalore -> Hyderabad -> Visakhapatnam -> Bhubaneswar -> Raipur,electronics,3876.1,1
383,55.36,3,True,53.3,42142.0,0.102,Visakhapatnam -> Hyderabad -> Nagpur -> Jabalpur,machinery,3876.5,1
384,-28.74,5,False,163.8,72101.0,0.391,Madurai -> Chennai -> Visakhapatnam -> Hyderabad -> Nagpur -> Raipur,fmcg,3876.9,1
385,-49.0,5,False,258.9,69426.0,2.045,Patna -> Varanasi -> Ranchi -> Kolkata -> Guwahati -> Kolkata,electronics,3877.3,1
386,59.31,4,True,53.4,40922.0,0.237,Amritsar -> Ludhiana -> Delhi -> Kanpur -> Varanasi,machinery,3877.6,1
387,52.05,1,True,15.9,9592.0,0.139,Nagpur -> Bhopal,perishables,3877.7,1
388,50.18,1,True,33.0,15629.0,0.113,Nagpur -> Hyderabad,textiles,3877.8,1
389,-36.8,5,False,290.5,69924.0,0.43,Varanasi -> Ranchi -> Patna -> Kolkata -> Bhubaneswar -> Visakhapatnam,fmcg,3878.3,1
390,-36.29,5,False,145.0,40621.0,1.15,Madurai -> Coimbatore -> Kochi -> Bangalore -> Mysore -> Mangalore,machinery,3878.7,1
391,-48.53,4,False,148.9,57201.0,1.058,Kochi -> Coimbatore -> Bangalore -> Hyderabad -> Nagpur,perishables,3879.0,1
392,40.18,5,True,77.0,66839.0,0.241,Bhopal -> Gwalior -> Agra -> Lucknow -> Patna -> Ranchi,machinery,3879.4,1
393,51.93,4,True,80.2,31663.0,0.202,Varanasi -> Kanpur -> Delhi -> Agra -> Gwalior,textiles,3879.8,1
394,-27.74,5,False,106.9,49014.0,1.153,Ranchi -> Patna -> Lucknow -> Agra -> Gwalior -> Bhopal,pharmaceuticals,3880.2,1
395,54.97,2,True,23.7,19769.0,0.131,Udaipur -> Ahmedabad -> Nashik,textiles,3880.3,1
396,-37.38,5,False,244.2,83133.0,0.94,Lucknow -> Patna -> Kolkata -> Bhubaneswar -> Raipur -> Jabalpur,electronics,3880.7,1
397,-19.43,5,False,77.1,44605.0,0.758,Delhi -> Kanpur -> Agra -> Gwalior -> Bhopal -> Nagpur,electronics,3881.2,1
398,56.52,2,True,11.2,10835.0,0.06,Kanpur -> Agra -> Gwalior,perishables,3881.3,1
399,52.73,4,True,111.8,56844.0,0.778,Nashik -> Mumbai -> Nagpur -> Hyderabad -> Visakhapatnam,electronics,3881.8,1
400,-30.37,5,False,132.2,64651.0,0.428,Hyderabad -> Nagpur -> Jabalpur -> Bhopal -> Nagpur -> Mumbai,textiles,3882.3,1
401,-105.24,5,False,266.6,46585.0,1.156,Coimbatore -> Kochi -> Thiruvananthapuram -> Kochi -> Coimbatore -> Chennai,perishables,3886.2,1
402,53.09,2,True,38.3,35152.0,0.06,Agra -> Lucknow -> Patna,perishables,3886.4,1
403,-43.19,5,False,105.8,74442.0,0.741,Chandigarh -> Delhi -> Agra -> Kanpur -> Delhi -> Agra,pharmaceuticals,3886.9,1
404,44.29,4,True,144.8,60262.0,0.834,Mangalore -> Hubli -> Bangalore -> Chennai -> Hyderabad,electronics,3887.2,1
405,48.93,4,True,151.6,55978.0,0.457,Gwalior -> Bhopal -> Nagpur -> Mumbai -> Pune,electronics,3887.5,1
406,-63.48,5,False,143.4,36059.0,1.745,Rajkot -> Ahmedabad -> Udaipur -> Jodhpur -> Jaipur -> Delhi,perishables,3888.1,1
407,-19.19,5,False,166.2,75857.0,0.59,Vadodara -> Surat -> Mumbai -> Nagpur -> Hyderabad -> Visakhapatnam,fmcg,3888.6,1
408,-52.99,5,False,301.9,64271.0,0.624,Kochi -> Thiruvananthapuram -> Kochi -> Bangalore -> Chennai -> Hyderabad,fmcg,3889.1,1
409,-10.86,5,False,87.1,67410.0,0.252,Varanasi -> Patna -> Lucknow -> Delhi -> Jaipur -> Ahmedabad,machinery,3889.6,1
410,16.73,5,True,235.6,63185.0,1.689,Thiruvananthapuram -> Kochi -> Coimbatore -> Chennai -> Bangalore -> Hyderabad,pharmaceuticals,3890.0,1
411,-38.87,5,False,115.7,54410.0,1.323,Indore -> Bhopal -> Jabalpur -> Nagpur -> Bhopal -> Delhi,pharmaceuticals,3890.4,1
412,-27.25,5,False,56.2,50519.0,0.227,Pune -> Nashik -> Ahmedabad -> Mumbai -> Nashik -> Ahmedabad,textiles,3890.8,1
413,-29.06,5,False,123.0,51953.0,0.417,Hubli -> Bangalore -> Pune -> Mumbai -> Nashik -> Pune,fmcg,3891.3,1
414,-59.85,4,False,120.7,44462.0,0.857,Udaipur -> Indore -> Jaipur -> Delhi -> Agra,perishables,3891.6,1
415,-45.56,5,False,89.9,49927.0,0.131,Bhopal -> Delhi -> Ludhiana -> Chandigarh -> Delhi -> Agra,textiles,3892.0,1
416,50.83,1,True,29.0,6904.0,0.126,Udaipur -> Jodhpur,textiles,3892.1,1
417,36.54,4,True,222.7,59454.0,0.826,Chennai -> Bangalore -> Hyderabad -> Nagpur -> Raipur,machinery,3892.5,1
418,56.11,2,True,14.1,15565.0,0.027,Coimbatore -> Madurai -> Mysore,textiles,3892.8,1
419,-35.38,5,False,89.9,34648.0,0.699,Vadodara -> Ahmedabad -> Rajkot -> Surat -> Vadodara -> Ahmedabad,machinery,3893.3,1
420,-36.63,5,False,95.6,42641.0,1.582,Agra -> Delhi -> Lucknow -> Kanpur -> Delhi -> Chandigarh,electronics,3893.8,1
421,-45.98,5,False,147.4,32687.0,0.521,Coimbatore -> Kochi -> Thiruvananthapuram -> Kochi -> Coimbatore -> Madurai,fmcg,3894.2,1
422,-39.11,5,False,77.3,34684.0,0.671,Mysore -> Madurai -> Coimbatore -> Bangalore -> Mysore -> Mangalore,perishables,3894.7,1
423,-35.77,5,False,186.7,65293.0,0.281,Rajkot -> Surat -> Mumbai -> Nagpur -> Raipur -> Bhubaneswar,textiles,3895.1,1
424,-27.28,5,False,103.5,56737.0,0.459,Jaipur -> Jodhpur -> Udaipur -> Indore -> Bhopal -> Jabalpur,machinery,3895.5,1
425,3.81,3,True,135.9,70827.0,0.454,Nashik -> Pune -> Bangalore -> Hubli,perishables,3895.7,1
426,-44.33,5,False,166.6,72125.0,1.027,Bangalore -> Hubli -> Mangalore -> Mysore -> Madurai -> Coimbatore,pharmaceuticals,3896.1,1
427,-85.62,5,False,257.3,82106.0,0.718,Kanpur -> Delhi -> Chandigarh -> Ludhiana -> Delhi -> Bhopal,pharmaceuticals,3896.6,1
428,56.46,3,True,47.5,24474.0,0.11,Pune -> Nashik -> Ahmedabad -> Udaipur,textiles,3896.9,1
429,-16.22,5,False,93.1,57377.0,0.373,Thiruvananthapuram -> Kochi -> Coimbatore -> Bangalore -> Hyderabad -> Nagpur,machinery,3897.3,1
430,51.51,1,True,21.3,11069.0,0.059,Bhopal -> Gwalior,textiles,3897.4,1
431,-38.93,5,False,126.5,38457.0,0.259,Chennai -> Bangalore -> Mysore -> Madurai -> Coimbatore -> Kochi,textiles,3897.8,1
432,51.85,1,True,17.7,9637.0,0.183,Raipur -> Jabalpur,machinery,3897.9,1
433,-30.67,5,False,134.7,60657.0,0.768,Ranchi -> Patna -> Varanasi -> Kanpur -> Delhi -> Ludhiana,pharmaceuticals,3898.4,1
434,-27.94,5,False,207.3,64500.0,0.542,Mysore -> Madurai -> Chennai -> Bangalore -> Pune -> Nashik,textiles,3898.7,1
435,-27.48,5,False,192.8,72127.0,1.252,Kolkata -> Ranchi -> Bhubaneswar -> Visakhapatnam -> Hyderabad -> Nagpur,pharmaceuticals,3899.2,1
436,-61.44,4,False,174.8,46116.0,1.107,Nagpur -> Jabalpur -> Bhopal -> Indore -> Jaipur,perishables,3899.5,1
437,52.94,1,True,7.9,8615.0,0.02,Jaipur -> Delhi,machinery,3899.6,1
438,35.18,5,True,121.7,63612.0,1.473,Hyderabad -> Nagpur -> Mumbai -> Nashik -> Ahmedabad -> Vadodara,pharmaceuticals,3900.0,1
439,-65.72,4,False,196.0,54250.0,0.485,Mysore -> Mangalore -> Hubli -> Bangalore -> Pune,perishables,3900.3,1
440,34.5,5,True,174.7,70434.0,1.828,Vadodara -> Surat -> Mumbai -> Nagpur -> Hyderabad -> Visakhapatnam,electronics,3900.7,1
441,-42.96,5,False,197.6,60697.0,1.328,Nashik -> Ahmedabad -> Jaipur -> Jodhpur -> Udaipur -> Ahmedabad,pharmaceuticals,3901.1,1
442,57.84,3,True,32.0,31531.0,0.03,Ludhiana -> Delhi -> Kanpur -> Varanasi,textiles,3901.4,1
443,51.18,2,True,57.3,13811.0,1.355,Coimbatore -> Kochi -> Thiruvananthapuram,pharmaceuticals,3901.6,1
444,-43.64,5,False,220.5,47280.0,0.358,Coimbatore -> Kochi -> Thiruvananthapuram -> Kochi -> Bangalore -> Hyderabad,textiles,3902.0,1
445,36.13,5,True,116.7,64698.0,0.529,Guwahati -> Kolkata -> Ranchi -> Varanasi -> Kanpur -> Agra,machinery,3902.4,1
446,58.71,3,True,23.8,28846.0,0.09,Nashik -> Ahmedabad -> Indore -> Bhopal,perishables,3902.8,1
447,-67.2,4,False,138.8,77779.0,0.33,Raipur -> Bhubaneswar -> Visakhapatnam -> Hyderabad -> Chennai,perishables,3903.3,1
448,47.05,2,True,54.1,14862.0,0.194,Chandigarh -> Ludhiana -> Delhi,textiles,3903.5,1
449,38.68,2,True,131.0,31406.0,0.557,Ahmedabad -> Indore -> Udaipur,pharmaceuticals,3903.7,1
450,46.32,2,True,56.6,27510.0,0.385,Lucknow -> Delhi -> Agra,electronics,3904.0,1
451,-12.18,5,False,56.8,45594.0,0.28,Kanpur -> Varanasi -> Patna -> Ranchi -> Kolkata -> Bhubaneswar,electronics,3904.5,1
452,-22.84,5,False,60.4,58364.0,0.104,Patna -> Lucknow -> Agra -> Gwalior -> Bhopal -> Indore,textiles,3904.9,1
453,-39.54,5,False,76.0,47700.0,1.014,Raipur -> Nagpur -> Bhopal -> Jabalpur -> Nagpur -> Bhopal,pharmaceuticals,3905.4,1
454,32.5,5,True,200.4,76399.0,0.345,Rajkot -> Surat -> Mumbai -> Nagpur -> Raipur -> Bhubaneswar,textiles,3905.8,1
455,35.5,4,True,189.6,45945.0,0.327,Visakhapatnam -> Bhubaneswar -> Raipur -> Jabalpur -> Nagpur,fmcg,3906.1,1
456,45.55,4,True,134.6,60292.0,0.356,Raipur -> Bhubaneswar -> Visakhapatnam -> Hyderabad -> Chennai,fmcg,3906.5,1
457,-35.46,5,False,42.4,32987.0,0.471,Gwalior -> Agra -> Kanpur -> Delhi -> Agra -> Gwalior,pharmaceuticals,3906.9,1
458,52.77,4,True,110.2,53014.0,1.238,Hyderabad -> Nagpur -> Mumbai -> Surat -> Vadodara,electronics,3907.3,1
459,-30.22,5,False,136.8,44235.0,0.434,Agra -> Gwalior -> Bhopal -> Indore -> Udaipur -> Jodhpur,fmcg,3907.7,1
460,-46.18,5,False,146.1,44292.0,0.492,Mumbai -> Surat -> Vadodara -> Ahmedabad -> Rajkot -> Surat,textiles,3908.2,1
461,-31.17,5,False,94.3,53683.0,0.275,Udaipur -> Indore -> Bhopal -> Delhi -> Agra -> Kanpur,fmcg,3908.7,1
462,50.04,2,True,23.4,19327.0,0.082,Raipur -> Jabalpur -> Nagpur,machinery,3908.8,1
463,54.06,2,True,32.0,22390.0,0.123,Hyderabad -> Nagpur -> Bhopal,pharmaceuticals,3909.0,1
464,32.09,3,True,284.1,45772.0,0.253,Kochi -> Bangalore -> Hyderabad -> Visakhapatnam,textiles,3909.4,1
465,47.78,1,True,53.7,23831.0,0.274,Mumbai -> Nagpur,pharmaceuticals,3909.5,1
466,55.77,2,True,15.9,20191.0,0.08,Lucknow -> Delhi -> Jaipur,electronics,3909.7,1
467,-29.45,5,False,219.4,74076.0,0.565,Ludhiana -> Delhi -> Bhopal -> Jabalpur -> Raipur -> Nagpur,textiles,3910.2,1
468,50.14,2,True,21.6,18354.0,0.303,Nagpur -> Jabalpur -> Raipur,pharmaceuticals,3910.5,1
469,39.48,4,True,198.0,52297.0,0.293,Varanasi -> Patna -> Ranchi -> Bhubaneswar -> Raipur,textiles,3910.9,1
470,-32.72,5,False,248.7,77819.0,1.037,Mangalore -> Hubli -> Bangalore -> Hyderabad -> Nagpur -> Mumbai,electronics,3911.5,1
471,24.09,5,True,188.9,59812.0,0.444,Patna -> Lucknow -> Kanpur -> Delhi -> Bhopal -> Gwalior,fmcg,5324.7,1
472,-14.91,5,False,80.8,53731.0,0.427,Gwalior -> Agra -> Delhi -> Kanpur -> Varanasi -> Patna,pharmaceuticals,5325.2,1
473,-41.79,5,False,147.7,64975.0,0.128,Ahmedabad -> Indore -> Bhopal -> Delhi -> Jaipur -> Ahmedabad,textiles,5325.6,1
474,47.51,4,True,112.0,58160.0,1.099,Jaipur -> Delhi -> Kanpur -> Varanasi -> Patna,electronics,5325.9,1
475,-8.23,5,False,112.4,45788.0,1.245,Amritsar -> Ludhiana -> Delhi -> Kanpur -> Varanasi -> Ranchi,electronics,5326.4,1
476,57.29,3,True,40.4,15697.0,0.404,Surat -> Vadodara -> Ahmedabad -> Udaipur,perishables,5326.6,1
477,-28.31,5,False,66.9,44218.0,0.585,Chandigarh -> Ludhiana -> Delhi -> Lucknow -> Kanpur -> Varanasi,machinery,5327.2,1
478,50.48,3,True,53.1,38650.0,0.098,Mumbai -> Nashik -> Ahmedabad -> Vadodara,textiles,5327.6,1
479,-18.9,5,False,110.4,53757.0,0.664,Madurai -> Mysore -> Bangalore -> Pune -> Nashik -> Ahmedabad,perishables,5328.2,1
480,-30.45,5,False,86.5,45607.0,0.702,Mangalore -> Hubli -> Bangalore -> Kochi -> Thiruvananthapuram -> Kochi,perishables,5328.7,1
481,53.93,3,True,68.9,36955.0,0.156,Jaipur -> Indore -> Bhopal -> Gwalior,fmcg,5329.0,1
482,-42.92,5,False,156.1,70109.0,0.418,Jodhpur -> Udaipur -> Ahmedabad -> Jaipur -> Jodhpur -> Udaipur,machinery,5329.6,1
483,14.08,5,True,326.7,98289.0,0.607,Guwahati -> Kolkata -> Bhubaneswar -> Visakhapatnam -> Chennai -> Hyderabad,machinery,5330.2,1
484,42.37,5,True,58.7,54948.0,0.233,Pune -> Nashik -> Ahmedabad -> Indore -> Bhopal -> Gwalior,machinery,5330.7,1
485,36.9,5,True,158.4,60183.0,0.908,Thiruvananthapuram -> Kochi -> Bangalore -> Pune -> Mumbai -> Surat,pharmaceuticals,5331.2,1
486,50.21,2,True,66.3,27961.0,0.648,Visakhapatnam -> Bhubaneswar -> Ranchi,pharmaceuticals,5331.5,1
487,53.75,2,True,31.7,34043.0,0.11,Chennai -> Hyderabad -> Nagpur,machinery,5331.7,1
488,-31.95,5,False,145.0,67344.0,0.86,Bhubaneswar -> Raipur -> Jabalpur -> Nagpur -> Hyderabad -> Visakhapatnam,electronics,5332.2,1
489,48.37,2,True,81.3,35161.0,0.892,Bangalore -> Pune -> Nashik,pharmaceuticals,5332.4,1
490,52.05,1,True,15.1,14120.0,0.015,Hubli -> Bangalore,fmcg,5332.5,1
491,50.63,2,True,65.4,19520.0,0.471,Nashik -> Ahmedabad -> Rajkot,perishables,5332.7,1
492,54.85,2,True,27.4,12679.0,0.06,Vadodara -> Surat -> Mumbai,machinery,5333.0,1
493,-11.54,5,False,51.7,42357.0,0.206,Patna -> Lucknow -> Kanpur -> Agra -> Delhi -> Jaipur,textiles,5333.6,1
494,-57.34,5,False,329.2,90804.0,0.259,Lucknow -> Patna -> Kolkata -> Guwahati -> Kolkata -> Bhubaneswar,fmcg,5334.0,1
495,57.13,3,True,40.3,21633.0,0.392,Pune -> Mumbai -> Surat -> Rajkot,fmcg,5334.2,1
496,-53.01,5,False,210.4,58146.0,0.455,Bhubaneswar -> Kolkata -> Patna -> Varanasi -> Kanpur -> Lucknow,fmcg,5334.6,1
497,-33.87,5,False,76.7,37836.0,0.142,Chandigarh -> Delhi -> Ludhiana -> Chandigarh -> Delhi -> Jaipur,textiles,5335.1,1
498,-53.12,2,False,128.5,27822.0,0.413,Kochi -> Bangalore -> Chennai,perishables,5335.2,1
499,-31.02,5,False,137.6,63509.0,0.726,Patna -> Ranchi -> Varanasi -> Kanpur -> Delhi -> Ludhiana,electronics,5335.6,1
500,53.25,3,True,70.7,49831.0,0.361,Guwahati -> Kolkata -> Bhubaneswar -> Raipur,perishables,5335.9,1
501,-79.36,4,False,363.3,83606.0,0.583,Bhubaneswar -> Visakhapatnam -> Hyderabad -> Nagpur -> Mumbai,fmcg,5340.1,1
502,53.41,1,True,4.9,2998.0,0.02,Chandigarh -> Ludhiana,machinery,5340.2,1
503,54.57,3,True,61.4,34349.0,0.509,Raipur -> Bhubaneswar -> Ranchi -> Patna,pharmaceuticals,5340.5,1
504,49.02,2,True,81.9,24130.0,0.129,Delhi -> Jaipur -> Indore,perishables,5340.6,1
505,-19.58,5,False,79.7,34105.0,1.162,Thiruvananthapuram -> Kochi -> Coimbatore -> Madurai -> Mysore -> Bangalore,pharmaceuticals,5341.1,1
506,50.67,1,True,29.7,5479.0,0.385,Coimbatore -> Kochi,perishables,5341.2,1
507,-42.62,4,True,442.7,55334.0,1.101,Lucknow -> Patna -> Kolkata -> Bhubaneswar -> Ranchi,perishables,5341.5,1
508,40.24,1,True,121.0,54578.0,0.06,Bangalore -> Pune,machinery,5341.6,1
509,29.39,5,True,43.6,39293.0,0.135,Chandigarh -> Ludhiana -> Amritsar -> Ludhiana -> Delhi -> Jaipur,fmcg,5342.1,1
510,46.48,1,True,67.9,23395.0,0.045,Pune -> Bangalore,fmcg,5342.4,1
511,48.24,1,True,52.3,15175.0,0.139,Jabalpur -> Bhopal,electronics,5342.8,1
512,40.29,4,True,89.2,46638.0,0.78,Varanasi -> Patna -> Lucknow -> Agra -> Kanpur,electronics,5343.5,1
513,-60.64,5,False,230.1,58645.0,1.758,Nagpur -> Hyderabad -> Bangalore -> Coimbatore -> Kochi -> Bangalore,electronics,5344.1,1
514,49.41,2,True,78.3,23395.0,0.118,Lucknow -> Patna -> Varanasi,textiles,5344.2,1
515,32.39,5,True,107.4,43085.0,1.139,Jaipur -> Jodhpur -> Udaipur -> Ahmedabad -> Nashik -> Pune,pharmaceuticals,5344.8,1
516,-19.41,5,False,79.6,42401.0,0.361,Rajkot -> Ahmedabad -> Vadodara -> Surat -> Mumbai -> Nagpur,fmcg,5345.3,1
517,58.46,3,True,27.8,20437.0,0.289,Agra -> Gwalior -> Bhopal -> Indore,perishables,5345.6,1
518,-63.28,5,False,409.4,71932.0,0.383,Guwahati -> Kolkata -> Bhubaneswar -> Ranchi -> Kolkata -> Bhubaneswar,textiles,5346.0,1
519,-36.55,5,False,193.5,62855.0,0.642,Kochi -> Thiruvananthapuram -> Kochi -> Bangalore -> Hyderabad -> Nagpur,machinery,5346.4,1
520,-40.94,5,False,136.0,60250.0,1.067,Agra -> Kanpur -> Varanasi -> Patna -> Lucknow -> Agra,electronics,5346.8,1
521,-39.11,5,False,120.2,49170.0,1.225,Varanasi -> Kanpur -> Agra -> Delhi -> Kanpur -> Agra,electronics,5347.3,1
522,52.49,1,True,12.2,4826.0,0.301,Nashik -> Mumbai,electronics,5347.4,1
523,-18.42,5,False,111.2,71434.0,0.321,Mangalore -> Hubli -> Bangalore -> Chennai -> Visakhapatnam -> Hyderabad,fmcg,5347.8,1
524,-11.91,5,False,142.4,74311.0,0.881,Ranchi -> Bhubaneswar -> Visakhapatnam -> Chennai -> Coimbatore -> Kochi,pharmaceuticals,5348.3,1
525,-30.59,5,False,44.6,27161.0,0.614,Chandigarh -> Ludhiana -> Amritsar -> Ludhiana -> Chandigarh -> Delhi,machinery,5348.7,1
526,-94.11,5,False,275.8,84782.0,2.337,Raipur -> Nagpur -> Hyderabad -> Bangalore -> Pune -> Nashik,pharmaceuticals,5349.1,1
527,-15.1,5,False,82.5,45195.0,0.99,Chandigarh -> Ludhiana -> Delhi -> Agra -> Kanpur -> Varanasi,perishables,5349.5,1
528,56.73,3,True,41.4,33197.0,0.273,Pune -> Mumbai -> Nagpur -> Jabalpur,electronics,5349.8,1
529,-35.36,5,False,319.8,79819.0,0.466,Kochi -> Bangalore -> Hyderabad -> Nagpur -> Jabalpur -> Bhopal,fmcg,5350.3,1
530,-56.16,5,False,276.9,111219.0,0.264,Visakhapatnam -> Chennai -> Hyderabad -> Bangalore -> Kochi -> Thiruvananthapuram,textiles,5350.7,1
531,-36.8,5,False,58.5,27543.0,0.231,Amritsar -> Ludhiana -> Delhi -> Chandigarh -> Ludhiana -> Amritsar,fmcg,5351.2,1
532,-95.77,4,False,312.8,38217.0,2.086,Ranchi -> Patna -> Varanasi -> Ranchi -> Patna,pharmaceuticals,5351.5,1
533,54.27,2,True,30.7,20997.0,0.06,Varanasi -> Patna -> Kolkata,perishables,5351.7,1
534,-51.01,4,False,208.8,56927.0,0.513,Mangalore -> Mysore -> Bangalore -> Hyderabad -> Nagpur,perishables,5352.1,1
535,-28.2,5,False,109.6,49974.0,1.494,Jodhpur -> Udaipur -> Indore -> Jaipur -> Delhi -> Ludhiana,pharmaceuticals,5352.5,1
536,-32.14,5,False,254.6,44857.0,0.605,Delhi -> Agra -> Gwalior -> Bhopal -> Nagpur -> Hyderabad,fmcg,5352.9,1
537,29.58,5,True,177.7,83498.0,0.296,Chennai -> Visakhapatnam -> Hyderabad -> Nagpur -> Bhopal -> Gwalior,fmcg,5353.3,1
538,-16.94,5,False,100.6,60550.0,0.12,Chennai -> Bangalore -> Hyderabad -> Nagpur -> Jabalpur -> Bhopal,textiles,5353.7,1
539,31.52,5,True,207.0,88130.0,0.28,Chennai -> Visakhapatnam -> Bhubaneswar -> Kolkata -> Patna -> Lucknow,textiles,5354.2,1
540,50.29,4,True,134.8,64123.0,0.615,Gwalior -> Bhopal -> Jabalpur -> Raipur -> Bhubaneswar,machinery,5354.5,1
541,36.17,4,True,229.1,59427.0,0.266,Nagpur -> Hyderabad -> Bangalore -> Mysore -> Madurai,textiles,5354.8,1
542,55.28,2,True,22.2,9628.0,0.427,Chandigarh -> Ludhiana -> Amritsar,perishables,5355.0,1
543,-99.32,1,False,496.7,29022.0,0.135,Hyderabad -> Visakhapatnam,fmcg,5355.1,1
544,51.64,3,True,87.9,49571.0,0.16,Nashik -> Pune -> Bangalore -> Hubli,fmcg,5355.4,1
545,53.57,2,True,33.0,35276.0,0.135,Kolkata -> Bhubaneswar -> Visakhapatnam,pharmaceuticals,5355.5,1
546,-136.17,5,False,906.7,86146.0,1.365,Chennai -> Hyderabad -> Nagpur -> Jabalpur -> Bhopal -> Delhi,electronics,5356.0,1
547,34.38,5,True,133.6,59884.0,0.922,Ranchi -> Patna -> Lucknow -> Agra -> Gwalior -> Bhopal,electronics,5356.4,1
548,-35.36,5,False,131.2,60106.0,0.875,Lucknow -> Patna -> Varanasi -> Kanpur -> Delhi -> Agra,electronics,5356.9,1
549,-42.24,5,False,158.3,39694.0,0.438,Madurai -> Coimbatore -> Bangalore -> Mysore -> Mangalore -> Hubli,fmcg,5357.3,1
550,-56.75,2,False,122.7,24655.0,0.487,Chennai -> Coimbatore -> Madurai,perishables,5357.5,1
551,-37.29,5,False,196.6,80410.0,0.426,Kochi -> Coimbatore -> Chennai -> Visakhapatnam -> Hyderabad -> Bangalore,machinery,5357.9,1
552,43.29,3,True,168.7,47035.0,0.875,Raipur -> Bhubaneswar -> Visakhapatnam -> Chennai,electronics,5358.2,1
553,-27.72,5,False,103.0,42257.0,1.04,Mumbai -> Pune -> Nashik -> Ahmedabad -> Udaipur -> Jodhpur,perishables,5358.6,1
554,55.62,2,True,16.9,19934.0,0.171,Bhopal -> Jabalpur -> Raipur,machinery,5358.8,1
555,-27.99,5,False,62.1,37317.0,1.326,Pune -> Mumbai -> Surat -> Vadodara -> Ahmedabad -> Mumbai,pharmaceuticals,5359.3,1
556,-24.98,5,False,132.4,50255.0,0.477,Rajkot -> Ahmedabad -> Jaipur -> Jodhpur -> Udaipur -> Indore,fmcg,5359.8,1
557,13.38,4,True,498.7,72834.0,1.144,Nashik -> Pune -> Bangalore -> Mysore -> Madurai,electronics,5360.1,1
558,-72.42,5,False,133.8,60960.0,1.118,Mangalore -> Hubli -> Bangalore -> Coimbatore -> Kochi -> Bangalore,perishables,5360.6,1
559,-21.52,5,False,97.7,35342.0,1.371,Thiruvananthapuram -> Kochi -> Coimbatore -> Madurai -> Mysore -> Bangalore,electronics,5361.0,1
560,54.27,2,True,29.1,26036.0,0.077,Delhi -> Jaipur -> Jodhpur,fmcg,5361.2,1
561,54.58,2,True,28.3,16108.0,0.229,Vadodara -> Ahmedabad -> Indore,machinery,5361.4,1
562,-16.15,5,False,94.9,51341.0,0.255,Ahmedabad -> Jaipur -> Delhi -> Agra -> Kanpur -> Varanasi,fmcg,5361.8,1
563,48.53,2,True,82.3,37035.0,0.253,Delhi -> Bhopal -> Nagpur,machinery,5362.0,1
564,-30.63,5,False,90.0,47315.0,0.416,Patna -> Varanasi -> Kanpur -> Delhi -> Lucknow -> Kanpur,textiles,5362.4,1
565,46.56,1,True,69.8,14782.0,0.045,Bhubaneswar -> Raipur,fmcg,5362.5,1
566,54.15,3,True,19.6,26918.0,0.164,Jaipur -> Delhi -> Chandigarh -> Ludhiana,perishables,5362.8,1
567,57.78,3,True,31.8,18619.0,0.957,Jodhpur -> Udaipur -> Ahmedabad -> Vadodara,pharmaceuticals,5363.0,1
568,-66.12,5,False,379.8,77756.0,1.62,Ranchi -> Kolkata -> Guwahati -> Kolkata -> Ranchi -> Bhubaneswar,electronics,5363.5,1
569,-41.57,5,False,335.5,90545.0,0.603,Thiruvananthapuram -> Kochi -> Coimbatore -> Chennai -> Visakhapatnam -> Hyderabad,machinery,5363.9,1
570,-27.97,5,False,110.9,48085.0,0.885,Delhi -> Jaipur -> Indore -> Bhopal -> Nagpur -> Raipur,electronics,5364.3,1
571,53.64,2,True,35.9,22429.0,0.193,Varanasi -> Ranchi -> Kolkata,pharmaceuticals,5364.5,1
572,-34.42,5,False,119.8,53369.0,1.68,Nashik -> Mumbai -> Ahmedabad -> Rajkot -> Surat -> Mumbai,pharmaceuticals,5364.9,1
573,51.08,4,True,81.8,53615.0,0.268,Guwahati -> Kolkata -> Ranchi -> Bhubaneswar -> Visakhapatnam,fmcg,5365.3,1
574,55.48,3,True,54.5,33018.0,0.149,Patna -> Ranchi -> Bhubaneswar -> Visakhapatnam,textiles,5365.6,1
575,-27.08,5,False,99.9,65526.0,0.241,Chennai -> Madurai -> Coimbatore -> Bangalore -> Hyderabad -> Visakhapatnam,textiles,5366.0,1
576,15.19,5,True,180.5,52591.0,0.365,Delhi -> Kanpur -> Agra -> Delhi -> Jaipur -> Jodhpur,fmcg,5366.4,1
577,57.41,3,True,37.3,21822.0,0.424,Gwalior -> Agra -> Kanpur -> Varanasi,perishables,5366.7,1
578,-10.17,5,False,81.4,64096.0,0.22,Agra -> Lucknow -> Delhi -> Jaipur -> Ahmedabad -> Mumbai,textiles,5367.1,1
579,-41.8,5,False,152.0,46902.0,0.389,Lucknow -> Delhi -> Agra -> Kanpur -> Lucknow -> Patna,textiles,5367.5,1
580,-51.93,5,False,195.5,64101.0,0.896,Hyderabad -> Bangalore -> Hubli -> Mangalore -> Mysore -> Madurai,machinery,5368.0,1
581,52.88,1,True,8.4,6930.0,0.139,Agra -> Delhi,fmcg,5368.1,1
582,-83.26,5,False,278.2,90403.0,1.784,Visakhapatnam -> Bhubaneswar -> Ranchi -> Kolkata -> Patna -> Lucknow,pharmaceuticals,5368.5,1
583,-22.93,5,False,113.2,48040.0,0.346,Lucknow -> Kanpur -> Agra -> Delhi -> Jaipur -> Indore,machinery,5369.0,1
584,-41.98,5,False,144.3,81825.0,0.18,Ranchi -> Varanasi -> Patna -> Kolkata -> Ranchi -> Patna,machinery,5369.4,1
585,33.18,5,True,195.2,55167.0,1.299,Amritsar -> Ludhiana -> Delhi -> Jaipur -> Ahmedabad -> Nashik,electronics,5369.8,1
586,-50.42,5,False,228.6,74783.0,0.645,Udaipur -> Jodhpur -> Jaipur -> Ahmedabad -> Indore -> Udaipur,fmcg,5370.3,1
587,-61.13,5,False,139.9,67889.0,0.209,Chennai -> Hyderabad -> Nagpur -> Bhopal -> Gwalior -> Agra,fmcg,5370.7,1
588,-12.61,5,False,104.5,67116.0,0.287,Vadodara -> Ahmedabad -> Mumbai -> Nagpur -> Raipur -> Bhubaneswar,fmcg,5371.2,1
589,40.34,3,True,149.2,54120.0,0.24,Raipur -> Nagpur -> Hyderabad -> Visakhapatnam,electronics,5371.4,1
590,55.1,2,True,23.1,16086.0,0.217,Agra -> Delhi -> Ludhiana,electronics,5371.6,1
591,47.36,4,True,159.6,84245.0,0.301,Jaipur -> Delhi -> Bhopal -> Nagpur -> Hyderabad,machinery,5372.0,1
592,-15.39,5,False,130.9,55182.0,1.287,Bangalore -> Hyderabad -> Nagpur -> Bhopal -> Gwalior -> Agra,electronics,5372.4,1
593,20.37,5,True,223.9,69927.0,0.286,Hyderabad -> Nagpur -> Raipur -> Bhubaneswar -> Kolkata -> Ranchi,textiles,5372.8,1
594,-20.25,5,False,180.7,48670.0,1.016,Vadodara -> Ahmedabad -> Indore -> Bhopal -> Jabalpur -> Raipur,pharmaceuticals,5373.2,1
595,47.39,3,True,86.8,25106.0,0.371,Varanasi -> Kanpur -> Agra -> Delhi,textiles,5373.5,1
596,-10.22,5,True,121.7,45901.0,0.853,Lucknow -> Agra -> Gwalior -> Bhopal -> Jabalpur -> Nagpur,perishables,5373.9,1
597,49.66,3,True,108.4,41423.0,0.51,Pune -> Bangalore -> Mysore -> Madurai,electronics,5374.2,1
598,-62.14,5,False,340.9,73363.0,1.704,Pune -> Bangalore -> Hubli -> Mangalore -> Mysore -> Madurai,electronics,5374.6,1
599,-32.41,5,False,157.3,49295.0,0.395,Ludhiana -> Amritsar -> Ludhiana -> Delhi -> Kanpur -> Varanasi,fmcg,5375.0,1
600,54.49,3,True,65.1,31861.0,0.095,Udaipur -> Ahmedabad -> Nashik -> Pune,textiles,5375.2,1
601,42.78,4,True,110.0,58573.0,0.921,Chennai -> Madurai -> Mysore -> Bangalore -> Pune,pharmaceuticals,5378.5,1
602,52.25,4,True,73.5,31738.0,0.889,Patna -> Lucknow -> Kanpur -> Agra -> Gwalior,perishables,6793.1,1
603,52.57,3,True,81.9,36218.0,0.298,Delhi -> Jaipur -> Ahmedabad -> Rajkot,pharmaceuticals,6793.4,1
604,46.82,4,True,170.9,48223.0,1.299,Kanpur -> Delhi -> Jaipur -> Ahmedabad -> Rajkot,electronics,6793.8,1
605,-21.0,5,False,130.9,83059.0,0.834,Madurai -> Coimbatore -> Chennai -> Hyderabad -> Visakhapatnam -> Bhubaneswar,pharmaceuticals,6794.3,1
606,-16.17,5,False,144.2,49656.0,0.525,Ludhiana -> Chandigarh -> Delhi -> Jaipur -> Ahmedabad -> Vadodara,fmcg,6794.7,1
607,32.1,5,True,204.6,73254.0,0.475,Jaipur -> Delhi -> Lucknow -> Patna -> Kolkata -> Bhubaneswar,fmcg,6795.1,1
608,-11.05,5,False,136.6,55348.0,1.459,Ranchi -> Bhubaneswar -> Raipur -> Jabalpur -> Bhopal -> Indore,pharmaceuticals,6795.5,1
609,49.8,3,True,106.8,48971.0,0.095,Bhopal -> Nagpur -> Hyderabad -> Visakhapatnam,fmcg,6795.8,1
610,55.87,4,True,83.7,51132.0,0.452,Vadodara -> Ahmedabad -> Jaipur -> Delhi -> Kanpur,perishables,6796.1,1
611,-41.31,5,False,94.5,57183.0,0.279,Jaipur -> Delhi -> Chandigarh -> Ludhiana -> Delhi -> Agra,machinery,6796.5,1
612,48.44,3,True,118.6,41464.0,0.907,Jodhpur -> Jaipur -> Ahmedabad -> Rajkot,pharmaceuticals,6796.8,1
613,-8.06,5,False,111.2,60716.0,0.236,Mangalore -> Hubli -> Bangalore -> Hyderabad -> Nagpur -> Bhopal,textiles,6797.2,1
614,26.23,5,True,261.2,84218.0,0.255,Hyderabad -> Nagpur -> Bhopal -> Indore -> Jaipur -> Jodhpur,textiles,6797.6,1
615,-86.03,3,False,281.4,54514.0,1.099,Nagpur -> Hyderabad -> Visakhapatnam -> Chennai,pharmaceuticals,6797.8,1
616,51.0,3,True,93.3,45375.0,0.617,Madurai -> Chennai -> Hyderabad -> Nagpur,electronics,6798.1,1
617,-112.43,5,False,418.1,99087.0,0.513,Bhubaneswar -> Kolkata -> Guwahati -> Kolkata -> Bhubaneswar -> Visakhapatnam,fmcg,6798.5,1
618,40.37,5,True,78.5,48382.0,0.646,Ahmedabad -> Indore -> Bhopal -> Jabalpur -> Raipur -> Bhubaneswar,perishables,6799.0,1
619,52.6,1,True,10.9,9765.0,0.02,Jabalpur -> Nagpur,machinery,6799.1,1
620,-14.34,5,False,77.3,44631.0,0.54,Jodhpur -> Jaipur -> Delhi -> Agra -> Gwalior -> Bhopal,pharmaceuticals,6799.5,1
621,38.17,5,True,150.0,56026.0,0.302,Surat -> Rajkot -> Ahmedabad -> Jaipur -> Delhi -> Agra,textiles,6800.0,1
622,49.49,3,True,64.9,29580.0,0.269,Patna -> Varanasi -> Kanpur -> Delhi,textiles,6800.2,1
623,-39.29,5,False,118.6,61305.0,1.182,Raipur -> Bhubaneswar -> Ranchi -> Patna -> Kolkata -> Ranchi,electronics,6800.7,1
624,54.17,2,True,33.6,10685.0,0.299,Vadodara -> Ahmedabad -> Rajkot,pharmaceuticals,6800.9,1
625,9.17,4,True,129.7,60817.0,0.376,Hyderabad -> Visakhapatnam -> Bhubaneswar -> Kolkata -> Guwahati,perishables,6801.2,1
626,31.49,5,True,209.3,80295.0,0.337,Jaipur -> Delhi -> Kanpur -> Varanasi -> Ranchi -> Bhubaneswar,textiles,6801.7,1
627,48.94,3,True,113.5,54204.0,0.16,Visakhapatnam -> Hyderabad -> Nagpur -> Mumbai,textiles,6801.9,1
628,57.14,3,True,35.0,38004.0,0.434,Ahmedabad -> Indore -> Bhopal -> Gwalior,perishables,6802.2,1
629,53.69,2,True,35.7,17043.0,0.457,Jodhpur -> Jaipur -> Delhi,electronics,6802.3,1
630,-7.98,5,True,137.7,63710.0,0.27,Hyderabad -> Nagpur -> Mumbai -> Nashik -> Ahmedabad -> Udaipur,perishables,6802.8,1
631,55.11,2,True,23.1,17595.0,0.105,Udaipur -> Jodhpur -> Jaipur,textiles,6802.9,1
632,18.53,5,True,142.9,67173.0,0.331,Delhi -> Ludhiana -> Chandigarh -> Delhi -> Lucknow -> Patna,textiles,6803.4,1
633,-15.72,5,False,133.8,66789.0,0.68,Kolkata -> Bhubaneswar -> Raipur -> Jabalpur -> Nagpur -> Mumbai,electronics,6803.8,1
634,-18.28,5,False,111.0,50777.0,1.318,Jodhpur -> Udaipur -> Ahmedabad -> Jaipur -> Delhi -> Ludhiana,pharmaceuticals,6804.3,1
635,-46.83,5,False,154.6,41809.0,0.23,Gwalior -> Agra -> Delhi -> Kanpur -> Agra -> Gwalior,textiles,6804.7,1
636,55.47,4,True,88.1,43591.0,0.835,Nagpur -> Hyderabad -> Bangalore -> Mysore -> Mangalore,pharmaceuticals,6805.1,1
637,-18.83,5,False,109.6,46869.0,1.04,Kolkata -> Ranchi -> Patna -> Lucknow -> Kanpur -> Delhi,perishables,6805.5,1
638,56.88,3,True,39.5,38121.0,0.06,Surat -> Mumbai -> Nagpur -> Raipur,fmcg,6805.7,1
639,53.77,1,True,1.5,2501.0,0.015,Lucknow -> Kanpur,fmcg,6805.8,1
640,48.54,4,True,107.6,40096.0,0.992,Kanpur -> Agra -> Gwalior -> Bhopal -> Indore,electronics,6806.2,1
641,47.63,3,True,81.5,24127.0,0.998,Ludhiana -> Chandigarh -> Delhi -> Kanpur,perishables,6806.6,1
642,-11.9,5,False,96.5,70237.0,0.277,Mysore -> Bangalore -> Hyderabad -> Nagpur -> Mumbai -> Ahmedabad,fmcg,6807.0,1
643,47.01,4,True,164.5,73561.0,0.673,Thiruvananthapuram -> Kochi -> Bangalore -> Hubli -> Mangalore,machinery,6807.4,1
644,40.8,5,True,111.2,56739.0,0.89,Nashik -> Ahmedabad -> Jaipur -> Delhi -> Ludhiana -> Amritsar,perishables,6807.8,1
645,57.1,4,True,27.2,27728.0,0.712,Pune -> Mumbai -> Nashik -> Ahmedabad -> Vadodara,pharmaceuticals,6808.1,1
646,49.21,4,True,147.9,58887.0,0.468,Mangalore -> Hubli -> Bangalore -> Pune -> Nashik,machinery,6808.5,1
647,-24.04,5,False,119.6,62827.0,0.397,Bangalore -> Kochi -> Coimbatore -> Chennai -> Visakhapatnam -> Bhubaneswar,fmcg,6809.0,1
648,-43.47,5,False,338.4,84762.0,0.65,Visakhapatnam -> Hyderabad -> Nagpur -> Bhopal -> Indore -> Udaipur,fmcg,6809.4,1
649,54.04,2,True,33.2,19285.0,0.129,Nashik -> Ahmedabad -> Udaipur,textiles,6809.6,1
650,56.12,3,True,47.7,34731.0,0.127,Agra -> Delhi -> Ludhiana -> Amritsar,textiles,6810.0,1
651,-43.43,5,False,110.7,60419.0,1.092,Chennai -> Bangalore -> Hyderabad -> Chennai -> Coimbatore -> Madurai,electronics,6810.5,1
652,-75.44,5,False,249.5,73356.0,1.145,Ranchi -> Bhubaneswar -> Raipur -> Jabalpur -> Bhopal -> Nagpur,pharmaceuticals,6811.0,1
653,-26.71,5,False,145.6,68547.0,0.191,Jodhpur -> Jaipur -> Ahmedabad -> Indore -> Bhopal -> Delhi,fmcg,6811.5,1
654,50.65,3,True,104.5,24298.0,0.344,Pune -> Nashik -> Ahmedabad -> Udaipur,fmcg,6811.8,1
655,45.61,3,True,97.5,43344.0,0.686,Mumbai -> Ahmedabad -> Udaipur -> Indore,electronics,6812.0,1
656,26.29,5,True,258.5,84433.0,0.505,Pune -> Mumbai -> Nagpur -> Raipur -> Bhubaneswar -> Kolkata,fmcg,6812.5,1
657,-38.91,5,False,165.5,64284.0,0.847,Guwahati -> Kolkata -> Ranchi -> Patna -> Varanasi -> Ranchi,machinery,6812.9,1
658,-25.46,5,False,83.5,34666.0,2.133,Ludhiana -> Amritsar -> Ludhiana -> Chandigarh -> Delhi -> Jaipur,pharmaceuticals,6813.4,1
659,45.49,3,True,101.7,39793.0,0.294,Delhi -> Bhopal -> Jabalpur -> Nagpur,fmcg,6813.6,1
660,51.71,4,True,118.3,69298.0,0.746,Guwahati -> Kolkata -> Bhubaneswar -> Visakhapatnam -> Hyderabad,electronics,6814.0,1
661,12.89,5,True,227.0,63699.0,1.131,Hyderabad -> Bangalore -> Hubli -> Mangalore -> Mysore -> Madurai,pharmaceuticals,6814.6,1
662,-19.03,5,False,165.6,76996.0,0.326,Guwahati -> Kolkata -> Bhubaneswar -> Visakhapatnam -> Chennai -> Madurai,fmcg,6815.1,1
663,-22.81,5,False,205.4,66786.0,0.53,Mangalore -> Mysore -> Madurai -> Chennai -> Hyderabad -> Visakhapatnam,fmcg,6815.5,1
664,34.66,4,True,285.1,73965.0,0.506,Jabalpur -> Bhopal -> Delhi -> Jaipur -> Jodhpur,fmcg,6815.8,1
665,-20.11,5,False,127.8,66105.0,0.688,Kanpur -> Agra -> Gwalior -> Bhopal -> Nagpur -> Hyderabad,machinery,6816.2,1
666,-50.11,4,False,203.6,43160.0,0.939,Vadodara -> Surat -> Mumbai -> Pune -> Bangalore,perishables,6816.6,1
667,-25.2,5,False,80.7,57392.0,0.808,Surat -> Rajkot -> Ahmedabad -> Nashik -> Pune -> Bangalore,electronics,6817.0,1
668,-28.32,5,False,104.5,62932.0,0.59,Chennai -> Coimbatore -> Madurai -> Mysore -> Bangalore -> Hyderabad,perishables,6817.4,1
669,-20.23,5,False,134.2,56034.0,0.261,Indore -> Udaipur -> Jodhpur -> Jaipur -> Delhi -> Lucknow,textiles,6817.8,1
670,51.44,4,True,129.0,47848.0,0.45,Jaipur -> Indore -> Bhopal -> Nagpur -> Raipur,machinery,6818.2,1
671,54.47,3,True,63.5,33122.0,0.376,Gwalior -> Bhopal -> Nagpur -> Raipur,machinery,6818.4,1
672,-33.48,5,False,156.7,74495.0,1.153,Hubli -> Mangalore -> Mysore -> Madurai -> Chennai -> Hyderabad,electronics,6818.8,1
673,-14.12,5,False,73.5,49496.0,0.566,Mumbai -> Ahmedabad -> Udaipur -> Jodhpur -> Jaipur -> Delhi,machinery,6819.3,1
674,35.09,5,True,81.3,50994.0,0.483,Lucknow -> Agra -> Delhi -> Bhopal -> Jabalpur -> Nagpur,perishables,6819.7,1
675,-24.16,5,False,74.5,41184.0,0.947,Vadodara -> Surat -> Rajkot -> Ahmedabad -> Udaipur -> Jodhpur,pharmaceuticals,6820.1,1
676,-43.77,5,False,360.6,61737.0,1.729,Jabalpur -> Nagpur -> Mumbai -> Nashik -> Pune -> Bangalore,electronics,6820.5,1
677,54.39,3,True,64.2,36406.0,0.188,Jaipur -> Delhi -> Bhopal -> Jabalpur,fmcg,6820.8,1
678,49.68,1,True,37.3,9155.0,0.64,Delhi -> Chandigarh,electronics,6820.9,1
679,-32.27,5,False,58.0,43746.0,0.315,Surat -> Vadodara -> Ahmedabad -> Jaipur -> Jodhpur -> Udaipur,fmcg,6821.3,1
680,51.61,1,True,20.0,11786.0,0.078,Mysore -> Madurai,machinery,6821.4,1
681,5.92,3,True,123.9,29027.0,0.69,Gwalior -> Bhopal -> Jabalpur -> Raipur,perishables,6821.6,1
682,58.92,3,True,21.9,27181.0,0.156,Agra -> Delhi -> Jaipur -> Jodhpur,machinery,6821.9,1
683,39.29,5,True,118.5,59825.0,0.966,Coimbatore -> Bangalore -> Pune -> Nashik -> Ahmedabad -> Indore,perishables,6822.4,1
684,2.96,2,True,125.5,25404.0,0.7,Mangalore -> Mysore -> Madurai,perishables,6822.6,1
685,48.96,3,True,69.6,31803.0,0.245,Delhi -> Agra -> Lucknow -> Patna,textiles,6823.0,1
686,47.38,3,True,125.7,60911.0,0.449,Bangalore -> Hyderabad -> Nagpur -> Raipur,machinery,6823.4,1
687,0.41,2,True,141.7,38848.0,0.655,Jabalpur -> Bhopal -> Delhi,perishables,6823.7,1
688,22.32,5,True,114.1,33546.0,0.527,Kochi -> Thiruvananthapuram -> Kochi -> Coimbatore -> Bangalore -> Mysore,fmcg,6824.2,1
689,56.57,4,True,79.4,41837.0,0.467,Jabalpur -> Bhopal -> Indore -> Udaipur -> Jodhpur,machinery,6824.7,1
690,48.71,4,True,104.5,59205.0,0.131,Jabalpur -> Raipur -> Nagpur -> Hyderabad -> Bangalore,textiles,6825.2,1
691,-23.72,5,False,123.6,38734.0,0.401,Vadodara -> Surat -> Rajkot -> Ahmedabad -> Indore -> Bhopal,fmcg,6825.6,1
692,-19.79,5,False,126.1,59553.0,0.79,Hubli -> Bangalore -> Pune -> Nashik -> Ahmedabad -> Indore,electronics,6826.0,1
693,-40.6,4,False,132.8,39624.0,0.999,Surat -> Rajkot -> Ahmedabad -> Jaipur -> Delhi,perishables,6826.4,1
694,-83.29,4,False,537.5,73138.0,0.346,Pune -> Mumbai -> Nagpur -> Bhopal -> Delhi,fmcg,6826.7,1
695,-41.86,5,False,202.1,48925.0,0.367,Kanpur -> Lucknow -> Patna -> Varanasi -> Kanpur -> Delhi,textiles,6827.1,1
696,-31.56,5,False,96.9,41705.0,1.222,Nashik -> Pune -> Mumbai -> Surat -> Rajkot -> Ahmedabad,pharmaceuticals,6827.6,1
697,50.98,2,True,57.3,31067.0,0.698,Hyderabad -> Visakhapatnam -> Bhubaneswar,pharmaceuticals,6827.7,1
698,55.76,3,True,55.0,20843.0,0.232,Amritsar -> Ludhiana -> Delhi -> Jaipur,textiles,6828.0,1
699,-47.06,5,False,341.2,92482.0,0.321,Kolkata -> Guwahati -> Kolkata -> Bhubaneswar -> Visakhapatnam -> Chennai,textiles,6828.4,1
700,-31.43,5,False,140.4,62125.0,1.058,Bhopal -> Jabalpur -> Nagpur -> Raipur -> Bhubaneswar -> Visakhapatnam,pharmaceuticals,6828.8,1
701,-38.2,5,False,300.5,73352.0,0.351,Hubli -> Bangalore -> Hyderabad -> Nagpur -> Jabalpur -> Bhopal,fmcg,6832.5,1
702,-28.22,5,False,156.6,71970.0,0.806,Coimbatore -> Madurai -> Chennai -> Visakhapatnam -> Bhubaneswar -> Raipur,electronics,6832.9,1
703,-29.6,5,False,126.4,51604.0,0.83,Kochi -> Thiruvananthapuram -> Kochi -> Bangalore -> Chennai -> Hyderabad,electronics,6833.4,1
704,53.15,3,True,71.4,51351.0,0.343,Patna -> Kolkata -> Bhubaneswar -> Raipur,machinery,6833.6,1
705,55.01,3,True,55.9,45771.0,0.047,Ludhiana -> Delhi -> Bhopal -> Jabalpur,textiles,6833.8,1
706,-39.66,5,False,126.6,45773.0,1.253,Mysore -> Bangalore -> Hubli -> Mangalore -> Mysore -> Bangalore,machinery,6834.3,1
707,50.93,1,True,25.2,17591.0,0.04,Mysore -> Madurai,electronics,6834.4,1
708,53.65,1,True,2.0,4393.0,0.04,Surat -> Vadodara,electronics,6834.5,1
709,50.27,2,True,66.9,30952.0,0.215,Pune -> Mumbai -> Nagpur,machinery,6834.7,1
710,36.82,5,True,68.3,38652.0,0.389,Bhopal -> Gwalior -> Agra -> Delhi -> Ludhiana -> Amritsar,perishables,6835.1,1
711,-26.13,5,False,142.0,58701.0,0.339,Surat -> Vadodara -> Ahmedabad -> Nashik -> Pune -> Bangalore,machinery,6835.6,1
712,30.46,5,True,78.5,51557.0,0.287,Ludhiana -> Amritsar -> Ludhiana -> Delhi -> Jaipur -> Indore,textiles,6836.1,1
713,-48.23,2,False,134.5,21008.0,0.937,Agra -> Gwalior -> Bhopal,perishables,6836.3,1
714,52.0,1,True,17.1,7851.0,0.112,Patna -> Varanasi,electronics,6836.3,1
715,26.32,3,True,285.0,59998.0,0.744,Kochi -> Coimbatore -> Chennai -> Hyderabad,machinery,6836.6,1
716,42.53,4,True,69.5,39686.0,0.651,Jaipur -> Jodhpur -> Udaipur -> Indore -> Ahmedabad,pharmaceuticals,6836.9,1
717,-41.3,5,False,185.8,54818.0,1.548,Udaipur -> Jodhpur -> Jaipur -> Indore -> Ahmedabad -> Rajkot,pharmaceuticals,6837.4,1
718,37.66,5,True,61.1,38050.0,0.168,Jabalpur -> Bhopal -> Gwalior -> Agra -> Delhi -> Ludhiana,textiles,6837.8,1
719,57.27,3,True,36.0,36064.0,0.101,Nagpur -> Hyderabad -> Bangalore -> Mysore,textiles,6838.0,1
720,59.1,4,True,56.9,35666.0,0.29,Indore -> Jaipur -> Delhi -> Ludhiana -> Amritsar,fmcg,6838.4,1
721,46.64,3,True,138.3,45128.0,0.349,Surat -> Mumbai -> Nagpur -> Jabalpur,pharmaceuticals,6838.6,1
722,-26.48,5,False,188.1,82429.0,0.397,Madurai -> Chennai -> Visakhapatnam -> Bhubaneswar -> Ranchi -> Varanasi,machinery,6839.0,1
723,-58.89,5,False,545.2,131733.0,0.832,Guwahati -> Kolkata -> Ranchi -> Bhubaneswar -> Visakhapatnam -> Chennai,machinery,6839.5,1
724,52.32,1,True,14.4,6215.0,0.104,Ahmedabad -> Vadodara,fmcg,6839.5,1
725,49.76,3,True,102.7,60584.0,0.304,Madurai -> Chennai -> Visakhapatnam -> Bhubaneswar,electronics,6839.8,1
726,-26.62,5,False,235.9,99828.0,0.084,Varanasi -> Patna -> Kolkata -> Bhubaneswar -> Visakhapatnam -> Hyderabad,textiles,6840.2,1
727,49.21,4,True,95.8,67731.0,0.359,Jabalpur -> Bhopal -> Delhi -> Ludhiana -> Chandigarh,machinery,6840.6,1
728,47.7,2,True,89.4,36291.0,0.53,Hubli -> Bangalore -> Pune,electronics,6840.7,1
729,58.45,3,True,28.8,20309.0,0.129,Rajkot -> Surat -> Mumbai -> Pune,fmcg,6841.0,1
730,-72.88,5,False,703.4,73257.0,0.679,Jodhpur -> Jaipur -> Indore -> Bhopal -> Jabalpur -> Nagpur,textiles,6841.5,1
731,-32.71,5,False,111.4,46324.0,0.362,Pune -> Mumbai -> Nashik -> Ahmedabad -> Rajkot -> Surat,fmcg,6841.9,1
732,42.95,2,True,92.4,21608.0,0.315,Kochi -> Coimbatore -> Bangalore,fmcg,6842.0,1
733,-65.33,5,False,178.1,83462.0,0.702,Madurai -> Chennai -> Visakhapatnam -> Bhubaneswar -> Ranchi -> Varanasi,perishables,8212.8,1
734,-29.73,5,False,87.6,25567.0,0.425,Surat -> Mumbai -> Pune -> Nashik -> Mumbai -> Pune,fmcg,8213.2,1
735,-68.73,5,False,172.6,70118.0,1.462,Ranchi -> Patna -> Kolkata -> Bhubaneswar -> Visakhapatnam -> Hyderabad,perishables,8213.6,1
736,-32.76,5,False,202.3,81612.0,0.164,Ranchi -> Patna -> Kolkata -> Bhubaneswar -> Raipur -> Jabalpur,textiles,8214.1,1
737,-27.46,5,False,151.6,58261.0,1.1,Indore -> Bhopal -> Nagpur -> Raipur -> Bhubaneswar -> Visakhapatnam,electronics,8214.6,1
738,44.98,4,True,92.0,40918.0,1.168,Jaipur -> Jodhpur -> Udaipur -> Ahmedabad -> Vadodara,pharmaceuticals,8214.9,1
739,53.18,3,True,78.1,30104.0,0.225,Nagpur -> Bhopal -> Indore -> Jaipur,pharmaceuticals,8215.2,1
740,30.22,5,True,221.6,78906.0,0.502,Vadodara -> Ahmedabad -> Nashik -> Pune -> Bangalore -> Kochi,machinery,8215.6,1
741,-27.75,5,False,60.2,45081.0,0.765,Mumbai -> Nashik -> Pune -> Mumbai -> Ahmedabad -> Indore,pharmaceuticals,8216.0,1
742,55.22,2,True,23.2,12607.0,0.18,Jodhpur -> Udaipur -> Ahmedabad,perishables,8216.2,1
743,40.6,3,True,196.6,52855.0,0.299,Chennai -> Bangalore -> Pune -> Mumbai,fmcg,8216.4,1
744,53.72,3,True,68.5,46157.0,0.09,Mangalore -> Hubli -> Bangalore -> Pune,textiles,8216.7,1
745,-25.04,5,True,300.3,72975.0,1.226,Chandigarh -> Delhi -> Bhopal -> Jabalpur -> Nagpur -> Mumbai,pharmaceuticals,8217.2,1
746,59.02,4,True,59.4,32785.0,0.12,Gwalior -> Bhopal -> Indore -> Ahmedabad -> Rajkot,perishables,8217.6,1
747,-28.0,5,False,208.3,67276.0,0.305,Amritsar -> Ludhiana -> Delhi -> Bhopal -> Jabalpur -> Raipur,textiles,8218.1,1
748,51.22,4,True,78.6,57339.0,0.395,Raipur -> Nagpur -> Hyderabad -> Bangalore -> Chennai,electronics,8218.4,1
749,53.4,1,True,4.6,2908.0,0.101,Chandigarh -> Ludhiana,perishables,8218.5,1
750,53.57,4,True,107.1,54340.0,0.178,Gwalior -> Bhopal -> Indore -> Jaipur -> Jodhpur,textiles,8218.8,1
751,-20.59,5,False,181.1,75254.0,0.443,Bhubaneswar -> Ranchi -> Kolkata -> Patna -> Lucknow -> Delhi,fmcg,8219.3,1
752,-28.94,5,False,213.3,78348.0,0.523,Thiruvananthapuram -> Kochi -> Coimbatore -> Chennai -> Visakhapatnam -> Bhubaneswar,machinery,8219.7,1
753,-22.16,5,False,100.8,67265.0,0.116,Chandigarh -> Delhi -> Bhopal -> Jabalpur -> Nagpur -> Mumbai,textiles,8220.1,1
754,46.6,3,True,89.1,42342.0,0.433,Nagpur -> Mumbai -> Nashik -> Ahmedabad,pharmaceuticals,8220.3,1
755,-35.88,5,False,137.4,64163.0,0.435,Patna -> Kolkata -> Ranchi -> Varanasi -> Patna -> Lucknow,machinery,8220.7,1
756,3.08,4,True,179.8,48967.0,0.544,Udaipur -> Jodhpur -> Jaipur -> Delhi -> Kanpur,perishables,8221.1,1
757,47.75,5,True,56.5,40896.0,0.751,Amritsar -> Ludhiana -> Delhi -> Jaipur -> Ahmedabad -> Vadodara,perishables,8221.5,1
758,-13.15,5,False,158.5,73980.0,0.15,Guwahati -> Kolkata -> Bhubaneswar -> Visakhapatnam -> Chennai -> Madurai,textiles,8221.9,1
759,52.38,4,True,114.1,55477.0,1.082,Bhubaneswar -> Raipur -> Nagpur -> Bhopal -> Indore,electronics,8222.2,1
760,49.55,1,True,38.6,19105.0,0.045,Bhopal -> Delhi,pharmaceuticals,8222.3,1
761,-43.84,5,False,208.9,53397.0,1.334,Nashik -> Mumbai -> Surat -> Rajkot -> Ahmedabad -> Mumbai,pharmaceuticals,8222.8,1
762,50.5,2,True,65.7,28779.0,0.141,Kochi -> Bangalore -> Hyderabad,fmcg,8223.0,1
763,-25.95,5,False,227.0,99282.0,0.528,Kolkata -> Bhubaneswar -> Raipur -> Nagpur -> Hyderabad -> Bangalore,machinery,8223.4,1
764,-14.51,5,False,79.1,48132.0,0.307,Varanasi -> Kanpur -> Agra -> Gwalior -> Bhopal -> Nagpur,fmcg,8223.8,1
765,-45.44,5,False,229.6,68929.0,0.83,Pune -> Nashik -> Ahmedabad -> Mumbai -> Pune -> Bangalore,electronics,8224.2,1
766,52.39,2,True,51.2,14703.0,0.101,Coimbatore -> Kochi -> Thiruvananthapuram,textiles,8224.4,1
767,48.72,1,True,48.3,12288.0,0.169,Bhopal -> Gwalior,fmcg,8224.5,1
768,47.24,3,True,84.2,34386.0,0.618,Visakhapatnam -> Bhubaneswar -> Kolkata -> Ranchi,electronics,8224.7,1
769,-34.87,5,False,167.9,85213.0,1.038,Madurai -> Chennai -> Hyderabad -> Bangalore -> Kochi -> Coimbatore,electronics,8225.2,1
770,-74.53,5,False,153.6,48905.0,0.762,Jaipur -> Delhi -> Ludhiana -> Chandigarh -> Delhi -> Bhopal,perishables,8225.6,1
771,-66.68,5,False,157.3,64597.0,0.85,Bangalore -> Mysore -> Madurai -> Chennai -> Visakhapatnam -> Bhubaneswar,perishables,8226.0,1
772,-13.16,5,False,158.5,61830.0,0.91,Thiruvananthapuram -> Kochi -> Bangalore -> Chennai -> Visakhapatnam -> Bhubaneswar,electronics,8226.4,1
773,50.95,4,True,126.5,58288.0,1.303,Bhubaneswar -> Visakhapatnam -> Chennai -> Bangalore -> Hubli,pharmaceuticals,8226.8,1
774,-69.12,5,False,613.4,86945.0,0.342,Ranchi -> Bhubaneswar -> Raipur -> Jabalpur -> Bhopal -> Delhi,textiles,8227.2,1
775,53.76,3,True,70.0,30668.0,0.653,Ludhiana -> Delhi -> Kanpur -> Varanasi,perishables,8227.5,1
776,-13.17,5,True,134.0,50512.0,0.557,Ludhiana -> Delhi -> Jaipur -> Indore -> Udaipur -> Ahmedabad,perishables,8227.9,1
777,41.49,5,True,105.6,80891.0,1.056,Rajkot -> Surat -> Mumbai -> Pune -> Bangalore -> Coimbatore,pharmaceuticals,8228.4,1
778,50.4,3,True,54.0,34984.0,0.31,Kanpur -> Lucknow -> Delhi -> Bhopal,electronics,8228.6,1
779,-29.98,5,False,79.8,58512.0,0.496,Agra -> Kanpur -> Delhi -> Chandigarh -> Ludhiana -> Delhi,machinery,8229.1,1
780,47.98,3,True,76.2,31346.0,0.917,Nagpur -> Jabalpur -> Bhopal -> Gwalior,pharmaceuticals,8229.3,1
781,53.09,2,True,40.8,24040.0,0.233,Bhubaneswar -> Raipur -> Jabalpur,pharmaceuticals,8229.5,1
782,52.67,4,True,114.2,59424.0,0.246,Surat -> Mumbai -> Nagpur -> Bhopal -> Gwalior,fmcg,8229.8,1
783,53.01,1,True,7.7,7196.0,0.02,Gwalior -> Agra,machinery,8229.9,1
784,-76.02,5,False,157.2,56463.0,0.759,Patna -> Varanasi -> Kanpur -> Agra -> Lucknow -> Delhi,perishables,8230.3,1
785,-12.21,5,False,56.5,49013.0,0.17,Mumbai -> Surat -> Vadodara -> Ahmedabad -> Jaipur -> Delhi,machinery,8230.7,1
786,53.11,2,True,39.9,29231.0,0.046,Bhopal -> Delhi -> Chandigarh,textiles,8230.9,1
787,40.86,4,True,228.5,72527.0,0.23,Kanpur -> Delhi -> Jaipur -> Ahmedabad -> Nashik,textiles,8231.2,1
788,6.12,2,True,504.7,36867.0,0.609,Surat -> Mumbai -> Nagpur,machinery,8231.4,1
789,-0.45,3,True,136.9,46125.0,0.454,Jaipur -> Delhi -> Kanpur -> Agra,perishables,8231.7,1
790,-36.15,5,False,196.2,48680.0,0.133,Amritsar -> Ludhiana -> Chandigarh -> Delhi -> Lucknow -> Agra,fmcg,8232.1,1
791,-26.43,5,False,148.8,43812.0,0.467,Varanasi -> Patna -> Lucknow -> Agra -> Gwalior -> Bhopal,fmcg,8232.5,1
792,-13.93,5,False,116.1,67254.0,0.603,Ludhiana -> Delhi -> Jaipur -> Ahmedabad -> Nashik -> Pune,machinery,8232.9,1
793,-21.82,5,False,150.5,52768.0,0.369,Mumbai -> Surat -> Vadodara -> Ahmedabad -> Jaipur -> Delhi,machinery,8233.4,1
794,52.13,1,True,15.6,9387.0,0.044,Bangalore -> Chennai,textiles,8233.5,1
795,-22.76,5,False,103.5,51293.0,0.433,Vadodara -> Ahmedabad -> Indore -> Udaipur -> Jodhpur -> Jaipur,perishables,8233.9,1
796,-24.17,5,False,121.5,59677.0,0.448,Raipur -> Nagpur -> Jabalpur -> Bhopal -> Gwalior -> Agra,machinery,8234.3,1
797,45.88,4,True,185.3,43979.0,0.543,Jabalpur -> Bhopal -> Indore -> Jaipur -> Jodhpur,machinery,8234.7,1
798,47.03,2,True,93.2,34995.0,0.593,Visakhapatnam -> Chennai -> Coimbatore,perishables,8234.9,1
799,49.82,3,True,58.7,35479.0,0.485,Delhi -> Bhopal -> Jabalpur -> Nagpur,pharmaceuticals,8235.1,1
800,51.33,4,True,126.6,62492.0,0.277,Jabalpur -> Bhopal -> Delhi -> Ludhiana -> Amritsar,fmcg,8235.5,1
801,-29.32,5,False,169.7,49311.0,1.751,Ranchi -> Bhubaneswar -> Raipur -> Jabalpur -> Bhopal -> Indore,electronics,8239.4,1
802,-19.2,5,False,120.6,63900.0,0.459,Patna -> Varanasi -> Kanpur -> Delhi -> Bhopal -> Jabalpur,machinery,8239.8,1
803,51.94,4,True,116.6,72217.0,0.48,Ahmedabad -> Nashik -> Pune -> Bangalore -> Kochi,electronics,8240.1,1
804,37.17,5,True,102.8,48387.0,0.625,Thiruvananthapuram -> Kochi -> Coimbatore -> Bangalore -> Pune -> Mumbai,perishables,8240.6,1
805,-8.49,5,True,135.8,80966.0,0.863,Coimbatore -> Madurai -> Chennai -> Visakhapatnam -> Bhubaneswar -> Kolkata,perishables,8241.0,1
806,-44.94,3,False,132.4,55326.0,0.373,Bhubaneswar -> Raipur -> Nagpur -> Mumbai,perishables,8241.2,1
807,52.0,3,True,84.5,49542.0,0.123,Visakhapatnam -> Bhubaneswar -> Kolkata -> Patna,textiles,8241.5,1
808,-52.47,5,False,205.0,61745.0,0.224,Jaipur -> Jodhpur -> Udaipur -> Ahmedabad -> Jaipur -> Indore,textiles,8241.9,1
809,-10.78,5,False,92.9,43566.0,0.37,Udaipur -> Indore -> Bhopal -> Gwalior -> Agra -> Lucknow,electronics,8242.4,1
810,17.29,5,True,328.8,97565.0,0.303,Chennai -> Hyderabad -> Nagpur -> Bhopal -> Delhi -> Chandigarh,fmcg,8242.8,1
811,12.53,5,True,385.5,94824.0,2.148,Ludhiana -> Delhi -> Bhopal -> Nagpur -> Hyderabad -> Chennai,electronics,8243.2,1
812,52.82,1,True,8.9,4493.0,0.297,Vadodara -> Surat,electronics,8243.3,1
813,-19.39,5,False,122.8,61645.0,0.52,Udaipur -> Jodhpur -> Jaipur -> Indore -> Bhopal -> Jabalpur,pharmaceuticals,8243.7,1
814,-50.34,5,False,467.8,103680.0,0.887,Delhi -> Jaipur -> Ahmedabad -> Nashik -> Pune -> Bangalore,machinery,8244.1,1
815,15.27,5,True,367.1,71719.0,1.736,Thiruvananthapuram -> Kochi -> Bangalore -> Hyderabad -> Nagpur -> Jabalpur,electronics,8244.6,1
816,55.39,2,True,18.9,22484.0,0.09,Jabalpur -> Nagpur -> Hyderabad,pharmaceuticals,8244.7,1
817,-34.28,5,False,70.3,49610.0,1.517,Indore -> Ahmedabad -> Mumbai -> Surat -> Vadodara -> Ahmedabad,pharmaceuticals,8245.2,1
818,-50.51,2,False,152.5,25552.0,0.426,Ranchi -> Bhubaneswar -> Visakhapatnam,perishables,8245.3,1
819,55.98,3,True,51.0,27045.0,0.213,Surat -> Vadodara -> Ahmedabad -> Jaipur,textiles,8245.6,1
820,51.88,1,True,17.2,11144.0,0.13,Ahmedabad -> Indore,pharmaceuticals,8245.7,1
821,-37.5,5,False,105.6,54941.0,0.586,Kanpur -> Lucknow -> Delhi -> Jaipur -> Indore -> Udaipur,machinery,8246.1,1
822,56.81,2,True,8.3,7137.0,0.293,Chandigarh -> Ludhiana -> Amritsar,electronics,8246.3,1
823,40.55,3,True,143.5,66378.0,0.217,Hyderabad -> Visakhapatnam -> Chennai -> Madurai,textiles,8246.6,1
824,-26.77,5,False,196.8,62017.0,0.45,Madurai -> Mysore -> Mangalore -> Hubli -> Bangalore -> Pune,fmcg,8247.1,1
825,51.98,1,True,17.8,6180.0,0.109,Rajkot -> Ahmedabad,textiles,8247.3,1
826,-23.08,5,False,162.3,49158.0,0.759,Surat -> Rajkot -> Ahmedabad -> Udaipur -> Jodhpur -> Jaipur,machinery,8247.7,1
827,49.39,3,True,113.3,40331.0,0.145,Chennai -> Bangalore -> Hubli -> Mangalore,textiles,8248.0,1
828,51.1,2,True,57.2,25104.0,0.839,Rajkot -> Ahmedabad -> Jaipur,pharmaceuticals,8248.2,1
829,49.92,3,True,105.8,41792.0,0.501,Jodhpur -> Udaipur -> Ahmedabad -> Mumbai,pharmaceuticals,8248.5,1
830,-19.1,5,False,213.2,72657.0,1.2,Coimbatore -> Chennai -> Hyderabad -> Nagpur -> Bhopal -> Delhi,electronics,8249.0,1
831,-16.77,5,False,95.3,59777.0,0.894,Lucknow -> Agra -> Kanpur -> Delhi -> Bhopal -> Nagpur,pharmaceuticals,8249.4,1
832,-18.89,5,False,173.1,46483.0,0.38,Rajkot -> Ahmedabad -> Indore -> Bhopal -> Nagpur -> Hyderabad,fmcg,8249.8,1
833,-16.42,5,False,93.5,64090.0,0.285,Chandigarh -> Delhi -> Jaipur -> Indore -> Udaipur -> Ahmedabad,machinery,8250.2,1
834,45.89,3,True,142.9,58925.0,0.105,Nagpur -> Hyderabad -> Bangalore -> Hubli,textiles,8250.5,1
835,52.15,3,True,34.6,39266.0,0.438,Bhopal -> Delhi -> Agra -> Kanpur,machinery,8250.7,1
836,-53.36,3,False,199.6,35780.0,0.839,Pune -> Mumbai -> Ahmedabad -> Jaipur,perishables,8251.0,1
837,-26.39,5,False,93.9,62335.0,0.262,Rajkot -> Ahmedabad -> Jaipur -> Indore -> Udaipur -> Jodhpur,machinery,8251.4,1
838,52.1,4,True,119.7,60772.0,0.225,Vadodara -> Ahmedabad -> Nashik -> Pune -> Bangalore,machinery,8251.7,1
839,52.34,4,True,69.0,52475.0,0.362,Bhopal -> Nagpur -> Raipur -> Bhubaneswar -> Visakhapatnam,machinery,8252.1,1
840,-23.69,5,False,159.6,73420.0,1.043,Surat -> Mumbai -> Nagpur -> Jabalpur -> Raipur -> Bhubaneswar,pharmaceuticals,8252.5,1
841,53.3,2,True,39.6,20867.0,0.223,Raipur -> Jabalpur -> Bhopal,machinery,8252.7,1
842,24.98,5,True,224.3,50329.0,2.175,Thiruvananthapuram -> Kochi -> Coimbatore -> Bangalore -> Pune -> Nashik,electronics,8253.1,1
843,-18.45,5,False,114.1,61099.0,0.419,Varanasi -> Kanpur -> Delhi -> Bhopal -> Jabalpur -> Nagpur,fmcg,8253.6,1
844,-37.48,5,False,153.2,67251.0,0.276,Visakhapatnam -> Bhubaneswar -> Raipur -> Jabalpur -> Bhopal -> Indore,fmcg,8254.0,1
845,43.49,4,True,153.6,53015.0,1.109,Lucknow -> Kanpur -> Delhi -> Jaipur -> Jodhpur,electronics,8254.3,1
846,-32.41,5,False,104.1,62209.0,0.28,Nagpur -> Raipur -> Jabalpur -> Nagpur -> Raipur -> Bhubaneswar,electronics,8254.7,1
847,42.29,5,True,99.2,60457.0,0.933,Hubli -> Bangalore -> Pune -> Nashik -> Ahmedabad -> Rajkot,perishables,8255.2,1
848,-45.15,3,False,135.7,49555.0,0.736,Mumbai -> Nagpur -> Raipur -> Bhubaneswar,perishables,8255.4,1
849,-23.4,5,False,65.7,37034.0,1.428,Vadodara -> Ahmedabad -> Nashik -> Mumbai -> Pune -> Nashik,electronics,8255.8,1
850,5.33,4,True,159.7,60586.0,0.726,Amritsar -> Ludhiana -> Delhi -> Jaipur -> Ahmedabad,perishables,8256.2,1
851,-32.47,5,False,102.1,65062.0,0.633,Chandigarh -> Delhi -> Lucknow -> Agra -> Delhi -> Bhopal,machinery,8256.6,1
852,52.06,3,True,86.8,37633.0,0.275,Amritsar -> Ludhiana -> Delhi -> Kanpur,machinery,8256.9,1
853,-42.49,5,False,103.7,31358.0,1.065,Surat -> Mumbai -> Nashik -> Pune -> Mumbai -> Surat,perishables,8257.3,1
854,-18.31,5,False,117.1,47695.0,0.323,Hubli -> Mangalore -> Mysore -> Bangalore -> Pune -> Mumbai,textiles,8257.7,1
855,45.32,4,True,174.6,83583.0,1.207,Hubli -> Bangalore -> Pune -> Mumbai -> Ahmedabad,pharmaceuticals,8258.2,1
856,47.13,3,True,82.1,45111.0,0.616,Hubli -> Bangalore -> Coimbatore -> Chennai,pharmaceuticals,8258.5,1
857,52.07,1,True,16.7,8191.0,0.03,Bhopal -> Jabalpur,perishables,8258.5,1
858,53.67,1,True,2.2,3338.0,0.02,Ludhiana -> Chandigarh,machinery,8258.6,1
859,-32.21,5,False,189.2,99798.0,0.606,Nashik -> Ahmedabad -> Rajkot -> Surat -> Mumbai -> Nagpur,machinery,8259.1,1
860,-13.55,5,False,110.5,72778.0,0.637,Madurai -> Coimbatore -> Chennai -> Bangalore -> Pune -> Mumbai,pharmaceuticals,8259.5,1
861,47.91,2,True,87.4,37055.0,0.264,Mumbai -> Ahmedabad -> Jaipur,perishables,8259.6,1
862,39.03,5,True,86.1,69919.0,0.513,Bangalore -> Pune -> Mumbai -> Nashik -> Ahmedabad -> Jaipur,machinery,8260.1,1
863,-31.85,5,False,142.2,77003.0,0.633,Ludhiana -> Delhi -> Lucknow -> Kanpur -> Delhi -> Jaipur,machinery,9230.5,1
864,43.84,3,True,163.8,56560.0,0.157,Indore -> Bhopal -> Delhi -> Lucknow,textiles,9230.7,1
865,-59.78,2,False,147.8,25555.0,0.222,Mumbai -> Ahmedabad -> Udaipur,perishables,9230.7,1
866,57.96,3,True,27.9,38426.0,0.202,Delhi -> Bhopal -> Nagpur -> Raipur,electronics,9230.8,1
867,44.8,4,True,142.7,46182.0,1.081,Surat -> Rajkot -> Ahmedabad -> Indore -> Bhopal,pharmaceuticals,9230.9,1
868,53.73,4,True,97.8,60771.0,0.41,Delhi -> Bhopal -> Nagpur -> Hyderabad -> Bangalore,perishables,9231.0,1
869,-49.33,3,False,159.9,39691.0,0.902,Visakhapatnam -> Hyderabad -> Nagpur -> Bhopal,perishables,9231.1,1
870,54.3,2,True,31.3,13291.0,0.353,Vadodara -> Ahmedabad -> Udaipur,pharmaceuticals,9231.2,1
871,-20.62,5,False,95.3,30699.0,0.332,Amritsar -> Ludhiana -> Chandigarh -> Delhi -> Jaipur -> Jodhpur,textiles,9231.4,1
872,-12.36,5,False,58.9,43160.0,0.353,Ludhiana -> Delhi -> Agra -> Lucknow -> Kanpur -> Varanasi,machinery,9231.5,1
873,52.62,1,True,11.2,7329.0,0.09,Mumbai -> Surat,pharmaceuticals,9231.5,1
874,50.11,4,True,138.6,62748.0,0.303,Hyderabad -> Nagpur -> Bhopal -> Delhi -> Jaipur,machinery,9231.6,1
875,-18.15,5,False,206.8,70257.0,0.72,Thiruvananthapuram -> Kochi -> Coimbatore -> Chennai -> Visakhapatnam -> Bhubaneswar,machinery,9231.7,1
876,-28.82,5,False,117.0,68596.0,0.135,Varanasi -> Patna -> Kolkata -> Guwahati -> Kolkata -> Bhubaneswar,fmcg,9231.9,1
877,52.87,1,True,8.4,7913.0,0.109,Nagpur -> Jabalpur,pharmaceuticals,9231.9,1
878,-14.4,5,False,169.1,71146.0,0.702,Thiruvananthapuram -> Kochi -> Bangalore -> Hyderabad -> Nagpur -> Bhopal,machinery,9232.0,1
879,54.79,2,True,24.3,24635.0,0.08,Delhi -> Bhopal -> Indore,electronics,9232.1,1
880,50.84,1,True,27.2,10143.0,0.283,Udaipur -> Indore,electronics,9232.1,1
881,-15.8,5,False,92.0,51205.0,0.135,Jaipur -> Delhi -> Agra -> Gwalior -> Bhopal -> Nagpur,fmcg,9232.2,1
882,-13.75,5,False,115.8,57264.0,0.898,Bhubaneswar -> Kolkata -> Ranchi -> Varanasi -> Kanpur -> Delhi,electronics,9232.4,1
883,53.06,2,True,39.6,28857.0,0.223,Mysore -> Bangalore -> Hyderabad,machinery,9232.4,1
884,36.73,5,True,118.3,42505.0,0.335,Ranchi -> Varanasi -> Kanpur -> Agra -> Delhi -> Chandigarh,fmcg,9232.5,1
885,-11.12,5,False,139.0,70774.0,0.184,Kolkata -> Patna -> Lucknow -> Delhi -> Jaipur -> Ahmedabad,textiles,9232.7,1
886,-54.08,4,False,252.5,77131.0,1.324,Kochi -> Bangalore -> Hyderabad -> Visakhapatnam -> Bhubaneswar,pharmaceuticals,9232.8,1
887,53.89,4,True,58.7,31465.0,0.603,Indore -> Udaipur -> Ahmedabad -> Rajkot -> Surat,perishables,9232.9,1
888,40.48,2,True,163.6,27214.0,0.678,Ranchi -> Bhubaneswar -> Raipur,electronics,9233.0,1
889,51.58,3,True,91.1,41854.0,0.128,Nashik -> Mumbai -> Nagpur -> Hyderabad,fmcg,9233.0,1
890,30.86,3,True,297.2,29346.0,1.068,Coimbatore -> Bangalore -> Hubli -> Mangalore,electronics,9233.1,1
891,31.8,5,True,204.1,84242.0,0.532,Kochi -> Coimbatore -> Chennai -> Visakhapatnam -> Bhubaneswar -> Kolkata,fmcg,9233.2,1
892,-27.71,5,False,230.1,64921.0,1.599,Kochi -> Coimbatore -> Chennai -> Hyderabad -> Nagpur -> Bhopal,pharmaceuticals,9233.3,1
893,33.53,5,True,145.3,60855.0,0.243,Surat -> Rajkot -> Ahmedabad -> Indore -> Bhopal -> Gwalior,machinery,9233.4,1
894,50.65,3,True,52.2,23734.0,0.836,Kanpur -> Agra -> Gwalior -> Bhopal,perishables,9233.5,1
895,46.31,3,True,141.7,44741.0,0.344,Hubli -> Bangalore -> Chennai -> Visakhapatnam,fmcg,9233.6,1
896,-20.81,5,False,133.4,57517.0,1.478,Gwalior -> Bhopal -> Jabalpur -> Nagpur -> Mumbai -> Nashik,pharmaceuticals,9233.7,1
897,-35.2,5,False,278.2,63314.0,0.955,Agra -> Kanpur -> Varanasi -> Patna -> Kolkata -> Bhubaneswar,electronics,9233.8,1
898,48.86,2,True,80.0,31363.0,0.388,Mumbai -> Nagpur -> Jabalpur,perishables,9233.8,1
899,51.89,1,True,15.9,7760.0,0.58,Kochi -> Thiruvananthapuram,pharmaceuticals,9233.9,1
900,46.4,2,True,105.0,31450.0,0.319,Hyderabad -> Bangalore -> Kochi,machinery,9233.9,1
901,52.58,4,True,106.5,57633.0,0.581,Lucknow -> Patna -> Kolkata -> Bhubaneswar -> Raipur,perishables,9234.8,1
902,-11.69,5,False,99.8,53417.0,0.213,Bangalore -> Pune -> Mumbai -> Nashik -> Ahmedabad -> Udaipur,textiles,9235.0,1
903,29.04,5,True,183.5,49417.0,2.263,Amritsar -> Ludhiana -> Chandigarh -> Delhi -> Bhopal -> Nagpur,electronics,9235.1,1
904,-19.09,5,False,114.9,80912.0,0.331,Mysore -> Mangalore -> Hubli -> Bangalore -> Hyderabad -> Nagpur,fmcg,9235.2,1
905,53.32,4,True,65.0,36040.0,0.189,Jabalpur -> Bhopal -> Indore -> Ahmedabad -> Nashik,fmcg,9235.4,1
906,-20.41,5,False,128.4,62561.0,1.394,Kanpur -> Varanasi -> Patna -> Kolkata -> Bhubaneswar -> Visakhapatnam,electronics,9235.5,1
907,50.61,3,True,101.2,38361.0,0.257,Jabalpur -> Bhopal -> Delhi -> Chandigarh,fmcg,9235.6,1
908,-25.38,5,False,174.4,92889.0,0.292,Chennai -> Visakhapatnam -> Bhubaneswar -> Kolkata -> Ranchi -> Varanasi,fmcg,9235.7,1
909,33.62,5,True,137.1,66414.0,1.354,Bhopal -> Nagpur -> Hyderabad -> Chennai -> Coimbatore -> Kochi,pharmaceuticals,9235.8,1
910,54.83,3,True,57.6,44361.0,0.159,Hyderabad -> Nagpur -> Mumbai -> Nashik,machinery,9235.9,1
911,55.9,2,True,16.4,13550.0,0.101,Agra -> Delhi -> Jaipur,perishables,9236.0,1
912,42.37,5,True,102.4,70746.0,0.537,Indore -> Bhopal -> Nagpur -> Hyderabad -> Bangalore -> Hubli,machinery,9236.1,1
913,-42.84,5,False,299.1,82533.0,0.908,Jodhpur -> Udaipur -> Indore -> Jaipur -> Delhi -> Bhopal,electronics,9236.2,1
914,-90.81,5,False,672.8,52744.0,2.012,Bangalore -> Coimbatore -> Madurai -> Mysore -> Bangalore -> Pune,electronics,9236.3,1
915,-34.19,5,False,199.5,107088.0,1.005,Kolkata -> Guwahati -> Kolkata -> Bhubaneswar -> Visakhapatnam -> Chennai,pharmaceuticals,9236.5,1
916,-30.43,5,False,88.7,46691.0,0.319,Indore -> Bhopal -> Gwalior -> Agra -> Delhi -> Bhopal,fmcg,9236.6,1
917,53.64,4,True,100.3,68551.0,0.543,Bangalore -> Hyderabad -> Visakhapatnam -> Bhubaneswar -> Kolkata,machinery,9236.7,1
918,53.33,1,True,5.7,2750.0,0.051,Lucknow -> Kanpur,fmcg,9236.7,1
919,28.58,2,True,280.4,32567.0,0.156,Kochi -> Bangalore -> Hubli,fmcg,9236.8,1
920,29.85,5,True,181.0,59789.0,0.513,Thiruvananthapuram -> Kochi -> Coimbatore -> Bangalore -> Hyderabad -> Nagpur,machinery,9236.9,1
921,40.53,2,True,160.1,46935.0,0.119,Nagpur -> Bhopal -> Delhi,textiles,9237.0,1
922,20.92,5,True,317.4,64295.0,0.819,Ranchi -> Varanasi -> Kanpur -> Delhi -> Jaipur -> Indore,electronics,9237.1,1
923,53.02,1,True,7.8,4644.0,0.121,Nashik -> Mumbai,perishables,9237.1,1
924,54.38,4,True,96.5,60736.0,0.299,Agra -> Lucknow -> Patna -> Kolkata -> Guwahati,machinery,9237.2,1
925,36.97,5,True,104.7,77195.0,0.486,Coimbatore -> Madurai -> Chennai -> Hyderabad -> Nagpur -> Raipur,electronics,9237.4,1
926,-16.25,5,False,92.6,62462.0,0.232,Nashik -> Ahmedabad -> Jaipur -> Delhi -> Agra -> Lucknow,fmcg,9237.5,1
927,52.15,4,True,73.4,46475.0,0.241,Pune -> Nashik -> Ahmedabad -> Udaipur -> Indore,fmcg,9237.7,1
928,57.01,4,True,76.7,41521.0,0.159,Jaipur -> Delhi -> Kanpur -> Varanasi -> Ranchi,textiles,9237.8,1
929,57.73,4,True,64.2,50303.0,0.683,Vadodara -> Ahmedabad -> Nashik -> Pune -> Bangalore,pharmaceuticals,9238.0,1
930,-18.23,5,False,163.7,51356.0,0.634,Jodhpur -> Udaipur -> Indore -> Bhopal -> Nagpur -> Hyderabad,machinery,9238.2,1
931,-71.77,5,False,276.9,76846.0,0.684,Amritsar -> Ludhiana -> Delhi -> Bhopal -> Nagpur -> Hyderabad,perishables,9238.3,1
932,56.44,2,True,10.7,14727.0,0.114,Varanasi -> Kanpur -> Lucknow,machinery,9238.4,1
933,42.2,2,True,146.7,30638.0,0.426,Mumbai -> Pune -> Bangalore,machinery,9238.5,1
934,3.77,3,True,141.6,49527.0,0.702,Guwahati -> Kolkata -> Patna -> Lucknow,perishables,9238.6,1
935,43.04,4,True,213.6,46279.0,0.431,Thiruvananthapuram -> Kochi -> Bangalore -> Hyderabad -> Nagpur,fmcg,9238.7,1
936,51.86,2,True,51.1,31524.0,0.165,Nagpur -> Hyderabad -> Chennai,pharmaceuticals,9238.8,1
937,-12.84,5,False,109.8,54099.0,0.464,Varanasi -> Kanpur -> Agra -> Delhi -> Jaipur -> Ahmedabad,machinery,9238.9,1
938,54.88,3,True,54.4,49695.0,0.367,Hubli -> Bangalore -> Hyderabad -> Nagpur,perishables,9239.0,1
939,49.4,2,True,30.9,10325.0,0.408,Pune -> Nashik -> Mumbai,electronics,9239.1,1
940,-39.57,5,False,230.8,43134.0,0.387,Patna -> Varanasi -> Kanpur -> Agra -> Delhi -> Ludhiana,textiles,9239.2,1
941,-12.34,5,False,105.7,56303.0,0.161,Varanasi -> Kanpur -> Agra -> Delhi -> Jaipur -> Ahmedabad,textiles,9239.4,1
942,53.35,2,True,39.2,17695.0,0.397,Bhopal -> Indore -> Udaipur,perishables,9239.4,1
943,-16.31,5,False,96.4,46281.0,0.552,Nagpur -> Bhopal -> Gwalior -> Agra -> Delhi -> Ludhiana,machinery,9239.5,1
944,51.11,3,True,93.3,43831.0,0.495,Kanpur -> Varanasi -> Patna -> Kolkata,electronics,9239.6,1
945,-57.13,3,False,185.9,67814.0,0.203,Indore -> Ahmedabad -> Mumbai -> Nagpur,perishables,9239.7,1
946,48.57,4,True,150.3,68230.0,0.697,Coimbatore -> Chennai -> Visakhapatnam -> Bhubaneswar -> Ranchi,electronics,9239.8,1
947,49.22,2,True,76.9,27920.0,0.511,Mysore -> Bangalore -> Pune,pharmaceuticals,9239.8,1
948,26.23,5,True,207.9,91351.0,0.479,Udaipur -> Indore -> Ahmedabad -> Mumbai -> Pune -> Bangalore,machinery,9239.9,1
949,52.32,4,True,69.1,57632.0,0.08,Bhubaneswar -> Visakhapatnam -> Hyderabad -> Bangalore -> Coimbatore,textiles,9240.1,1
950,-37.18,5,False,57.6,42206.0,0.322,Varanasi -> Patna -> Lucknow -> Kanpur -> Varanasi -> Patna,pharmaceuticals,9240.2,1
951,-19.16,5,False,120.0,66991.0,0.315,Patna -> Lucknow -> Agra -> Delhi -> Jaipur -> Indore,pharmaceuticals,9240.3,1
952,30.72,5,True,216.1,82604.0,0.393,Chennai -> Hyderabad -> Nagpur -> Bhopal -> Delhi -> Chandigarh,electronics,9240.4,1
953,-20.6,5,False,138.3,49446.0,0.576,Ludhiana -> Delhi -> Agra -> Gwalior -> Bhopal -> Nagpur,electronics,9240.6,1
954,-9.66,5,False,33.6,38201.0,0.308,Chandigarh -> Delhi -> Agra -> Gwalior -> Bhopal -> Nagpur,pharmaceuticals,9240.7,1
955,46.8,1,True,66.3,17698.0,0.078,Agra -> Lucknow,fmcg,9240.7,1
956,55.28,3,True,55.7,34127.0,0.246,Gwalior -> Bhopal -> Nagpur -> Hyderabad,fmcg,9240.8,1
957,-20.15,5,False,119.0,61889.0,0.437,Coimbatore -> Madurai -> Mysore -> Bangalore -> Hyderabad -> Nagpur,perishables,9240.9,1
958,50.04,3,True,103.1,53415.0,0.081,Jabalpur -> Nagpur -> Hyderabad -> Visakhapatnam,textiles,9241.0,1
959,50.65,2,True,59.8,38626.0,0.424,Raipur -> Bhubaneswar -> Visakhapatnam,perishables,9241.0,1
960,-64.49,4,False,293.1,59617.0,1.153,Chennai -> Bangalore -> Pune -> Mumbai -> Surat,perishables,9241.1,1
961,-32.54,5,False,61.0,46090.0,0.106,Varanasi -> Kanpur -> Delhi -> Chandigarh -> Ludhiana -> Delhi,fmcg,9241.2,1
962,-27.67,5,False,307.1,59525.0,0.358,Thiruvananthapuram -> Kochi -> Bangalore -> Pune -> Mumbai -> Ahmedabad,textiles,9241.4,1
963,39.21,5,True,85.3,71885.0,0.207,Chandigarh -> Delhi -> Bhopal -> Indore -> Ahmedabad -> Mumbai,machinery,9241.5,1
964,51.64,1,True,19.3,12572.0,0.1,Bangalore -> Kochi,machinery,9241.5,1
965,50.01,3,True,104.2,39042.0,0.792,Raipur -> Jabalpur -> Bhopal -> Indore,pharmaceuticals,9241.5,1
966,40.37,5,True,78.1,44839.0,0.946,Bhubaneswar -> Ranchi -> Varanasi -> Kanpur -> Agra -> Gwalior,electronics,9241.7,1
967,51.95,1,True,15.4,15762.0,0.071,Hubli -> Bangalore,machinery,9241.7,1
968,25.89,5,True,212.2,85462.0,0.642,Kolkata -> Ranchi -> Varanasi -> Kanpur -> Delhi -> Bhopal,electronics,9241.8,1
969,-18.29,5,False,104.0,57321.0,1.012,Hyderabad -> Nagpur -> Mumbai -> Pune -> Nashik -> Ahmedabad,perishables,9241.9,1
970,34.1,5,True,184.8,77226.0,0.214,Hubli -> Bangalore -> Pune -> Mumbai -> Ahmedabad -> Jaipur,textiles,9242.0,1
971,39.44,5,True,129.9,83235.0,0.146,Guwahati -> Kolkata -> Patna -> Lucknow -> Delhi -> Chandigarh,textiles,9242.1,1
972,53.31,4,True,106.6,64015.0,0.209,Raipur -> Jabalpur -> Bhopal -> Delhi -> Ludhiana,fmcg,9242.2,1
973,-24.35,5,False,201.8,97163.0,1.345,Guwahati -> Kolkata -> Ranchi -> Bhubaneswar -> Visakhapatnam -> Chennai,pharmaceuticals,9242.4,1
974,52.38,2,True,49.7,19113.0,0.162,Jodhpur -> Jaipur -> Delhi,textiles,9242.4,1
975,-68.05,4,False,226.3,46577.0,0.56,Jodhpur -> Udaipur -> Ahmedabad -> Jaipur -> Indore,perishables,9242.5,1
976,-11.05,5,False,136.9,74803.0,0.247,Kolkata -> Patna -> Lucknow -> Delhi -> Jaipur -> Ahmedabad,textiles,9242.6,1
977,-21.59,5,False,193.3,67993.0,0.449,Patna -> Lucknow -> Delhi -> Bhopal -> Nagpur -> Hyderabad,fmcg,9242.7,1
978,44.42,2,True,121.0,42200.0,0.418,Visakhapatnam -> Chennai -> Madurai,machinery,9242.8,1
979,51.07,2,True,59.2,30162.0,0.213,Kanpur -> Delhi -> Chandigarh,perishables,9243.0,1
980,-66.17,5,False,120.6,59060.0,0.747,Bhopal -> Jabalpur -> Raipur -> Nagpur -> Mumbai -> Pune,perishables,9243.1,1
981,52.46,2,True,46.9,20470.0,0.469,Kanpur -> Varanasi -> Ranchi,pharmaceuticals,9243.1,1
982,-18.9,5,False,71.6,52903.0,0.312,Jabalpur -> Bhopal -> Indore -> Ahmedabad -> Nashik -> Pune,machinery,9243.2,1
983,-42.47,5,False,296.1,60713.0,0.519,Hubli -> Bangalore -> Hyderabad -> Nagpur -> Bhopal -> Jabalpur,fmcg,9243.4,1
984,-35.4,5,False,222.2,100294.0,0.339,Hyderabad -> Visakhapatnam -> Bhubaneswar -> Raipur -> Nagpur -> Mumbai,fmcg,9243.5,1
985,52.36,1,True,12.9,11180.0,0.03,Ranchi -> Varanasi,textiles,9243.5,1
986,54.09,2,True,29.7,30124.0,0.08,Nagpur -> Hyderabad -> Bangalore,electronics,9243.5,1
987,-39.92,5,False,180.3,51144.0,0.711,Mangalore -> Mysore -> Bangalore -> Chennai -> Madurai -> Mysore,machinery,9243.6,1
988,50.77,2,True,62.8,28501.0,0.192,Kochi -> Bangalore -> Hyderabad,textiles,9243.7,1
989,-22.28,5,False,148.9,64721.0,0.892,Coimbatore -> Chennai -> Hyderabad -> Nagpur -> Bhopal -> Gwalior,electronics,9243.8,1
990,-14.18,5,False,73.1,57140.0,0.315,Vadodara -> Ahmedabad -> Udaipur -> Indore -> Bhopal -> Nagpur,machinery,9243.9,1
991,-62.16,2,False,270.2,39454.0,0.509,Guwahati -> Kolkata -> Bhubaneswar,pharmaceuticals,9244.0,1
992,-24.12,5,False,163.7,75268.0,0.995,Bhubaneswar -> Raipur -> Jabalpur -> Bhopal -> Nagpur -> Mumbai,pharmaceuticals,9244.1,1
993,35.1,4,True,286.2,51677.0,1.463,Thiruvananthapuram -> Kochi -> Bangalore -> Pune -> Nashik,electronics,9244.1,1
994,54.69,4,True,91.2,49912.0,1.392,Raipur -> Jabalpur -> Bhopal -> Delhi -> Kanpur,pharmaceuticals,9244.2,1
995,-15.3,5,False,128.6,58016.0,1.396,Kochi -> Coimbatore -> Bangalore -> Hyderabad -> Nagpur -> Bhopal,pharmaceuticals,9244.3,1
996,-42.04,4,False,134.0,68728.0,0.25,Pune -> Mumbai -> Ahmedabad -> Jaipur -> Delhi,perishables,9244.4,1
997,53.89,4,True,60.3,27915.0,0.486,Kanpur -> Agra -> Gwalior -> Bhopal -> Indore,perishables,9244.5,1
998,50.08,1,True,34.8,13886.0,0.045,Jabalpur -> Nagpur,pharmaceuticals,9244.5,1
999,-15.07,5,False,132.9,50870.0,0.504,Rajkot -> Ahmedabad -> Nashik -> Mumbai -> Pune -> Bangalore,fmcg,9792.8,1
1000,7.25,3,True,120.1,41775.0,0.567,Surat -> Mumbai -> Pune -> Bangalore,perishables,9792.9,1
1001,52.36,2,True,43.8,40776.0,0.08,Hyderabad -> Bangalore -> Hubli,electronics,9793.8,1
1002,55.24,2,True,20.2,23907.0,0.04,Lucknow -> Delhi -> Jaipur,machinery,9793.9,1
1003,-45.13,3,False,141.8,25438.0,0.532,Gwalior -> Agra -> Delhi -> Ludhiana,perishables,9794.0,1
1004,52.84,1,True,8.6,9452.0,0.03,Madurai -> Mysore,perishables,9794.0,1
1005,-40.69,4,False,132.5,49030.0,0.702,Varanasi -> Kanpur -> Delhi -> Jaipur -> Ahmedabad,perishables,9794.1,1
1006,56.91,3,True,41.5,30069.0,0.085,Bhopal -> Indore -> Ahmedabad -> Rajkot,textiles,9794.1,1
1007,-12.08,5,False,53.4,51001.0,0.421,Patna -> Varanasi -> Kanpur -> Lucknow -> Delhi -> Bhopal,electronics,9794.2,1
1008,38.55,4,True,150.1,75997.0,0.329,Hyderabad -> Visakhapatnam -> Chennai -> Bangalore -> Pune,machinery,9794.3,1
1009,41.42,5,True,112.1,63154.0,0.935,Mangalore -> Mysore -> Bangalore -> Hyderabad -> Nagpur -> Jabalpur,pharmaceuticals,9794.4,1
1010,36.71,4,True,175.7,51792.0,0.321,Madurai -> Coimbatore -> Kochi -> Bangalore -> Hyderabad,fmcg,9794.5,1
1011,56.65,3,True,44.6,27880.0,0.11,Amritsar -> Ludhiana -> Delhi -> Agra,textiles,9794.6,1
1012,51.08,3,True,51.2,24420.0,0.14,Udaipur -> Ahmedabad -> Nashik -> Mumbai,textiles,9794.7,1
1013,48.92,3,True,108.4,42481.0,0.322,Nagpur -> Mumbai -> Surat -> Rajkot,perishables,9794.7,1
1014,54.22,2,True,29.7,24897.0,0.128,Nagpur -> Bhopal -> Gwalior,machinery,9794.8,1
1015,-29.61,5,False,123.7,66026.0,0.504,Ranchi -> Varanasi -> Kanpur -> Delhi -> Jaipur -> Ahmedabad,electronics,9794.9,1
1016,-20.27,5,False,180.3,70576.0,0.241,Hubli -> Bangalore -> Pune -> Mumbai -> Ahmedabad -> Jaipur,textiles,9795.0,1
1017,50.32,2,True,68.2,12811.0,0.946,Pune -> Mumbai -> Surat,perishables,9795.0,1
1018,50.41,3,True,94.1,52560.0,0.535,Pune -> Bangalore -> Chennai -> Visakhapatnam,perishables,9795.1,1
1019,-55.01,5,False,468.2,79435.0,1.6,Kochi -> Bangalore -> Hyderabad -> Nagpur -> Bhopal -> Indore,electronics,9795.2,1
1020,30.91,5,True,168.9,66469.0,0.419,Jodhpur -> Jaipur -> Indore -> Bhopal -> Jabalpur -> Nagpur,electronics,9795.3,1
1021,-30.51,5,False,275.5,91673.0,0.423,Guwahati -> Kolkata -> Ranchi -> Bhubaneswar -> Visakhapatnam -> Chennai,machinery,9795.4,1
1022,58.32,4,True,61.8,40786.0,0.561,Hyderabad -> Nagpur -> Bhopal -> Gwalior -> Agra,pharmaceuticals,9795.5,1
1023,52.61,2,True,47.1,17521.0,0.314,Jaipur -> Delhi -> Ludhiana,perishables,9795.5,1
1024,44.89,3,True,157.3,33923.0,0.739,Mangalore -> Mysore -> Bangalore -> Pune,electronics,9795.6,1
1025,51.24,3,True,91.9,39503.0,0.765,Visakhapatnam -> Chennai -> Coimbatore -> Kochi,pharmaceuticals,9795.7,1
1026,51.21,3,True,93.0,42165.0,0.447,Guwahati -> Kolkata -> Bhubaneswar -> Visakhapatnam,electronics,9795.7,1
1027,50.23,2,True,64.9,34388.0,0.511,Ranchi -> Bhubaneswar -> Visakhapatnam,electronics,9795.8,1
1028,-45.8,3,False,133.7,45430.0,0.295,Guwahati -> Kolkata -> Bhubaneswar -> Raipur,perishables,9795.8,1
1029,-31.33,5,False,323.6,120816.0,0.676,Chandigarh -> Delhi -> Bhopal -> Nagpur -> Hyderabad -> Chennai,machinery,9795.9,1
1030,52.65,4,True,112.9,53443.0,0.916,Indore -> Bhopal -> Delhi -> Ludhiana -> Amritsar,electronics,9796.0,1
1031,22.74,2,True,328.8,44903.0,0.359,Chennai -> Visakhapatnam -> Bhubaneswar,fmcg,9796.1,1
1032,-55.36,2,False,185.4,41749.0,0.384,Chandigarh -> Delhi -> Bhopal,perishables,9796.1,1
1033,49.14,4,True,148.6,60949.0,0.333,Visakhapatnam -> Hyderabad -> Nagpur -> Bhopal -> Delhi,fmcg,9796.2,1
1034,-22.4,5,False,102.3,58381.0,0.843,Raipur -> Nagpur -> Hyderabad -> Chennai -> Coimbatore -> Kochi,electronics,9796.3,1
1035,-18.88,5,False,118.2,64254.0,0.257,Guwahati -> Kolkata -> Patna -> Varanasi -> Kanpur -> Agra,fmcg,9796.4,1
1036,46.49,1,True,68.2,16217.0,0.407,Hyderabad -> Bangalore,perishables,9796.5,1
1037,37.78,3,True,170.9,59777.0,0.686,Pune -> Bangalore -> Hyderabad -> Chennai,electronics,9796.5,1
1038,54.3,2,True,28.5,21924.0,0.383,Kanpur -> Varanasi -> Ranchi,electronics,9796.6,1
1039,-33.63,5,False,253.0,107228.0,0.207,Pune -> Bangalore -> Coimbatore -> Madurai -> Chennai -> Visakhapatnam,fmcg,9796.7,1
1040,-36.87,5,False,99.1,61956.0,0.194,Kanpur -> Lucknow -> Patna -> Varanasi -> Kanpur -> Agra,textiles,9796.8,1
1041,52.16,2,True,46.7,32831.0,0.385,Bhopal -> Nagpur -> Hyderabad,perishables,9796.8,1
1042,-71.77,5,False,261.5,60248.0,1.738,Thiruvananthapuram -> Kochi -> Bangalore -> Coimbatore -> Chennai -> Visakhapatnam,pharmaceuticals,9796.9,1
1043,50.14,1,True,32.1,20375.0,0.069,Visakhapatnam -> Chennai,machinery,9797.0,1
1044,29.92,5,True,215.3,65880.0,1.554,Amritsar -> Ludhiana -> Delhi -> Jaipur -> Ahmedabad -> Udaipur,pharmaceuticals,9797.1,1
1045,-16.1,5,False,89.3,66391.0,0.358,Chennai -> Hyderabad -> Nagpur -> Bhopal -> Gwalior -> Agra,fmcg,9797.3,1
1046,-71.55,4,False,275.6,41420.0,1.19,Indore -> Udaipur -> Jodhpur -> Jaipur -> Delhi,perishables,9797.4,1
1047,51.44,3,True,95.0,30823.0,0.279,Agra -> Gwalior -> Bhopal -> Jabalpur,electronics,9797.5,1
1048,41.08,4,True,228.9,64267.0,0.201,Kolkata -> Bhubaneswar -> Visakhapatnam -> Chennai -> Bangalore,textiles,9797.6,1
1049,-21.03,5,False,176.7,106573.0,0.317,Kolkata -> Ranchi -> Bhubaneswar -> Visakhapatnam -> Chennai -> Coimbatore,fmcg,9797.7,1
1050,-40.48,5,False,237.7,50156.0,0.421,Surat -> Mumbai -> Pune -> Nashik -> Mumbai -> Nagpur,textiles,9797.8,1
1051,-38.98,5,False,73.2,49349.0,0.356,Jaipur -> Delhi -> Agra -> Kanpur -> Delhi -> Jaipur,electronics,9797.9,1
1052,54.53,4,True,99.2,40612.0,0.675,Jaipur -> Delhi -> Kanpur -> Varanasi -> Ranchi,pharmaceuticals,9798.0,1
1053,52.01,4,True,124.6,45925.0,0.309,Kanpur -> Varanasi -> Ranchi -> Bhubaneswar -> Visakhapatnam,textiles,9798.1,1
1054,-29.71,5,False,271.9,66413.0,1.051,Udaipur -> Indore -> Ahmedabad -> Nashik -> Pune -> Bangalore,electronics,9798.2,1
1055,49.79,2,True,71.7,27510.0,0.422,Bhopal -> Delhi -> Ludhiana,electronics,9798.2,1
1056,55.44,4,True,43.9,27639.0,0.697,Kanpur -> Agra -> Gwalior -> Bhopal -> Indore,electronics,9798.3,1
1057,56.22,3,True,47.4,31404.0,0.189,Jodhpur -> Jaipur -> Delhi -> Ludhiana,machinery,9798.4,1
1058,49.44,2,True,74.2,37344.0,0.04,Pune -> Bangalore -> Hubli,textiles,9798.4,1
1059,53.1,2,True,41.3,23442.0,0.136,Jodhpur -> Jaipur -> Delhi,electronics,9798.5,1
1060,37.0,2,True,188.5,45494.0,0.869,Jaipur -> Delhi -> Lucknow,pharmaceuticals,9798.5,1
1061,49.49,3,True,107.5,53109.0,0.332,Raipur -> Nagpur -> Mumbai -> Surat,machinery,9798.6,1
1062,39.74,2,True,120.5,33296.0,0.412,Bangalore -> Hyderabad -> Chennai,electronics,9798.6,1
1063,-7.49,5,False,104.4,54973.0,0.806,Agra -> Gwalior -> Bhopal -> Nagpur -> Hyderabad -> Chennai,pharmaceuticals,9798.7,1
1064,53.19,1,True,5.1,9052.0,0.045,Bhopal -> Jabalpur,pharmaceuticals,9798.8,1
1065,49.8,4,True,98.6,39278.0,0.324,Kanpur -> Lucknow -> Delhi -> Jaipur -> Indore,fmcg,9798.9,1
1066,-84.65,5,False,373.5,74787.0,0.823,Agra -> Gwalior -> Bhopal -> Nagpur -> Hyderabad -> Bangalore,perishables,9799.0,1
1067,-48.19,5,False,497.2,89710.0,1.551,Patna -> Ranchi -> Bhubaneswar -> Visakhapatnam -> Hyderabad -> Bangalore,electronics,9799.1,1
1068,33.03,5,True,94.7,58430.0,0.795,Kanpur -> Lucknow -> Agra -> Gwalior -> Bhopal -> Jabalpur,perishables,9799.2,1
1069,-30.92,5,False,340.4,56027.0,0.406,Jodhpur -> Udaipur -> Ahmedabad -> Mumbai -> Pune -> Bangalore,textiles,9799.3,1
1070,-33.35,5,False,166.0,53628.0,0.292,Thiruvananthapuram -> Kochi -> Bangalore -> Hubli -> Mangalore -> Mysore,textiles,9799.4,1
1071,54.04,3,True,67.5,35509.0,0.28,Mangalore -> Mysore -> Madurai -> Chennai,electronics,9799.5,1
1072,-71.75,5,False,126.4,48744.0,1.018,Agra -> Kanpur -> Lucknow -> Patna -> Ranchi -> Varanasi,perishables,9799.6,1
1073,-38.97,5,False,124.7,44585.0,0.333,Jodhpur -> Udaipur -> Indore -> Ahmedabad -> Udaipur -> Indore,textiles,9799.7,1
1074,-27.72,5,False,154.1,71937.0,0.303,Kolkata -> Guwahati -> Kolkata -> Patna -> Lucknow -> Delhi,fmcg,9799.8,1
1075,-53.79,3,False,131.2,27158.0,0.58,Mysore -> Mangalore -> Hubli -> Bangalore,perishables,9799.8,1
1076,-17.33,5,False,55.9,54773.0,0.189,Nashik -> Ahmedabad -> Vadodara -> Surat -> Mumbai -> Nagpur,textiles,9799.9,1
1077,-13.7,5,False,120.3,51172.0,0.273,Amritsar -> Ludhiana -> Delhi -> Bhopal -> Jabalpur -> Raipur,fmcg,9800.0,1
1078,52.28,4,True,117.9,59183.0,0.32,Coimbatore -> Chennai -> Visakhapatnam -> Bhubaneswar -> Kolkata,electronics,9800.1,1
1079,40.89,5,True,73.9,47833.0,0.567,Chandigarh -> Ludhiana -> Delhi -> Jaipur -> Jodhpur -> Udaipur,machinery,9800.2,1
1080,52.65,1,True,10.5,8443.0,0.09,Coimbatore -> Bangalore,perishables,9800.3,1
1081,-66.96,5,False,128.7,62358.0,0.614,Udaipur -> Jodhpur -> Jaipur -> Indore -> Ahmedabad -> Nashik,perishables,9800.4,1
1082,52.72,4,True,110.7,60549.0,0.8,Chennai -> Hyderabad -> Nagpur -> Bhopal -> Gwalior,pharmaceuticals,9800.5,1
1083,53.71,3,True,65.0,44033.0,0.935,Bhubaneswar -> Raipur -> Jabalpur -> Bhopal,pharmaceuticals,9800.6,1
1084,51.36,4,True,81.3,46661.0,0.232,Ludhiana -> Chandigarh -> Delhi -> Bhopal -> Jabalpur,fmcg,9800.6,1
1085,-22.9,5,False,205.8,69564.0,0.478,Udaipur -> Indore -> Ahmedabad -> Mumbai -> Pune -> Bangalore,fmcg,9800.8,1
1086,47.62,4,True,113.7,60044.0,0.42,Ranchi -> Kolkata -> Bhubaneswar -> Raipur -> Nagpur,machinery,9800.8,1
1087,-49.03,5,False,237.4,44684.0,1.801,Mumbai -> Ahmedabad -> Rajkot -> Surat -> Vadodara -> Ahmedabad,pharmaceuticals,9801.0,1
1088,55.76,3,True,50.2,35165.0,0.318,Varanasi -> Kanpur -> Delhi -> Jaipur,machinery,9801.0,1
1089,52.08,4,True,78.2,32660.0,0.241,Agra -> Delhi -> Chandigarh -> Ludhiana -> Amritsar,textiles,9801.1,1
1090,-11.18,4,True,207.0,61111.0,1.086,Visakhapatnam -> Chennai -> Coimbatore -> Kochi -> Bangalore,perishables,9801.2,1
1091,47.18,1,True,60.5,25274.0,0.03,Coimbatore -> Chennai,textiles,9801.2,1
1092,45.82,4,True,178.0,76858.0,0.141,Visakhapatnam -> Bhubaneswar -> Kolkata -> Patna -> Lucknow,machinery,9801.3,1
1093,53.05,2,True,41.8,23432.0,0.137,Kanpur -> Delhi -> Chandigarh,textiles,9801.4,1
1094,46.18,3,True,140.4,52893.0,0.392,Jabalpur -> Raipur -> Bhubaneswar -> Kolkata,machinery,9801.4,1
1095,-75.83,3,False,325.5,39845.0,1.366,Kochi -> Coimbatore -> Chennai -> Bangalore,pharmaceuticals,9801.5,1
1096,53.7,4,True,107.2,45734.0,0.411,Varanasi -> Ranchi -> Bhubaneswar -> Raipur -> Jabalpur,fmcg,9801.6,1
1097,60.12,4,True,41.7,54294.0,0.155,Ludhiana -> Delhi -> Jaipur -> Ahmedabad -> Nashik,machinery,9801.7,1
1098,-98.94,4,False,645.5,54221.0,1.606,Rajkot -> Surat -> Mumbai -> Pune -> Bangalore,pharmaceuticals,9801.7,1
1099,52.45,4,True,110.0,50312.0,0.355,Chandigarh -> Delhi -> Kanpur -> Varanasi -> Ranchi,perishables,9801.8,1
1100,-28.24,5,False,205.9,65723.0,1.359,Mysore -> Madurai -> Chennai -> Bangalore -> Pune -> Nashik,electronics,9801.9,1
1101,50.83,1,True,25.5,19218.0,0.076,Bhopal -> Nagpur,textiles,9802.8,1
1102,-25.85,5,False,45.5,37262.0,0.362,Udaipur -> Ahmedabad -> Vadodara -> Surat -> Rajkot -> Ahmedabad,fmcg,9802.9,1
1103,50.18,4,True,90.5,40319.0,0.692,Lucknow -> Agra -> Gwalior -> Bhopal -> Indore,perishables,9803.0,1
1104,48.65,2,True,81.0,40483.0,0.067,Guwahati -> Kolkata -> Bhubaneswar,textiles,9803.1,1
1105,51.61,2,True,52.5,25269.0,0.751,Ahmedabad -> Jaipur -> Delhi,electronics,9803.1,1
1106,52.66,1,True,10.1,9790.0,0.065,Jabalpur -> Bhopal,perishables,9803.1,1
1107,39.63,5,True,133.5,63638.0,0.219,Bhubaneswar -> Visakhapatnam -> Chennai -> Bangalore -> Mysore -> Mangalore,fmcg,9803.2,1
1108,-34.47,5,False,80.8,36836.0,0.583,Vadodara -> Ahmedabad -> Rajkot -> Surat -> Vadodara -> Ahmedabad,pharmaceuticals,9803.3,1
1109,-6.62,5,True,129.2,56437.0,0.703,Bangalore -> Hyderabad -> Nagpur -> Bhopal -> Indore -> Udaipur,perishables,9803.4,1
1110,53.03,1,True,7.8,5701.0,0.03,Delhi -> Agra,perishables,9803.5,1
1111,53.2,1,True,6.3,4839.0,0.045,Lucknow -> Kanpur,pharmaceuticals,9803.5,1
1112,39.39,4,True,197.8,54745.0,0.364,Mangalore -> Hubli -> Bangalore -> Coimbatore -> Chennai,textiles,9803.6,1
1113,49.99,1,True,31.2,28927.0,0.04,Ahmedabad -> Mumbai,electronics,9803.6,1
1114,38.79,5,True,142.3,60374.0,0.341,Amritsar -> Ludhiana -> Delhi -> Jaipur -> Jodhpur -> Udaipur,machinery,9803.7,1
1115,-16.26,5,False,138.0,78647.0,0.191,Agra -> Lucknow -> Delhi -> Bhopal -> Nagpur -> Hyderabad,textiles,9803.8,1
1116,55.59,4,True,82.5,64911.0,0.413,Delhi -> Jaipur -> Ahmedabad -> Mumbai -> Pune,machinery,9803.9,1
1117,-65.93,5,False,187.8,51594.0,1.097,Thiruvananthapuram -> Kochi -> Coimbatore -> Bangalore -> Hyderabad -> Nagpur,perishables,9804.0,1
1118,-35.2,5,False,83.5,44393.0,1.026,Rajkot -> Ahmedabad -> Mumbai -> Surat -> Rajkot -> Ahmedabad,pharmaceuticals,9804.1,1
1119,-26.84,5,False,95.9,61579.0,0.818,Delhi -> Agra -> Kanpur -> Delhi -> Jaipur -> Ahmedabad,electronics,9804.2,1
1120,46.86,2,True,100.3,33329.0,0.215,Delhi -> Bhopal -> Nagpur,machinery,9804.3,1
1121,31.99,1,True,209.7,32241.0,0.158,Chennai -> Coimbatore,machinery,9804.3,1
1122,50.6,2,True,63.1,30004.0,0.378,Guwahati -> Kolkata -> Bhubaneswar,perishables,9804.3,1
1123,-26.34,5,False,189.7,73819.0,0.316,Delhi -> Agra -> Gwalior -> Bhopal -> Nagpur -> Hyderabad,textiles,9804.4,1
1124,50.63,2,True,17.3,17966.0,0.203,Raipur -> Jabalpur -> Nagpur,electronics,9804.5,1
1125,53.46,3,True,69.9,26481.0,1.512,Rajkot -> Surat -> Mumbai -> Pune,pharmaceuticals,9804.5,1
1126,-13.84,5,False,115.6,73245.0,0.163,Coimbatore -> Bangalore -> Hyderabad -> Nagpur -> Mumbai -> Surat,textiles,9804.6,1
1127,56.05,3,True,50.0,24794.0,0.408,Nagpur -> Bhopal -> Gwalior -> Agra,perishables,9804.7,1
1128,53.83,3,True,71.3,28041.0,0.397,Jodhpur -> Jaipur -> Delhi -> Ludhiana,electronics,9804.8,1
1129,-13.76,5,False,115.6,64333.0,0.54,Nashik -> Pune -> Mumbai -> Nagpur -> Raipur -> Bhubaneswar,fmcg,9804.9,1
1130,56.09,2,True,13.8,16941.0,0.04,Agra -> Delhi -> Ludhiana,machinery,9804.9,1
1131,56.17,3,True,45.1,34757.0,0.559,Nashik -> Mumbai -> Nagpur -> Raipur,electronics,9805.0,1
1132,48.97,3,True,110.1,60965.0,0.376,Pune -> Bangalore -> Kochi -> Thiruvananthapuram,machinery,9805.1,1
1133,8.17,4,True,141.1,56582.0,0.236,Rajkot -> Ahmedabad -> Jaipur -> Delhi -> Lucknow,perishables,9805.2,1
1134,46.86,4,True,168.5,58084.0,1.091,Kanpur -> Delhi -> Jaipur -> Ahmedabad -> Rajkot,electronics,9805.2,1
1135,45.31,5,True,76.2,67591.0,0.1,Madurai -> Chennai -> Hyderabad -> Nagpur -> Bhopal -> Indore,machinery,9805.4,1
1136,-32.06,5,False,200.2,59080.0,0.535,Bhubaneswar -> Raipur -> Jabalpur -> Bhopal -> Indore -> Ahmedabad,electronics,9805.5,1
1137,54.75,2,True,26.6,16206.0,0.214,Gwalior -> Bhopal -> Indore,perishables,9805.5,1
1138,51.07,3,True,97.7,34094.0,0.286,Varanasi -> Kanpur -> Delhi -> Jaipur,textiles,9805.6,1
1139,19.04,5,True,325.8,86897.0,1.548,Jodhpur -> Jaipur -> Ahmedabad -> Mumbai -> Nagpur -> Hyderabad,electronics,9805.7,1
1140,52.48,1,True,13.0,6458.0,0.05,Mangalore -> Mysore,textiles,9805.7,1
1141,-49.66,4,False,121.0,67863.0,0.591,Hyderabad -> Nagpur -> Bhopal -> Indore -> Jaipur,perishables,9805.8,1
1142,54.21,4,True,56.9,33831.0,0.16,Varanasi -> Kanpur -> Agra -> Gwalior -> Bhopal,electronics,9805.9,1
1143,53.31,4,True,108.7,57647.0,0.174,Indore -> Bhopal -> Jabalpur -> Raipur -> Bhubaneswar,fmcg,10135.5,1
1144,48.12,4,True,111.7,47866.0,0.539,Ranchi -> Bhubaneswar -> Raipur -> Jabalpur -> Nagpur,machinery,10135.7,1
1145,51.72,4,True,123.3,49375.0,0.945,Nagpur -> Hyderabad -> Bangalore -> Kochi -> Thiruvananthapuram,pharmaceuticals,10135.8,1
1146,45.19,3,True,151.1,51569.0,0.316,Hyderabad -> Nagpur -> Mumbai -> Surat,fmcg,10135.9,1
1147,48.2,4,True,149.7,73208.0,1.263,Surat -> Mumbai -> Pune -> Bangalore -> Chennai,pharmaceuticals,10136.0,1
1148,37.04,5,True,101.7,59736.0,0.823,Raipur -> Nagpur -> Hyderabad -> Chennai -> Bangalore -> Mysore,perishables,10136.2,1
1149,-21.41,5,False,187.4,78533.0,0.618,Ranchi -> Bhubaneswar -> Visakhapatnam -> Chennai -> Madurai -> Coimbatore,machinery,10136.3,1
1150,-89.2,5,False,293.9,69172.0,1.272,Mumbai -> Nashik -> Ahmedabad -> Mumbai -> Pune -> Bangalore,pharmaceuticals,10136.4,1
1151,-70.39,2,False,259.0,22479.0,0.599,Ludhiana -> Delhi -> Agra,pharmaceuticals,10136.5,1
1152,-13.81,5,False,164.7,71313.0,0.4,Thiruvananthapuram -> Kochi -> Bangalore -> Chennai -> Visakhapatnam -> Bhubaneswar,machinery,10136.6,1
1153,52.22,3,True,82.0,47259.0,0.32,Varanasi -> Ranchi -> Bhubaneswar -> Visakhapatnam,electronics,10136.7,1
1154,-11.6,5,False,93.6,70343.0,0.265,Varanasi -> Patna -> Kolkata -> Bhubaneswar -> Visakhapatnam -> Chennai,machinery,10136.8,1
1155,56.4,3,True,49.4,19820.0,0.135,Vadodara -> Ahmedabad -> Indore -> Bhopal,pharmaceuticals,10136.9,1
1156,47.77,3,True,128.7,35439.0,0.589,Varanasi -> Kanpur -> Agra -> Gwalior,machinery,10137.0,1
1157,52.8,2,True,42.5,26391.0,0.328,Bhopal -> Nagpur -> Hyderabad,machinery,10137.0,1
1158,50.58,3,True,101.2,40591.0,0.154,Surat -> Rajkot -> Ahmedabad -> Indore,textiles,10137.1,1
1159,-24.81,5,True,329.9,76055.0,2.822,Bhopal -> Nagpur -> Hyderabad -> Bangalore -> Kochi -> Thiruvananthapuram,pharmaceuticals,10137.2,1
1160,-44.28,4,False,123.8,40047.0,0.727,Ranchi -> Varanasi -> Kanpur -> Lucknow -> Delhi,perishables,10137.4,1
1161,53.92,2,True,32.1,25030.0,0.253,Lucknow -> Patna -> Ranchi,machinery,10137.4,1
1162,55.86,4,True,82.1,60257.0,0.251,Vadodara -> Ahmedabad -> Mumbai -> Nagpur -> Hyderabad,perishables,10137.6,1
1163,29.63,5,True,222.4,80764.0,1.41,Bangalore -> Chennai -> Visakhapatnam -> Bhubaneswar -> Kolkata -> Patna,electronics,10137.8,1
1164,58.74,3,True,24.7,21685.0,0.27,Pune -> Mumbai -> Surat -> Vadodara,pharmaceuticals,10138.0,1
1165,55.81,4,True,80.6,60898.0,0.607,Thiruvananthapuram -> Kochi -> Coimbatore -> Chennai -> Visakhapatnam,pharmaceuticals,10138.1,1
1166,20.78,5,True,216.8,72652.0,0.711,Coimbatore -> Kochi -> Bangalore -> Pune -> Nashik -> Mumbai,fmcg,10138.2,1
1167,48.29,3,True,123.6,39072.0,0.353,Bhopal -> Nagpur -> Hyderabad -> Bangalore,fmcg,10138.3,1
1168,-10.05,5,False,78.8,68336.0,0.243,Hubli -> Bangalore -> Hyderabad -> Nagpur -> Bhopal -> Indore,machinery,10138.4,1
1169,-25.59,5,False,178.9,70492.0,1.182,Indore -> Jaipur -> Delhi -> Bhopal -> Nagpur -> Hyderabad,electronics,10138.6,1
1170,36.97,4,True,216.6,69700.0,0.541,Bangalore -> Pune -> Mumbai -> Nagpur -> Raipur,electronics,10138.7,1
1171,46.42,4,True,134.2,31609.0,0.427,Jodhpur -> Udaipur -> Ahmedabad -> Nashik -> Mumbai,fmcg,10139.0,1
1172,53.12,1,True,6.0,7254.0,0.131,Madurai -> Coimbatore,machinery,10139.0,1
1173,56.44,3,True,46.7,28351.0,0.09,Indore -> Ahmedabad -> Vadodara -> Surat,perishables,10139.2,1
1174,-67.06,3,False,304.6,200640.0,0.61,Mysore -> Madurai -> Chennai -> Visakhapatnam,pharmaceuticals,10139.3,2
1175,45.81,3,True,94.2,30686.0,1.013,Gwalior -> Agra -> Lucknow -> Delhi,perishables,10139.4,2
1176,17.61,4,True,401.1,260964.0,0.914,Hyderabad -> Nagpur -> Bhopal -> Delhi -> Lucknow,machinery,10139.5,2
1177,-59.8,4,False,238.1,205162.0,0.425,Delhi -> Bhopal -> Nagpur -> Hyderabad -> Bangalore,perishables,10139.7,2
1178,-78.91,10,False,610.6,403904.0,1.461,Guwahati -> Kolkata -> Patna -> Varanasi -> Ranchi -> Patna -> Lucknow -> Kanpur -> Agra -> Delhi -> Ludhiana,machinery,10139.9,2
1179,24.38,5,True,412.8,131324.0,0.804,Rajkot -> Surat -> Mumbai -> Nagpur -> Hyderabad -> Visakhapatnam,machinery,10140.0,2
1180,-64.21,5,False,131.7,132174.0,0.972,Surat -> Vadodara -> Ahmedabad -> Mumbai -> Surat -> Rajkot,perishables,10140.2,2
1181,-16.04,5,True,712.7,314586.0,0.676,Thiruvananthapuram -> Kochi -> Coimbatore -> Bangalore -> Pune -> Nashik,textiles,10140.3,2
1182,-117.27,4,False,780.9,94192.0,0.458,Pune -> Bangalore -> Hyderabad -> Chennai -> Visakhapatnam,fmcg,10140.5,2
1183,52.24,4,True,68.7,59142.0,0.216,Amritsar -> Ludhiana -> Delhi -> Agra -> Kanpur,textiles,10140.6,2
1184,27.61,5,True,368.8,175163.0,0.523,Coimbatore -> Chennai -> Hyderabad -> Nagpur -> Bhopal -> Gwalior,machinery,10140.7,2
1185,43.28,2,True,142.1,12808.0,0.259,Rajkot -> Ahmedabad -> Vadodara,textiles,10140.8,2
1186,25.54,3,True,344.9,60063.0,0.344,Pune -> Bangalore -> Mysore -> Mangalore,textiles,10140.9,2
1187,-59.17,6,True,806.1,161793.0,0.903,Nashik -> Mumbai -> Nagpur -> Raipur -> Bhubaneswar -> Kolkata -> Guwahati,fmcg,10141.0,2
1188,42.93,3,True,173.8,46650.0,0.58,Raipur -> Jabalpur -> Bhopal -> Gwalior,machinery,10141.2,2
1189,29.51,8,True,399.0,234505.0,1.108,Jodhpur -> Udaipur -> Indore -> Bhopal -> Nagpur -> Hyderabad -> Bangalore -> Mysore -> Mangalore,machinery,10141.4,2
1190,-52.69,2,False,166.9,32896.0,0.491,Chennai -> Visakhapatnam -> Bhubaneswar,perishables,10141.4,2
1191,-45.68,3,False,125.8,116691.0,0.407,Rajkot -> Surat -> Mumbai -> Nagpur,perishables,10141.5,2
1192,47.89,4,True,165.3,47907.0,0.279,Visakhapatnam -> Bhubaneswar -> Ranchi -> Patna -> Lucknow,fmcg,10141.6,2
1193,31.39,6,True,375.3,161944.0,0.443,Agra -> Delhi -> Bhopal -> Nagpur -> Hyderabad -> Bangalore -> Mysore,textiles,10141.8,2
1194,-25.85,4,True,404.0,102015.0,0.66,Kochi -> Bangalore -> Pune -> Nashik -> Mumbai,fmcg,10142.0,2
1195,28.33,4,True,349.0,85689.0,0.399,Hyderabad -> Nagpur -> Bhopal -> Delhi -> Lucknow,textiles,10142.2,2
1196,-12.73,4,True,308.7,138750.0,1.408,Surat -> Mumbai -> Nagpur -> Hyderabad -> Visakhapatnam,pharmaceuticals,10142.3,2
1197,30.77,5,True,278.7,194553.0,0.453,Indore -> Bhopal -> Gwalior -> Agra -> Kanpur -> Varanasi,fmcg,10142.4,2
1198,19.95,7,True,494.4,108407.0,0.722,Hubli -> Bangalore -> Hyderabad -> Nagpur -> Bhopal -> Indore -> Udaipur -> Jodhpur,textiles,10142.6,2
1199,-117.22,4,False,780.4,133698.0,0.595,Ludhiana -> Chandigarh -> Delhi -> Bhopal -> Nagpur,fmcg,10142.8,2
1200,18.09,4,True,386.8,305325.0,0.138,Bangalore -> Pune -> Nashik -> Ahmedabad -> Indore,textiles,10142.9,2
1201,-54.51,4,False,250.3,88329.0,1.484,Amritsar -> Ludhiana -> Delhi -> Bhopal -> Nagpur,pharmaceuticals,10144.0,2
1202,40.58,4,True,227.1,85485.0,0.299,Bhopal -> Delhi -> Lucknow -> Patna -> Kolkata,textiles,10144.2,2
1203,37.93,3,True,203.1,88230.0,1.07,Surat -> Mumbai -> Nagpur -> Jabalpur,pharmaceuticals,10144.2,2
1204,-49.08,3,False,162.1,58137.0,0.684,Kochi -> Bangalore -> Hyderabad -> Nagpur,perishables,10144.3,2
1205,52.03,1,True,14.2,17880.0,0.021,Agra -> Gwalior,fmcg,10144.3,2
1206,-1.68,8,True,633.4,167749.0,0.628,Kolkata -> Bhubaneswar -> Raipur -> Jabalpur -> Bhopal -> Nagpur -> Hyderabad -> Bangalore -> Mysore,textiles,10144.6,2
1207,-75.6,6,False,408.6,184578.0,0.528,Vadodara -> Ahmedabad -> Rajkot -> Surat -> Mumbai -> Nagpur -> Hyderabad,fmcg,10144.7,2
1208,44.3,2,True,124.1,38177.0,0.291,Ranchi -> Bhubaneswar -> Raipur,electronics,10144.8,2
1209,5.71,7,True,514.1,172009.0,1.438,Bhubaneswar -> Kolkata -> Guwahati -> Kolkata -> Patna -> Lucknow -> Delhi -> Jaipur,machinery,10144.9,2
1210,-135.21,4,False,950.9,241358.0,1.624,Mumbai -> Ahmedabad -> Indore -> Bhopal -> Delhi,electronics,10145.0,2
1211,-64.56,8,True,1281.4,270798.0,0.599,Jodhpur -> Jaipur -> Indore -> Bhopal -> Delhi -> Lucknow -> Patna -> Kolkata -> Guwahati,textiles,10145.2,2
1212,2.3,9,True,598.7,284730.0,0.559,Lucknow -> Agra -> Gwalior -> Bhopal -> Nagpur -> Hyderabad -> Chennai -> Coimbatore -> Bangalore -> Mysore,textiles,10145.5,2
1213,41.07,4,True,205.0,136736.0,0.662,Thiruvananthapuram -> Kochi -> Bangalore -> Pune -> Nashik,machinery,10145.6,2
1214,48.88,5,True,141.9,59392.0,0.305,Ludhiana -> Chandigarh -> Delhi -> Bhopal -> Jabalpur -> Raipur,textiles,10145.7,2
1215,-53.0,3,False,143.9,112818.0,0.466,Ahmedabad -> Nashik -> Mumbai -> Nagpur,perishables,10145.7,2
1216,-66.87,10,False,345.8,229152.0,0.82,Ludhiana -> Delhi -> Bhopal -> Gwalior -> Agra -> Lucknow -> Delhi -> Jaipur -> Ahmedabad -> Indore -> Udaipur,machinery,10145.9,2
1217,47.18,3,True,130.8,39740.0,1.087,Chandigarh -> Delhi -> Jaipur -> Indore,electronics,10146.0,2
1218,41.53,6,True,225.2,149527.0,0.927,Kanpur -> Varanasi -> Ranchi -> Bhubaneswar -> Visakhapatnam -> Chennai -> Bangalore,machinery,10146.1,2
1219,-89.28,10,False,610.4,249497.0,1.516,Kanpur -> Lucknow -> Delhi -> Kanpur -> Agra -> Gwalior -> Bhopal -> Nagpur -> Jabalpur -> Raipur -> Nagpur,machinery,10146.4,2
1220,31.77,3,True,285.4,51171.0,0.314,Patna -> Ranchi -> Bhubaneswar -> Visakhapatnam,textiles,10146.4,2
1221,51.58,2,True,54.5,19491.0,0.771,Udaipur -> Ahmedabad -> Nashik,electronics,10146.5,2
1222,26.04,5,True,345.4,133267.0,0.848,Delhi -> Kanpur -> Varanasi -> Patna -> Ranchi -> Bhubaneswar,machinery,10146.6,2
1223,55.6,2,True,19.6,13668.0,0.055,Jabalpur -> Bhopal -> Indore,fmcg,10146.6,2
1224,4.16,7,True,557.3,199470.0,3.475,Chennai -> Hyderabad -> Nagpur -> Bhopal -> Gwalior -> Agra -> Delhi -> Ludhiana,electronics,10146.7,2
1225,-53.85,4,False,195.9,162852.0,1.04,Hubli -> Bangalore -> Chennai -> Visakhapatnam -> Bhubaneswar,perishables,10146.8,2
1226,-65.12,3,False,172.8,50347.0,0.727,Ludhiana -> Amritsar -> Ludhiana -> Delhi,perishables,10146.9,2
1227,42.86,3,True,149.9,134694.0,0.235,Lucknow -> Patna -> Kolkata -> Bhubaneswar,machinery,10146.9,2
1228,30.48,7,True,370.8,144397.0,2.213,Surat -> Mumbai -> Ahmedabad -> Jaipur -> Delhi -> Chandigarh -> Ludhiana -> Amritsar,electronics,10147.1,2
1229,-85.2,3,False,487.8,70037.0,1.969,Pune -> Mumbai -> Nagpur -> Raipur,pharmaceuticals,10147.2,2
1230,49.92,1,True,36.5,8453.0,0.35,Ahmedabad -> Udaipur,machinery,10147.2,2
1231,-61.92,2,False,219.4,68451.0,0.769,Agra -> Kanpur -> Varanasi,perishables,10147.2,2
1232,43.14,1,True,90.8,54162.0,0.299,Agra -> Lucknow,machinery,10147.2,2
1233,54.81,2,True,27.6,11938.0,0.146,Vadodara -> Surat -> Mumbai,textiles,10147.3,2
1234,-54.42,3,False,197.2,80350.0,1.041,Jodhpur -> Jaipur -> Delhi -> Bhopal,perishables,10147.3,2
1235,46.96,3,True,131.8,55216.0,0.407,Jabalpur -> Bhopal -> Gwalior -> Agra,fmcg,10147.4,2
1236,8.37,9,True,448.1,238136.0,1.347,Jabalpur -> Bhopal -> Gwalior -> Agra -> Lucknow -> Kanpur -> Varanasi -> Patna -> Kolkata -> Guwahati,machinery,10147.6,2
1237,-70.98,2,False,293.6,235952.0,0.892,Visakhapatnam -> Hyderabad -> Nagpur,pharmaceuticals,10147.6,2
1238,51.2,2,True,49.8,49309.0,0.695,Surat -> Mumbai -> Pune,electronics,10147.7,2
1239,-9.87,6,True,667.5,336136.0,2.251,Kolkata -> Bhubaneswar -> Visakhapatnam -> Hyderabad -> Chennai -> Bangalore -> Pune,electronics,10147.8,2
1240,-87.2,1,False,480.7,13252.0,0.375,Mangalore -> Mysore,fmcg,10147.8,2
1241,-38.91,9,True,1039.0,331932.0,2.1,Vadodara -> Surat -> Mumbai -> Pune -> Bangalore -> Chennai -> Visakhapatnam -> Bhubaneswar -> Kolkata -> Guwahati,machinery,10148.0,2
1242,42.42,4,True,149.9,97751.0,1.31,Raipur -> Jabalpur -> Bhopal -> Indore -> Ahmedabad,electronics,10148.1,2
1243,52.8,3,True,70.6,66603.0,0.29,Jodhpur -> Udaipur -> Ahmedabad -> Mumbai,fmcg,10148.1,2
1244,-0.19,5,True,652.3,156973.0,0.508,Ranchi -> Bhubaneswar -> Visakhapatnam -> Chennai -> Bangalore -> Hubli,textiles,10148.3,2
1245,16.52,6,True,532.4,119864.0,1.284,Jaipur -> Ahmedabad -> Mumbai -> Pune -> Bangalore -> Kochi -> Thiruvananthapuram,machinery,10148.4,2
1246,47.61,4,True,130.5,163541.0,0.861,Jodhpur -> Jaipur -> Delhi -> Lucknow -> Patna,pharmaceuticals,10148.4,2
1247,29.26,5,True,373.2,89941.0,1.437,Hubli -> Bangalore -> Hyderabad -> Nagpur -> Bhopal -> Gwalior,electronics,10148.6,2
1248,50.75,1,True,28.7,8134.0,0.274,Mysore -> Mangalore,machinery,10148.6,2
1249,13.7,6,True,397.2,175273.0,0.644,Raipur -> Jabalpur -> Bhopal -> Gwalior -> Agra -> Kanpur -> Varanasi,machinery,10148.7,2
1250,50.62,2,True,63.4,22076.0,0.752,Bhubaneswar -> Ranchi -> Patna,pharmaceuticals,10148.7,2
1251,47.17,3,True,133.8,43844.0,0.279,Bhubaneswar -> Ranchi -> Varanasi -> Kanpur,fmcg,10148.8,2
1252,50.19,3,True,91.9,84857.0,0.146,Surat -> Mumbai -> Pune -> Bangalore,textiles,10148.9,2
1253,52.37,1,True,13.6,7954.0,0.061,Chandigarh -> Delhi,fmcg,10148.9,2
1254,-3.1,3,True,195.1,50840.0,0.703,Raipur -> Jabalpur -> Bhopal -> Gwalior,perishables,10148.9,2
1255,-65.67,1,False,234.2,36726.0,0.289,Ahmedabad -> Jaipur,perishables,10149.0,2
1256,-62.74,8,True,1194.5,486794.0,1.371,Ludhiana -> Delhi -> Lucknow -> Patna -> Ranchi -> Bhubaneswar -> Visakhapatnam -> Chennai -> Coimbatore,machinery,10149.1,2
1257,48.53,3,True,116.8,52328.0,0.44,Jabalpur -> Nagpur -> Mumbai -> Nashik,machinery,10149.2,2
1258,-60.1,5,False,277.9,144982.0,2.265,Thiruvananthapuram -> Kochi -> Coimbatore -> Bangalore -> Hyderabad -> Nagpur,pharmaceuticals,10149.3,2
1259,52.92,4,True,98.7,74481.0,0.985,Rajkot -> Ahmedabad -> Indore -> Bhopal -> Gwalior,perishables,10149.4,2
1260,43.26,6,True,171.4,100929.0,1.137,Varanasi -> Kanpur -> Agra -> Gwalior -> Bhopal -> Indore -> Ahmedabad,electronics,10149.5,2
1261,45.12,2,True,97.7,94455.0,0.567,Mumbai -> Ahmedabad -> Udaipur,electronics,10149.5,2
1262,48.39,2,True,84.2,16826.0,1.376,Delhi -> Ludhiana -> Amritsar,pharmaceuticals,10149.6,2
1263,41.18,2,True,124.9,135651.0,0.525,Ahmedabad -> Mumbai -> Nagpur,pharmaceuticals,10149.6,2
1264,51.82,1,True,17.9,12580.0,0.04,Varanasi -> Patna,electronics,10149.6,2
1265,30.69,8,True,392.0,195386.0,2.487,Kanpur -> Delhi -> Bhopal -> Nagpur -> Mumbai -> Pune -> Bangalore -> Kochi -> Thiruvananthapuram,electronics,10149.8,2
1266,40.54,6,True,189.2,144413.0,0.409,Patna -> Lucknow -> Delhi -> Bhopal -> Jabalpur -> Raipur -> Nagpur,fmcg,10149.9,2
1267,31.97,4,True,293.3,135002.0,1.304,Indore -> Bhopal -> Delhi -> Kanpur -> Varanasi,electronics,10641.5,2
1268,44.2,3,True,138.3,112773.0,1.188,Udaipur -> Ahmedabad -> Mumbai -> Nagpur,electronics,10641.6,2
1269,-19.77,6,True,466.1,109643.0,0.725,Kochi -> Bangalore -> Hyderabad -> Visakhapatnam -> Bhubaneswar -> Ranchi -> Varanasi,fmcg,10641.7,2
1270,39.23,6,True,300.1,144957.0,0.827,Kanpur -> Varanasi -> Ranchi -> Bhubaneswar -> Visakhapatnam -> Chennai -> Madurai,machinery,10641.8,2
1271,38.16,6,True,299.8,189531.0,0.355,Mangalore -> Hubli -> Bangalore -> Hyderabad -> Nagpur -> Bhopal -> Delhi,textiles,10641.9,2
1272,42.25,5,True,136.4,122139.0,0.893,Varanasi -> Kanpur -> Delhi -> Bhopal -> Jabalpur -> Raipur,pharmaceuticals,10642.0,2
1273,46.84,5,True,190.5,128537.0,0.494,Gwalior -> Bhopal -> Nagpur -> Hyderabad -> Bangalore -> Mysore,fmcg,10642.1,2
1274,52.07,1,True,14.3,16133.0,0.04,Jaipur -> Jodhpur,electronics,10642.2,2
1275,-84.31,4,False,480.5,149234.0,0.497,Guwahati -> Kolkata -> Ranchi -> Bhubaneswar -> Raipur,fmcg,10642.2,2
1276,44.85,1,True,83.5,10992.0,0.945,Jodhpur -> Jaipur,pharmaceuticals,10642.3,2
1277,32.03,2,True,225.9,66067.0,0.875,Agra -> Kanpur -> Varanasi,pharmaceuticals,10642.4,2
1278,8.15,9,True,598.2,200339.0,2.084,Hubli -> Bangalore -> Hyderabad -> Nagpur -> Raipur -> Jabalpur -> Bhopal -> Delhi -> Ludhiana -> Amritsar,electronics,10642.8,2
1279,27.71,5,True,293.9,243124.0,0.287,Bhubaneswar -> Raipur -> Jabalpur -> Bhopal -> Indore -> Ahmedabad,fmcg,10643.2,2
1280,45.75,5,True,183.8,191926.0,0.236,Mumbai -> Ahmedabad -> Jaipur -> Delhi -> Kanpur -> Varanasi,fmcg,10643.7,2
1281,49.91,2,True,68.8,31427.0,0.533,Nagpur -> Hyderabad -> Visakhapatnam,pharmaceuticals,10643.8,2
1282,49.16,1,True,40.7,11685.0,0.84,Bhopal -> Gwalior,electronics,10643.9,2
1283,5.98,7,True,631.2,117143.0,0.764,Visakhapatnam -> Bhubaneswar -> Ranchi -> Varanasi -> Kanpur -> Delhi -> Ludhiana -> Amritsar,textiles,10644.6,2
1284,-52.41,1,False,137.4,24469.0,0.297,Mumbai -> Nagpur,perishables,10644.6,2
1285,43.04,5,True,235.3,106340.0,0.481,Hubli -> Bangalore -> Hyderabad -> Nagpur -> Bhopal -> Indore,textiles,10645.0,2
1286,48.89,1,True,29.4,72090.0,0.02,Visakhapatnam -> Bhubaneswar,textiles,10645.1,2
1287,-11.53,3,True,229.2,152950.0,0.699,Chandigarh -> Delhi -> Bhopal -> Nagpur,perishables,10645.4,2
1288,47.68,4,True,119.1,40568.0,0.389,Jabalpur -> Bhopal -> Gwalior -> Agra -> Kanpur,fmcg,10645.7,2
1289,50.0,1,True,27.5,40385.0,0.081,Surat -> Mumbai,machinery,10645.8,2
1290,8.5,7,True,579.2,209453.0,0.608,Coimbatore -> Chennai -> Hyderabad -> Nagpur -> Mumbai -> Ahmedabad -> Udaipur -> Jodhpur,textiles,10646.4,2
1291,51.42,2,True,38.8,88696.0,0.071,Lucknow -> Delhi -> Ludhiana,machinery,10646.6,2
1292,-54.2,3,False,195.7,63786.0,0.848,Mysore -> Madurai -> Chennai -> Visakhapatnam,perishables,10646.8,2
1293,53.83,2,True,34.9,21002.0,0.095,Gwalior -> Bhopal -> Jabalpur,textiles,10647.0,2
1294,21.13,7,True,357.5,193190.0,0.639,Hubli -> Bangalore -> Mysore -> Madurai -> Chennai -> Hyderabad -> Nagpur -> Bhopal,textiles,10647.5,2
1295,48.75,4,True,140.3,96157.0,0.657,Jaipur -> Delhi -> Bhopal -> Jabalpur -> Raipur,electronics,10647.8,2
1296,-60.91,5,False,153.3,59418.0,1.055,Chennai -> Hyderabad -> Nagpur -> Bhopal -> Jabalpur -> Nagpur,perishables,10648.2,2
1297,50.12,1,True,21.4,52811.0,0.305,Lucknow -> Agra,perishables,10648.3,2
1298,-0.2,5,True,248.7,71863.0,1.615,Visakhapatnam -> Hyderabad -> Nagpur -> Mumbai -> Surat -> Rajkot,pharmaceuticals,10648.7,2
1299,43.35,2,True,138.8,21417.0,0.255,Bhubaneswar -> Ranchi -> Patna,textiles,10648.9,2
1300,44.3,3,True,107.0,231906.0,0.096,Rajkot -> Ahmedabad -> Jaipur -> Delhi,textiles,10649.1,2
1301,41.15,1,True,99.9,72907.0,0.3,Ahmedabad -> Mumbai,perishables,10651.9,2
1302,-57.78,4,False,159.2,135395.0,0.693,Gwalior -> Agra -> Delhi -> Bhopal -> Nagpur,perishables,10652.2,2
1303,7.18,5,True,566.9,197645.0,0.403,Guwahati -> Kolkata -> Bhubaneswar -> Raipur -> Nagpur -> Mumbai,textiles,10652.7,2
1304,51.17,2,True,50.8,49691.0,0.512,Delhi -> Agra -> Gwalior,perishables,10652.9,2
1305,-7.33,5,True,253.8,147196.0,1.773,Varanasi -> Kanpur -> Agra -> Gwalior -> Bhopal -> Jabalpur,pharmaceuticals,10653.4,2
1306,-54.08,2,False,176.1,30585.0,0.975,Patna -> Lucknow -> Delhi,perishables,10653.6,2
1307,45.21,4,True,171.0,116927.0,0.361,Raipur -> Bhubaneswar -> Ranchi -> Varanasi -> Kanpur,machinery,10654.0,2
1308,41.87,2,True,106.7,150578.0,0.392,Kochi -> Bangalore -> Pune,perishables,10654.1,2
1309,-51.63,2,False,151.0,58849.0,0.379,Visakhapatnam -> Chennai -> Bangalore,perishables,10654.3,2
1310,-68.81,3,False,277.1,189653.0,0.839,Mumbai -> Nagpur -> Hyderabad -> Bangalore,pharmaceuticals,10654.5,2
1311,40.02,3,True,171.5,147876.0,0.666,Gwalior -> Bhopal -> Nagpur -> Hyderabad,pharmaceuticals,10654.8,2
1312,51.59,1,True,20.8,7379.0,0.204,Madurai -> Coimbatore,machinery,10654.9,2
1313,48.85,4,True,146.9,74383.0,0.456,Nashik -> Ahmedabad -> Jaipur -> Delhi -> Kanpur,machinery,10655.2,2
1314,-73.53,2,False,321.2,44466.0,0.343,Varanasi -> Kanpur -> Delhi,perishables,10655.4,2
1315,-44.97,4,False,122.9,69700.0,0.589,Bhopal -> Nagpur -> Hyderabad -> Chennai -> Madurai,perishables,10655.7,2
1316,43.81,3,True,154.9,69364.0,1.24,Ahmedabad -> Mumbai -> Pune -> Bangalore,pharmaceuticals,10655.9,2
1317,11.36,7,True,554.8,187662.0,1.07,Udaipur -> Indore -> Bhopal -> Gwalior -> Agra -> Kanpur -> Varanasi -> Ranchi,machinery,10656.4,2
1318,45.39,3,True,148.8,50870.0,0.399,Thiruvananthapuram -> Kochi -> Coimbatore -> Madurai,fmcg,10656.6,2
1319,49.19,3,True,67.7,21471.0,0.781,Amritsar -> Ludhiana -> Chandigarh -> Delhi,perishables,10656.8,2
1320,-65.85,3,False,320.2,84879.0,1.488,Ludhiana -> Delhi -> Bhopal -> Nagpur,pharmaceuticals,10657.1,2
1321,35.42,4,True,282.5,67850.0,0.586,Vadodara -> Ahmedabad -> Jaipur -> Delhi -> Lucknow,machinery,10657.6,2
1322,-3.89,3,True,188.2,51145.0,0.717,Lucknow -> Patna -> Ranchi -> Bhubaneswar,perishables,10657.8,2
1323,-82.52,2,True,751.7,89232.0,0.835,Hubli -> Bangalore -> Kochi,perishables,10658.0,2
1324,0.73,2,True,123.0,96809.0,0.303,Bhubaneswar -> Raipur -> Nagpur,perishables,10658.2,2
1325,57.18,4,True,71.2,47954.0,0.524,Amritsar -> Ludhiana -> Delhi -> Agra -> Gwalior,machinery,10658.5,2
1326,-51.61,2,False,154.8,48394.0,0.637,Jaipur -> Ahmedabad -> Mumbai,perishables,10658.7,2
1327,37.86,2,True,137.3,25242.0,1.288,Udaipur -> Indore -> Ahmedabad,pharmaceuticals,10658.8,2
1328,39.28,4,True,220.6,104162.0,1.329,Gwalior -> Bhopal -> Indore -> Ahmedabad -> Nashik,pharmaceuticals,10659.2,2
1329,-63.9,2,False,238.4,82159.0,0.88,Mangalore -> Hubli -> Bangalore,perishables,10659.5,2
1330,46.88,4,True,116.7,77848.0,0.224,Ludhiana -> Chandigarh -> Delhi -> Kanpur -> Varanasi,textiles,10659.8,2
1331,-4.36,5,True,694.1,151042.0,0.851,Visakhapatnam -> Hyderabad -> Nagpur -> Mumbai -> Ahmedabad -> Udaipur,machinery,10660.1,2
1332,45.7,1,True,75.9,18245.0,0.329,Bhopal -> Delhi,electronics,10660.2,2
1333,-60.75,1,False,201.9,13080.0,0.465,Kochi -> Bangalore,perishables,10660.3,2
1334,31.62,4,True,269.1,237375.0,0.326,Amritsar -> Ludhiana -> Delhi -> Bhopal -> Nagpur,fmcg,10660.6,2
1335,52.79,2,True,44.9,19573.0,0.273,Jaipur -> Ahmedabad -> Vadodara,fmcg,10660.7,2
1336,35.03,6,True,330.9,181348.0,0.885,Chandigarh -> Delhi -> Bhopal -> Nagpur -> Hyderabad -> Bangalore -> Mysore,machinery,10661.2,2
1337,36.4,3,True,235.0,65024.0,0.3,Rajkot -> Ahmedabad -> Udaipur -> Jodhpur,machinery,10661.4,2
1338,50.1,4,True,141.8,52604.0,0.291,Jabalpur -> Bhopal -> Delhi -> Ludhiana -> Amritsar,fmcg,10661.7,2
1339,20.03,6,True,333.2,140041.0,0.796,Surat -> Vadodara -> Ahmedabad -> Indore -> Jaipur -> Delhi -> Bhopal,fmcg,10662.2,2
1340,-1.92,6,True,671.6,116207.0,0.551,Coimbatore -> Chennai -> Visakhapatnam -> Hyderabad -> Nagpur -> Bhopal -> Delhi,textiles,10662.7,2
1341,-52.8,2,False,129.4,33032.0,0.703,Chennai -> Coimbatore -> Bangalore,perishables,10662.9,2
1342,52.16,5,True,147.8,86729.0,0.909,Ludhiana -> Delhi -> Bhopal -> Nagpur -> Hyderabad -> Visakhapatnam,electronics,10663.3,2
1343,-17.21,7,True,856.2,139856.0,0.782,Ranchi -> Kolkata -> Bhubaneswar -> Visakhapatnam -> Hyderabad -> Bangalore -> Kochi -> Thiruvananthapuram,textiles,10663.8,2
1344,-1.27,3,True,176.7,40853.0,0.673,Jodhpur -> Jaipur -> Delhi -> Lucknow,perishables,10664.2,2
1345,38.75,4,True,248.7,51373.0,1.671,Mangalore -> Mysore -> Bangalore -> Pune -> Nashik,electronics,10664.5,2
1346,4.05,3,True,513.1,215723.0,0.332,Bangalore -> Pune -> Nashik -> Ahmedabad,textiles,10664.8,2
1347,-53.56,1,False,146.0,28401.0,0.072,Chennai -> Hyderabad,perishables,10664.8,2
1348,54.73,3,True,61.0,28333.0,0.634,Pune -> Mumbai -> Ahmedabad -> Udaipur,perishables,10665.1,2
1349,51.12,2,True,61.9,17849.0,0.299,Kanpur -> Varanasi -> Patna,electronics,10665.2,2
1350,-53.18,3,False,158.4,51566.0,0.619,Chandigarh -> Delhi -> Lucknow -> Patna,perishables,10665.4,2
1351,44.99,3,True,154.7,29512.0,1.325,Udaipur -> Indore -> Bhopal -> Gwalior,pharmaceuticals,10665.7,2
1352,47.06,3,True,136.7,38761.0,0.218,Madurai -> Coimbatore -> Bangalore -> Pune,textiles,10665.9,2
1353,42.86,4,True,188.6,112316.0,1.127,Jabalpur -> Nagpur -> Hyderabad -> Bangalore -> Mysore,pharmaceuticals,10666.3,2
1354,19.06,3,True,369.5,187156.0,0.738,Bhubaneswar -> Ranchi -> Patna -> Lucknow,machinery,10666.6,2
1355,29.67,5,True,334.0,186772.0,0.573,Ahmedabad -> Nashik -> Pune -> Bangalore -> Mysore -> Madurai,fmcg,10667.0,2
1356,48.38,5,True,163.4,158416.0,1.065,Mangalore -> Mysore -> Madurai -> Chennai -> Visakhapatnam -> Bhubaneswar,pharmaceuticals,10667.4,2
1357,23.01,4,True,332.6,145675.0,0.726,Indore -> Bhopal -> Gwalior -> Agra -> Kanpur,machinery,10667.7,2
1358,27.25,5,True,337.9,284319.0,0.858,Hubli -> Bangalore -> Chennai -> Visakhapatnam -> Bhubaneswar -> Kolkata,electronics,10668.3,2
1359,-62.76,2,False,130.3,30247.0,0.555,Ahmedabad -> Indore -> Udaipur,perishables,10668.5,2
1360,-109.67,7,False,372.5,120427.0,0.91,Visakhapatnam -> Chennai -> Coimbatore -> Kochi -> Thiruvananthapuram -> Kochi -> Coimbatore -> Chennai,fmcg,10669.1,2
1361,52.48,3,True,76.2,46283.0,1.021,Ludhiana -> Delhi -> Jaipur -> Ahmedabad,electronics,10669.5,2
1362,46.23,2,True,105.0,34015.0,0.51,Visakhapatnam -> Hyderabad -> Nagpur,electronics,10669.7,2
1363,-104.27,2,False,514.2,158431.0,0.636,Coimbatore -> Kochi -> Bangalore,pharmaceuticals,10669.9,2
1364,41.68,2,True,150.5,24722.0,1.06,Jabalpur -> Raipur -> Bhubaneswar,pharmaceuticals,10670.1,2
1365,-52.79,3,False,178.7,107987.0,0.967,Hubli -> Bangalore -> Hyderabad -> Nagpur,perishables,10670.4,2
1366,35.53,2,True,178.7,144770.0,0.499,Coimbatore -> Bangalore -> Pune,machinery,10670.7,2
1367,-51.11,1,False,123.9,44689.0,0.09,Bangalore -> Pune,perishables,10670.7,2
1368,-88.07,7,False,378.0,247724.0,2.342,Bhopal -> Indore -> Ahmedabad -> Vadodara -> Surat -> Mumbai -> Nagpur -> Hyderabad,pharmaceuticals,10671.3,2
1369,38.58,2,True,180.9,38664.0,0.348,Pune -> Bangalore -> Coimbatore,machinery,10671.5,2
1370,-13.39,5,True,360.8,169961.0,0.723,Raipur -> Nagpur -> Hyderabad -> Bangalore -> Kochi -> Thiruvananthapuram,fmcg,10671.9,2
1371,43.09,3,True,173.5,43021.0,0.541,Ahmedabad -> Jaipur -> Delhi -> Ludhiana,fmcg,10672.1,2
1372,-73.54,5,False,429.8,67829.0,0.701,Guwahati -> Kolkata -> Patna -> Lucknow -> Kanpur -> Delhi,fmcg,10672.6,2
1373,41.75,2,True,124.4,118027.0,0.546,Bhopal -> Indore -> Udaipur,electronics,10672.8,2
1374,9.33,6,True,591.3,124085.0,2.381,Mangalore -> Mysore -> Bangalore -> Hyderabad -> Visakhapatnam -> Bhubaneswar -> Kolkata,electronics,10673.3,2
1375,-77.24,10,False,483.9,225570.0,4.169,Kanpur -> Agra -> Delhi -> Jaipur -> Ahmedabad -> Mumbai -> Surat -> Vadodara -> Ahmedabad -> Indore -> Bhopal,electronics,10674.1,2
1376,-21.75,4,True,355.5,75912.0,0.842,Surat -> Mumbai -> Nagpur -> Raipur -> Bhubaneswar,perishables,10674.5,2
1377,-5.92,4,True,273.5,69081.0,1.473,Ranchi -> Varanasi -> Kanpur -> Delhi -> Ludhiana,pharmaceuticals,10674.8,2
1378,49.99,2,True,68.1,34056.0,0.371,Lucknow -> Delhi -> Bhopal,electronics,10674.9,2
1379,51.15,5,True,166.6,67266.0,0.36,Amritsar -> Ludhiana -> Delhi -> Jaipur -> Indore -> Udaipur,fmcg,10675.1,2
1380,23.49,2,True,308.6,95667.0,0.298,Bangalore -> Hyderabad -> Nagpur,fmcg,10675.1,2
1381,34.97,4,True,234.0,239067.0,0.916,Udaipur -> Indore -> Bhopal -> Delhi -> Ludhiana,machinery,10675.2,2
1382,52.51,2,True,47.6,23010.0,0.094,Nagpur -> Raipur -> Bhubaneswar,fmcg,10675.3,2
1383,44.73,2,True,119.4,41942.0,0.142,Patna -> Lucknow -> Delhi,electronics,10675.3,2
1384,19.86,3,True,402.0,58067.0,0.384,Jaipur -> Ahmedabad -> Mumbai -> Pune,textiles,10675.4,2
1385,-56.59,4,False,270.0,104044.0,1.518,Udaipur -> Jodhpur -> Jaipur -> Delhi -> Kanpur,pharmaceuticals,10675.5,2
1386,12.01,3,True,478.9,61476.0,0.498,Patna -> Kolkata -> Bhubaneswar -> Visakhapatnam,machinery,10675.6,2
1387,30.6,4,True,305.9,133964.0,1.585,Guwahati -> Kolkata -> Bhubaneswar -> Visakhapatnam -> Chennai,electronics,10675.7,2
1388,54.95,2,True,24.9,16687.0,0.109,Indore -> Bhopal -> Nagpur,machinery,10675.8,2
1389,-7.5,6,True,709.5,92006.0,3.294,Ludhiana -> Delhi -> Bhopal -> Jabalpur -> Nagpur -> Hyderabad -> Visakhapatnam,electronics,10675.9,2
1390,-119.11,5,False,852.1,199947.0,1.932,Rajkot -> Surat -> Mumbai -> Nagpur -> Hyderabad -> Visakhapatnam,electronics,10676.1,2
1391,-70.59,5,False,341.3,77853.0,1.915,Surat -> Mumbai -> Ahmedabad -> Udaipur -> Indore -> Bhopal,pharmaceuticals,10676.2,2
1392,47.68,4,True,96.6,117823.0,0.24,Gwalior -> Agra -> Kanpur -> Delhi -> Chandigarh,textiles,10676.3,2
1393,-48.59,3,False,149.8,49377.0,0.421,Jaipur -> Indore -> Bhopal -> Nagpur,perishables,10676.3,2
1394,-45.02,3,False,138.2,39403.0,0.409,Surat -> Mumbai -> Pune -> Bangalore,perishables,10676.4,2
1395,52.3,2,True,50.1,20039.0,0.164,Rajkot -> Ahmedabad -> Nashik,fmcg,10676.4,2
1396,20.88,4,True,398.4,152772.0,1.394,Chennai -> Visakhapatnam -> Bhubaneswar -> Kolkata -> Guwahati,electronics,10676.5,2
1397,36.49,4,True,231.9,193819.0,1.01,Varanasi -> Kanpur -> Delhi -> Bhopal -> Indore,electronics,10676.6,2
1398,52.53,3,True,84.6,31131.0,0.147,Kolkata -> Ranchi -> Varanasi -> Kanpur,textiles,10676.6,2
1399,27.97,4,True,354.8,73696.0,0.686,Gwalior -> Bhopal -> Indore -> Ahmedabad -> Nashik,machinery,10676.8,2
1400,-61.65,3,False,290.2,63060.0,1.415,Bhubaneswar -> Raipur -> Nagpur -> Mumbai,pharmaceuticals,10676.9,2
1401,40.25,5,True,214.9,104105.0,0.276,Chandigarh -> Delhi -> Kanpur -> Varanasi -> Patna -> Ranchi,fmcg,10678.3,2
1402,31.48,5,True,312.8,60161.0,0.877,Surat -> Rajkot -> Ahmedabad -> Indore -> Jaipur -> Jodhpur,machinery,10678.4,2
1403,40.68,2,True,149.1,76453.0,0.228,Chandigarh -> Delhi -> Agra,textiles,10678.5,2
1404,44.06,2,True,122.9,43810.0,0.683,Nashik -> Mumbai -> Nagpur,electronics,10678.5,2
1405,-50.23,2,False,129.7,119309.0,0.306,Lucknow -> Delhi -> Bhopal,perishables,10678.5,2
1406,46.37,3,True,130.0,82284.0,0.313,Jabalpur -> Nagpur -> Hyderabad -> Bangalore,pharmaceuticals,10678.6,2
1407,41.06,5,True,263.2,65804.0,1.284,Rajkot -> Ahmedabad -> Nashik -> Pune -> Bangalore -> Kochi,electronics,10678.7,2
1408,-60.78,2,False,152.8,35098.0,0.305,Mysore -> Madurai -> Chennai,perishables,10678.8,2
1409,26.61,8,True,306.0,272089.0,3.248,Jodhpur -> Udaipur -> Ahmedabad -> Indore -> Bhopal -> Delhi -> Kanpur -> Varanasi -> Ranchi,electronics,10679.1,2
1410,-94.81,10,False,698.7,313500.0,1.078,Hubli -> Mangalore -> Mysore -> Bangalore -> Hyderabad -> Visakhapatnam -> Chennai -> Bangalore -> Hyderabad -> Nagpur -> Bhopal,textiles,11323.2,2
1411,56.24,3,True,45.8,34474.0,0.293,Nagpur -> Bhopal -> Delhi -> Agra,electronics,11323.7,2
1412,46.21,2,True,82.9,105765.0,0.655,Vadodara -> Ahmedabad -> Jaipur,perishables,11323.9,2
1413,-64.63,4,False,263.7,92789.0,0.962,Ahmedabad -> Indore -> Bhopal -> Jabalpur -> Raipur,perishables,11324.2,2
1414,45.33,1,True,80.0,16569.0,0.337,Hyderabad -> Visakhapatnam,pharmaceuticals,11324.3,2
1415,43.12,3,True,163.3,80957.0,0.249,Madurai -> Chennai -> Visakhapatnam -> Bhubaneswar,machinery,11324.5,2
1416,40.81,3,True,188.0,50909.0,1.728,Pune -> Nashik -> Ahmedabad -> Udaipur,electronics,11324.7,2
1417,32.75,4,True,310.7,69409.0,0.187,Hyderabad -> Nagpur -> Bhopal -> Delhi -> Ludhiana,textiles,11325.0,2
1418,-1.05,4,True,586.2,244569.0,1.276,Jabalpur -> Nagpur -> Hyderabad -> Chennai -> Madurai,electronics,11325.4,2
1419,46.14,3,True,140.5,52912.0,0.46,Nagpur -> Bhopal -> Delhi -> Chandigarh,machinery,11325.6,2
1420,-120.34,2,False,803.7,56202.0,0.327,Mumbai -> Pune -> Bangalore,fmcg,11325.7,2
1421,31.97,3,True,277.2,57759.0,1.151,Indore -> Ahmedabad -> Mumbai -> Pune,electronics,11325.9,2
1422,50.79,2,True,62.0,20540.0,0.792,Gwalior -> Agra -> Delhi,pharmaceuticals,11326.1,2
1423,53.02,4,True,64.4,47863.0,0.207,Nagpur -> Bhopal -> Gwalior -> Agra -> Kanpur,perishables,11326.4,2
1424,42.67,1,True,77.8,117459.0,0.04,Ahmedabad -> Nashik,electronics,11326.5,2
1425,12.77,6,True,469.3,132053.0,0.677,Guwahati -> Kolkata -> Ranchi -> Varanasi -> Kanpur -> Agra -> Delhi,textiles,11327.0,2
1426,17.6,3,True,391.9,156920.0,1.0,Bhopal -> Nagpur -> Mumbai -> Pune,electronics,11327.2,2
1427,36.18,4,True,273.7,70889.0,0.645,Agra -> Delhi -> Jaipur -> Indore -> Udaipur,electronics,11327.5,2
1428,25.67,6,True,382.8,151228.0,1.02,Chandigarh -> Delhi -> Agra -> Lucknow -> Patna -> Kolkata -> Guwahati,machinery,11327.9,2
1429,-55.82,5,True,787.4,103350.0,2.216,Bhubaneswar -> Visakhapatnam -> Chennai -> Madurai -> Mysore -> Mangalore,electronics,11328.3,2
1430,36.58,4,True,275.3,58809.0,0.261,Varanasi -> Kanpur -> Delhi -> Jaipur -> Jodhpur,textiles,11328.6,2
1431,15.83,6,True,396.3,264165.0,1.23,Visakhapatnam -> Chennai -> Madurai -> Mysore -> Bangalore -> Pune -> Nashik,machinery,11329.1,2
1432,-59.78,4,False,199.5,51970.0,0.855,Vadodara -> Ahmedabad -> Rajkot -> Surat -> Mumbai,perishables,11329.5,2
1433,-73.15,4,False,389.1,117547.0,0.389,Delhi -> Bhopal -> Jabalpur -> Nagpur -> Hyderabad,fmcg,11329.7,2
1434,55.21,2,True,17.4,28564.0,0.386,Amritsar -> Ludhiana -> Chandigarh,electronics,11329.9,2
1435,53.29,5,True,149.7,54361.0,0.216,Patna -> Lucknow -> Delhi -> Jaipur -> Jodhpur -> Udaipur,textiles,11330.4,2
1436,36.61,2,True,199.5,42277.0,0.358,Varanasi -> Patna -> Kolkata,textiles,11330.5,2
1437,-79.5,3,False,361.1,180211.0,1.482,Kochi -> Bangalore -> Pune -> Mumbai,pharmaceuticals,11330.7,2
1438,-74.83,4,False,300.5,47334.0,1.668,Jodhpur -> Udaipur -> Indore -> Bhopal -> Delhi,perishables,11331.0,2
1439,-19.95,4,True,761.7,309046.0,1.03,Kochi -> Bangalore -> Pune -> Mumbai -> Surat,machinery,11331.3,2
1440,54.15,2,True,25.5,32985.0,0.616,Lucknow -> Agra -> Gwalior,pharmaceuticals,11331.5,2
1441,51.03,4,True,129.7,53010.0,0.821,Lucknow -> Delhi -> Jaipur -> Ahmedabad -> Vadodara,machinery,11331.8,2
1442,39.55,7,True,272.2,181330.0,0.899,Patna -> Lucknow -> Agra -> Delhi -> Jaipur -> Ahmedabad -> Mumbai -> Pune,fmcg,11332.3,2
1443,-65.69,1,False,271.1,23259.0,0.334,Hubli -> Bangalore,pharmaceuticals,11332.4,2
1444,47.22,7,True,228.6,87563.0,0.58,Ranchi -> Patna -> Varanasi -> Kanpur -> Delhi -> Jaipur -> Ahmedabad -> Rajkot,fmcg,11332.9,2
1445,-69.26,5,False,333.0,251084.0,1.162,Hubli -> Bangalore -> Chennai -> Visakhapatnam -> Bhubaneswar -> Ranchi,pharmaceuticals,11333.2,2
1446,51.95,3,True,86.5,43660.0,0.183,Pune -> Mumbai -> Nagpur -> Raipur,textiles,11333.5,2
1447,45.34,2,True,86.7,126573.0,0.392,Hyderabad -> Chennai -> Madurai,electronics,11333.6,2
1448,-47.96,2,False,124.2,62142.0,0.683,Chennai -> Visakhapatnam -> Bhubaneswar,perishables,11333.8,2
1449,-133.78,5,False,964.0,288539.0,2.338,Jodhpur -> Udaipur -> Ahmedabad -> Nashik -> Mumbai -> Nagpur,electronics,11334.1,2
1450,41.76,3,True,172.7,85021.0,0.827,Jabalpur -> Raipur -> Bhubaneswar -> Ranchi,machinery,11334.4,2
1451,0.41,3,True,571.7,144241.0,0.178,Bhopal -> Jabalpur -> Raipur -> Bhubaneswar,textiles,11334.6,2
1452,52.88,1,True,9.0,5880.0,0.086,Coimbatore -> Madurai,textiles,11334.7,2
1453,17.07,7,True,474.7,104984.0,0.611,Kanpur -> Delhi -> Bhopal -> Jabalpur -> Nagpur -> Hyderabad -> Bangalore -> Chennai,textiles,11335.2,2
1454,36.64,1,True,167.5,17510.0,0.169,Hubli -> Mangalore,fmcg,11335.3,2
1455,52.49,1,True,12.3,6710.0,0.145,Thiruvananthapuram -> Kochi,machinery,11335.4,2
1456,46.88,4,True,102.4,94570.0,0.544,Varanasi -> Kanpur -> Delhi -> Ludhiana -> Chandigarh,perishables,11335.7,2
1457,45.23,1,True,79.4,26944.0,0.03,Indore -> Jaipur,textiles,11335.7,2
1458,50.12,3,True,94.9,77320.0,0.135,Jabalpur -> Bhopal -> Delhi -> Ludhiana,pharmaceuticals,11336.0,2
1459,49.5,2,True,77.0,21106.0,0.332,Kochi -> Coimbatore -> Chennai,perishables,11336.1,2
1460,54.73,4,True,102.8,26346.0,0.411,Surat -> Vadodara -> Ahmedabad -> Udaipur -> Jodhpur,fmcg,11336.4,2
1461,26.72,3,True,300.0,162022.0,0.84,Nashik -> Pune -> Bangalore -> Coimbatore,electronics,11336.7,2
1462,45.61,3,True,152.1,34092.0,0.307,Pune -> Mumbai -> Nagpur -> Bhopal,textiles,11336.9,2
1463,22.77,3,True,331.7,154972.0,0.467,Mysore -> Bangalore -> Pune -> Mumbai,fmcg,11337.1,2
1464,52.71,1,True,10.7,7080.0,0.01,Varanasi -> Patna,textiles,11337.2,2
1465,-54.0,4,False,252.8,44094.0,1.573,Amritsar -> Ludhiana -> Delhi -> Jaipur -> Jodhpur,pharmaceuticals,11337.5,2
1466,49.29,3,True,111.7,40513.0,0.65,Udaipur -> Indore -> Bhopal -> Nagpur,machinery,11337.7,2
1467,49.15,3,True,112.2,52542.0,0.11,Mumbai -> Ahmedabad -> Jaipur -> Delhi,fmcg,11337.9,2
1468,-24.87,2,True,370.0,144665.0,0.441,Nashik -> Ahmedabad -> Indore,fmcg,11338.1,2
1469,41.28,2,True,141.0,75924.0,0.694,Ranchi -> Kolkata -> Guwahati,electronics,11338.2,2
1470,-83.21,1,False,441.1,30143.0,0.178,Visakhapatnam -> Hyderabad,fmcg,11338.3,2
1471,-83.22,3,False,478.8,43652.0,1.705,Thiruvananthapuram -> Kochi -> Bangalore -> Pune,pharmaceuticals,11338.6,2
1472,54.58,2,True,25.5,13830.0,0.909,Pune -> Mumbai -> Surat,pharmaceuticals,11338.8,2
1473,30.98,3,True,271.8,112200.0,0.941,Hyderabad -> Nagpur -> Mumbai -> Surat,electronics,11339.0,2
1474,1.51,10,True,483.7,271822.0,3.935,Vadodara -> Ahmedabad -> Udaipur -> Jodhpur -> Jaipur -> Delhi -> Kanpur -> Varanasi -> Ranchi -> Kolkata -> Guwahati,electronics,11339.7,2
1475,53.66,5,True,145.0,41245.0,1.2,Raipur -> Jabalpur -> Bhopal -> Indore -> Udaipur -> Jodhpur,electronics,11340.0,2
1476,50.04,2,True,15.0,47607.0,0.06,Agra -> Kanpur -> Lucknow,machinery,11340.0,2
1477,53.98,2,True,32.8,22508.0,0.14,Indore -> Bhopal -> Gwalior,fmcg,11340.1,2
1478,13.09,5,True,483.4,99784.0,1.149,Chennai -> Bangalore -> Pune -> Nashik -> Ahmedabad -> Indore,machinery,11340.2,2
1479,34.38,6,True,356.4,95438.0,2.234,Chennai -> Hyderabad -> Nagpur -> Bhopal -> Delhi -> Ludhiana -> Amritsar,electronics,11340.4,2
1480,40.92,7,True,282.0,95748.0,0.803,Guwahati -> Kolkata -> Bhubaneswar -> Visakhapatnam -> Chennai -> Coimbatore -> Bangalore -> Mysore,fmcg,11340.8,2
1481,-110.45,3,False,741.7,175065.0,1.367,Guwahati -> Kolkata -> Bhubaneswar -> Visakhapatnam,electronics,11340.9,2
1482,39.27,2,True,174.0,31481.0,0.778,Nagpur -> Hyderabad -> Visakhapatnam,electronics,11341.0,2
1483,18.84,6,True,430.0,227659.0,0.66,Thiruvananthapuram -> Kochi -> Coimbatore -> Bangalore -> Pune -> Nashik -> Ahmedabad,machinery,11341.1,2
1484,37.48,4,True,188.5,122836.0,1.285,Delhi -> Kanpur -> Varanasi -> Ranchi -> Kolkata,pharmaceuticals,11341.2,2
1485,50.25,3,True,100.5,55875.0,0.05,Hyderabad -> Nagpur -> Mumbai -> Nashik,textiles,11341.3,2
1486,53.88,2,True,33.2,18026.0,0.513,Jodhpur -> Jaipur -> Delhi,perishables,11341.4,2
1487,51.94,1,True,14.2,20521.0,0.045,Bhopal -> Delhi,pharmaceuticals,11341.4,2
1488,42.31,4,True,203.2,108691.0,0.219,Hubli -> Bangalore -> Hyderabad -> Nagpur -> Jabalpur,textiles,11341.5,2
1489,-62.61,3,False,253.4,109913.0,0.672,Hyderabad -> Nagpur -> Bhopal -> Delhi,perishables,11341.6,2
1490,48.63,1,True,41.8,36119.0,0.202,Ahmedabad -> Udaipur,machinery,11341.6,2
1491,44.15,1,True,88.3,21106.0,0.785,Bhopal -> Delhi,pharmaceuticals,11341.6,2
1492,37.12,4,True,263.9,69190.0,0.819,Coimbatore -> Chennai -> Visakhapatnam -> Bhubaneswar -> Kolkata,machinery,11341.7,2
1493,48.84,1,True,45.7,17578.0,0.135,Agra -> Lucknow,pharmaceuticals,11341.7,2
1494,47.07,4,True,168.2,54214.0,0.971,Chandigarh -> Delhi -> Jaipur -> Ahmedabad -> Nashik,pharmaceuticals,11341.8,2
1495,-57.65,3,False,211.7,111601.0,0.924,Mangalore -> Mysore -> Bangalore -> Hyderabad,perishables,11341.9,2
1496,23.51,6,True,394.7,163652.0,2.209,Coimbatore -> Chennai -> Bangalore -> Pune -> Nashik -> Ahmedabad -> Jaipur,electronics,11342.1,2
1497,35.69,4,True,256.6,124459.0,1.843,Visakhapatnam -> Hyderabad -> Nagpur -> Bhopal -> Gwalior,electronics,11342.2,2
1498,-72.92,3,False,386.0,69645.0,1.178,Thiruvananthapuram -> Kochi -> Bangalore -> Pune,pharmaceuticals,11342.2,2
1499,46.61,4,True,167.1,85382.0,0.242,Surat -> Mumbai -> Pune -> Bangalore -> Mysore,textiles,11342.4,2
1500,-34.7,2,True,867.4,194293.0,0.257,Hyderabad -> Visakhapatnam -> Bhubaneswar,textiles,11342.4,2
1501,46.82,2,True,90.4,65884.0,0.33,Nashik -> Ahmedabad -> Vadodara,fmcg,11343.4,2
1502,-84.06,5,False,499.6,237904.0,2.073,Ludhiana -> Delhi -> Bhopal -> Nagpur -> Hyderabad -> Bangalore,pharmaceuticals,11343.5,2
1503,48.01,2,True,75.7,76916.0,0.217,Jodhpur -> Udaipur -> Ahmedabad,perishables,11343.5,2
1504,-121.64,2,False,682.5,33541.0,0.881,Hubli -> Bangalore -> Pune,perishables,11343.6,2
1505,41.94,5,True,249.2,77778.0,1.598,Jodhpur -> Jaipur -> Delhi -> Kanpur -> Varanasi -> Ranchi,electronics,11343.7,2
1506,-59.04,3,False,260.6,68056.0,1.463,Kolkata -> Bhubaneswar -> Visakhapatnam -> Hyderabad,pharmaceuticals,11343.7,2
1507,52.09,2,True,51.6,13874.0,0.686,Chandigarh -> Delhi -> Agra,electronics,11343.8,2
1508,56.4,3,True,44.2,38463.0,0.048,Kanpur -> Delhi -> Jaipur -> Ahmedabad,textiles,11343.9,2
1509,-19.02,9,True,662.2,281878.0,0.689,Bangalore -> Kochi -> Thiruvananthapuram -> Kochi -> Bangalore -> Hyderabad -> Nagpur -> Bhopal -> Delhi -> Lucknow,textiles,11344.1,2
1510,-54.55,2,False,154.3,154938.0,0.275,Patna -> Lucknow -> Delhi,perishables,11344.2,2
1511,51.01,2,True,41.0,91182.0,0.309,Mysore -> Madurai -> Chennai,pharmaceuticals,11344.3,2
1512,-64.77,3,False,268.8,48860.0,1.101,Ranchi -> Varanasi -> Kanpur -> Delhi,perishables,11344.3,2
1513,11.77,6,True,569.3,160658.0,0.957,Indore -> Bhopal -> Nagpur -> Hyderabad -> Bangalore -> Kochi -> Thiruvananthapuram,machinery,11344.5,2
1514,39.08,5,True,201.3,174338.0,1.128,Jabalpur -> Nagpur -> Hyderabad -> Bangalore -> Coimbatore -> Madurai,electronics,11344.6,2
1515,55.52,6,True,102.5,98378.0,0.543,Rajkot -> Ahmedabad -> Jaipur -> Delhi -> Chandigarh -> Ludhiana -> Amritsar,fmcg,11344.7,2
1516,41.57,3,True,177.0,66454.0,1.145,Jabalpur -> Nagpur -> Mumbai -> Nashik,pharmaceuticals,11344.7,2
1517,-44.93,4,False,150.6,105733.0,0.659,Indore -> Bhopal -> Nagpur -> Hyderabad -> Bangalore,perishables,11344.8,2
1518,-72.99,1,False,326.0,50815.0,0.461,Pune -> Bangalore,pharmaceuticals,11344.9,2
1519,39.87,5,True,239.0,113123.0,1.592,Amritsar -> Ludhiana -> Delhi -> Bhopal -> Jabalpur -> Raipur,pharmaceuticals,11345.0,2
1520,-53.67,4,False,174.9,102144.0,0.976,Udaipur -> Indore -> Bhopal -> Nagpur -> Hyderabad,perishables,11345.0,2
1521,47.37,3,True,129.4,39323.0,1.019,Jaipur -> Indore -> Bhopal -> Jabalpur,electronics,11345.1,2
1522,-64.7,5,True,1306.8,106922.0,1.614,Gwalior -> Bhopal -> Nagpur -> Hyderabad -> Bangalore -> Kochi,machinery,11345.2,2
1523,44.34,6,True,206.6,81719.0,1.572,Kolkata -> Patna -> Varanasi -> Kanpur -> Delhi -> Jaipur -> Indore,pharmaceuticals,11345.4,2
1524,50.2,1,True,16.0,72525.0,0.04,Madurai -> Chennai,electronics,11345.4,2
1525,-3.88,5,True,649.8,289740.0,0.402,Guwahati -> Kolkata -> Bhubaneswar -> Visakhapatnam -> Chennai -> Bangalore,textiles,11345.5,2
1526,4.2,4,True,571.9,135681.0,1.073,Chennai -> Bangalore -> Pune -> Mumbai -> Surat,machinery,11345.6,2
1527,25.95,4,True,358.3,133021.0,0.46,Guwahati -> Kolkata -> Patna -> Varanasi -> Kanpur,machinery,11345.7,2
1528,54.24,4,True,102.1,48719.0,0.163,Vadodara -> Ahmedabad -> Jaipur -> Delhi -> Lucknow,textiles,11345.7,2
1529,53.22,1,True,6.1,4781.0,0.046,Amritsar -> Ludhiana,textiles,11345.8,2
1530,-157.5,6,False,1211.6,176145.0,2.253,Ahmedabad -> Rajkot -> Surat -> Mumbai -> Pune -> Bangalore -> Kochi,electronics,11345.9,2
1531,-74.81,4,False,413.0,61130.0,0.559,Kochi -> Coimbatore -> Bangalore -> Pune -> Nashik,fmcg,11346.0,2
1532,42.82,2,True,142.8,25155.0,0.277,Agra -> Kanpur -> Varanasi,pharmaceuticals,11346.0,2
1533,47.2,1,True,60.7,20014.0,0.262,Jaipur -> Ahmedabad,machinery,11346.0,2
1534,45.32,4,True,185.9,67640.0,0.129,Raipur -> Nagpur -> Mumbai -> Ahmedabad -> Rajkot,textiles,11346.1,2
1535,17.23,5,True,428.7,321246.0,0.527,Kolkata -> Bhubaneswar -> Visakhapatnam -> Hyderabad -> Bangalore -> Kochi,textiles,11346.2,2
1536,-115.01,2,False,730.8,111025.0,0.691,Hubli -> Bangalore -> Pune,electronics,11346.3,2
1537,53.14,3,True,79.0,27491.0,0.275,Patna -> Lucknow -> Agra -> Gwalior,textiles,11346.3,2
1538,44.95,3,True,134.7,115255.0,0.234,Udaipur -> Indore -> Bhopal -> Nagpur,textiles,11346.4,2
1539,49.59,3,True,96.6,77247.0,0.853,Gwalior -> Agra -> Kanpur -> Varanasi,electronics,11346.5,2
1540,-0.51,9,True,488.0,215212.0,2.508,Jaipur -> Delhi -> Lucknow -> Kanpur -> Agra -> Delhi -> Bhopal -> Nagpur -> Hyderabad -> Bangalore,electronics,11346.6,2
1541,37.02,4,True,270.6,57129.0,0.414,Guwahati -> Kolkata -> Patna -> Varanasi -> Kanpur,textiles,11346.7,2
1542,29.19,3,True,301.4,86106.0,0.175,Indore -> Ahmedabad -> Rajkot -> Surat,textiles,11346.8,2
1543,37.01,5,True,249.9,71605.0,1.717,Ranchi -> Varanasi -> Kanpur -> Lucknow -> Delhi -> Ludhiana,electronics,11346.9,2
1544,49.4,4,True,123.3,123922.0,1.115,Rajkot -> Ahmedabad -> Jaipur -> Delhi -> Chandigarh,pharmaceuticals,11347.0,2
1545,41.09,2,True,160.1,24118.0,0.34,Delhi -> Ludhiana -> Amritsar,pharmaceuticals,11347.0,2
1546,-62.82,5,False,348.7,127218.0,1.073,Ludhiana -> Delhi -> Bhopal -> Nagpur -> Hyderabad -> Bangalore,pharmaceuticals,11347.1,2
1547,52.88,1,True,7.9,10406.0,0.04,Delhi -> Ludhiana,electronics,11347.1,2
1548,45.51,3,True,147.8,42674.0,0.859,Agra -> Kanpur -> Varanasi -> Ranchi,pharmaceuticals,11347.2,2
1549,29.54,4,True,333.2,85570.0,1.146,Madurai -> Mysore -> Bangalore -> Pune -> Mumbai,machinery,11347.3,2
1550,49.83,1,True,32.8,25342.0,0.26,Vadodara -> Surat,machinery,11347.3,2
1551,54.35,3,True,60.5,48108.0,0.314,Ahmedabad -> Mumbai -> Pune -> Bangalore,machinery,11347.4,2
1552,54.16,3,True,62.1,36608.0,1.053,Rajkot -> Surat -> Mumbai -> Pune,pharmaceuticals,11347.4,2
1553,42.17,4,True,202.6,115215.0,0.217,Nashik -> Ahmedabad -> Jaipur -> Delhi -> Kanpur,machinery,11347.5,2
1554,-52.57,5,False,124.3,60850.0,0.735,Hyderabad -> Nagpur -> Bhopal -> Delhi -> Ludhiana -> Chandigarh,perishables,11347.6,2
1555,-3.54,7,True,702.3,202588.0,0.484,Hubli -> Bangalore -> Pune -> Mumbai -> Ahmedabad -> Jaipur -> Delhi -> Lucknow,textiles,11347.8,2
1556,46.63,4,True,183.6,28108.0,0.33,Surat -> Vadodara -> Ahmedabad -> Udaipur -> Jodhpur,textiles,11347.8,2
1557,52.07,1,True,16.5,8405.0,0.04,Jabalpur -> Raipur,electronics,12016.3,2
1558,-60.25,3,False,241.0,39959.0,1.461,Ahmedabad -> Indore -> Bhopal -> Jabalpur,pharmaceuticals,12016.6,2
1559,55.81,5,True,122.8,56669.0,0.42,Thiruvananthapuram -> Kochi -> Bangalore -> Pune -> Mumbai -> Surat,fmcg,12016.9,2
1560,37.91,4,True,217.8,36260.0,0.437,Lucknow -> Agra -> Gwalior -> Bhopal -> Indore,fmcg,12017.2,2
1561,33.57,3,True,239.8,82604.0,1.556,Kolkata -> Patna -> Varanasi -> Kanpur,pharmaceuticals,12017.5,2
1562,22.79,3,True,374.5,52569.0,0.373,Mumbai -> Pune -> Bangalore -> Hubli,textiles,12017.7,2
1563,-130.44,10,False,509.8,294248.0,1.276,Patna -> Lucknow -> Delhi -> Kanpur -> Lucknow -> Agra -> Kanpur -> Delhi -> Agra -> Lucknow -> Delhi,machinery,12018.4,2
1564,36.84,3,True,233.4,38992.0,1.29,Pune -> Mumbai -> Ahmedabad -> Udaipur,electronics,12018.6,2
1565,56.27,3,True,47.1,29102.0,0.305,Jabalpur -> Bhopal -> Gwalior -> Agra,machinery,12018.8,2
1566,-87.26,10,False,575.8,234886.0,4.117,Hubli -> Bangalore -> Hyderabad -> Nagpur -> Raipur -> Jabalpur -> Bhopal -> Delhi -> Agra -> Kanpur -> Delhi,electronics,12019.6,2
1567,-35.25,9,True,1046.8,190256.0,1.718,Chandigarh -> Delhi -> Agra -> Gwalior -> Bhopal -> Nagpur -> Hyderabad -> Bangalore -> Hubli -> Mangalore,machinery,12020.3,2
1568,50.26,1,True,24.9,35664.0,0.363,Mangalore -> Mysore,perishables,12020.3,2
1569,-73.96,4,False,412.5,52497.0,0.701,Varanasi -> Ranchi -> Bhubaneswar -> Visakhapatnam -> Hyderabad,fmcg,12020.6,2
1570,49.21,4,True,130.4,105415.0,1.167,Surat -> Vadodara -> Ahmedabad -> Jaipur -> Delhi,electronics,12021.0,2
1571,-57.59,3,False,256.4,65999.0,1.006,Patna -> Lucknow -> Delhi -> Bhopal,pharmaceuticals,12021.2,2
1572,51.7,1,True,19.9,10016.0,0.015,Nagpur -> Bhopal,fmcg,12021.3,2
1573,-42.3,4,True,619.7,63038.0,0.71,Mumbai -> Ahmedabad -> Jaipur -> Delhi -> Lucknow,fmcg,12021.6,2
1574,-58.22,1,False,172.9,57287.0,0.502,Ranchi -> Varanasi,perishables,12021.7,2
1575,-55.71,5,False,242.0,118992.0,2.243,Pune -> Mumbai -> Nashik -> Ahmedabad -> Jaipur -> Delhi,pharmaceuticals,12022.0,2
1576,28.74,4,True,309.9,159194.0,0.613,Surat -> Mumbai -> Pune -> Bangalore -> Mysore,fmcg,12022.3,2
1577,49.36,2,True,79.4,21223.0,0.133,Jabalpur -> Nagpur -> Hyderabad,textiles,12022.5,2
1578,-47.11,3,False,136.0,84721.0,0.788,Jabalpur -> Bhopal -> Delhi -> Ludhiana,perishables,12022.7,2
1579,33.92,2,True,228.1,36648.0,0.338,Hubli -> Bangalore -> Kochi,electronics,12022.9,2
1580,49.69,1,True,38.6,8477.0,0.39,Surat -> Mumbai,pharmaceuticals,12023.0,2
1581,35.26,3,True,253.7,34708.0,0.629,Jabalpur -> Bhopal -> Delhi -> Agra,fmcg,12023.3,2
1582,50.42,5,True,158.5,110491.0,0.817,Agra -> Gwalior -> Bhopal -> Nagpur -> Mumbai -> Surat,pharmaceuticals,12023.7,2
1583,-96.3,2,False,455.2,208872.0,0.282,Chandigarh -> Delhi -> Bhopal,perishables,12023.9,2
1584,53.64,2,True,39.5,11021.0,0.154,Mangalore -> Mysore -> Bangalore,textiles,12024.0,2
1585,5.28,4,True,493.3,367272.0,0.729,Mumbai -> Nagpur -> Raipur -> Bhubaneswar -> Ranchi,machinery,12024.3,2
1586,43.19,4,True,174.8,172951.0,0.278,Raipur -> Nagpur -> Bhopal -> Delhi -> Jaipur,textiles,12024.6,2
1587,-118.98,4,False,747.6,174290.0,1.68,Bangalore -> Pune -> Nashik -> Ahmedabad -> Udaipur,electronics,12024.9,2
1588,39.35,3,True,186.5,127457.0,0.343,Guwahati -> Kolkata -> Bhubaneswar -> Visakhapatnam,machinery,12025.2,2
1589,51.7,4,True,123.1,42366.0,1.446,Nagpur -> Bhopal -> Delhi -> Ludhiana -> Amritsar,electronics,12025.6,2
1590,31.8,5,True,304.5,58607.0,1.983,Kanpur -> Agra -> Delhi -> Bhopal -> Jabalpur -> Raipur,electronics,12026.0,2
1591,47.67,1,True,53.8,31173.0,0.028,Madurai -> Chennai,machinery,12026.1,2
1592,52.15,1,True,15.5,8754.0,0.07,Mumbai -> Surat,textiles,12026.2,2
1593,-118.82,1,False,633.5,32678.0,0.333,Hyderabad -> Visakhapatnam,perishables,12026.3,2
1594,25.56,4,True,336.4,217505.0,0.551,Bangalore -> Hyderabad -> Visakhapatnam -> Bhubaneswar -> Ranchi,machinery,12026.6,2
1595,-70.21,2,False,331.2,60567.0,1.095,Kochi -> Bangalore -> Pune,pharmaceuticals,12026.8,2
1596,45.4,6,True,159.8,70322.0,1.016,Visakhapatnam -> Bhubaneswar -> Ranchi -> Varanasi -> Kanpur -> Agra -> Lucknow,electronics,12027.3,2
1597,48.3,4,True,156.3,58651.0,0.606,Agra -> Gwalior -> Bhopal -> Nagpur -> Hyderabad,machinery,12027.6,2
1598,53.74,2,True,25.1,56013.0,0.142,Agra -> Kanpur -> Varanasi,perishables,12027.8,2
1599,-61.98,5,True,1223.5,130921.0,1.397,Bhopal -> Nagpur -> Mumbai -> Pune -> Bangalore -> Mysore,machinery,12028.2,2
1600,37.1,6,True,294.2,218318.0,1.867,Agra -> Delhi -> Bhopal -> Nagpur -> Hyderabad -> Bangalore -> Hubli,electronics,12028.6,2
1601,-67.03,4,False,121.8,124017.0,0.506,Patna -> Kolkata -> Ranchi -> Patna -> Kolkata,perishables,12031.8,2
1602,48.61,3,True,119.7,46031.0,0.086,Kolkata -> Patna -> Lucknow -> Agra,textiles,12032.0,2
1603,41.15,3,True,130.8,85693.0,0.391,Varanasi -> Kanpur -> Agra -> Delhi,machinery,12032.2,2
1604,47.17,3,True,102.0,143897.0,0.635,Bhubaneswar -> Raipur -> Jabalpur -> Bhopal,electronics,12032.5,2
1605,-3.91,4,True,248.5,95672.0,1.687,Ahmedabad -> Mumbai -> Nagpur -> Hyderabad -> Visakhapatnam,pharmaceuticals,12032.8,2
1606,53.46,3,True,72.4,35340.0,0.487,Hyderabad -> Nagpur -> Bhopal -> Indore,machinery,12033.0,2
1607,54.18,4,True,96.2,60777.0,0.758,Nashik -> Ahmedabad -> Jaipur -> Delhi -> Chandigarh,electronics,12033.3,2
1608,-66.89,3,False,287.6,55873.0,1.153,Kanpur -> Delhi -> Bhopal -> Jabalpur,pharmaceuticals,12033.5,2
1609,-62.88,3,False,246.9,137996.0,0.632,Madurai -> Chennai -> Visakhapatnam -> Bhubaneswar,perishables,12033.8,2
1610,57.2,3,True,40.2,22503.0,0.214,Thiruvananthapuram -> Kochi -> Coimbatore -> Madurai,textiles,12034.0,2
1611,5.48,6,True,599.8,108687.0,0.558,Udaipur -> Indore -> Ahmedabad -> Nashik -> Pune -> Bangalore -> Coimbatore,textiles,12034.4,2
1612,-54.59,5,False,240.8,260555.0,0.903,Madurai -> Chennai -> Hyderabad -> Nagpur -> Bhopal -> Delhi,pharmaceuticals,12034.8,2
1613,46.64,4,True,162.1,99084.0,0.363,Udaipur -> Jodhpur -> Jaipur -> Delhi -> Chandigarh,textiles,12035.1,2
1614,-87.38,4,False,459.4,47670.0,2.31,Jaipur -> Delhi -> Agra -> Lucknow -> Patna,pharmaceuticals,12035.4,2
1615,48.8,1,True,43.6,25778.0,0.144,Coimbatore -> Kochi,textiles,12035.5,2
1616,50.5,4,True,135.9,52189.0,0.693,Vadodara -> Ahmedabad -> Jaipur -> Delhi -> Chandigarh,machinery,12035.8,2
1617,52.59,1,True,11.9,4932.0,0.15,Coimbatore -> Kochi,perishables,12035.8,2
1618,52.8,4,True,110.7,65761.0,0.297,Rajkot -> Ahmedabad -> Jaipur -> Delhi -> Agra,fmcg,12036.1,2
1619,52.89,3,True,75.9,44931.0,0.346,Visakhapatnam -> Chennai -> Madurai -> Mysore,electronics,12036.3,2
1620,46.14,1,True,72.1,15056.0,0.382,Surat -> Rajkot,electronics,12036.4,2
1621,-56.01,5,False,292.4,122504.0,2.042,Jodhpur -> Jaipur -> Ahmedabad -> Mumbai -> Pune -> Bangalore,pharmaceuticals,12036.8,2
1622,-47.12,2,False,121.3,28975.0,0.353,Ranchi -> Varanasi -> Kanpur,perishables,12037.0,2
1623,32.18,5,True,289.6,104563.0,0.518,Chennai -> Hyderabad -> Nagpur -> Jabalpur -> Bhopal -> Gwalior,fmcg,12037.3,2
1624,-69.02,4,False,334.4,111071.0,0.958,Indore -> Ahmedabad -> Mumbai -> Pune -> Bangalore,pharmaceuticals,12037.6,2
1625,50.76,4,True,85.6,54008.0,0.137,Patna -> Lucknow -> Delhi -> Agra -> Gwalior,textiles,12037.9,2
1626,-15.63,7,True,823.6,200993.0,0.488,Mysore -> Bangalore -> Coimbatore -> Chennai -> Visakhapatnam -> Bhubaneswar -> Kolkata -> Patna,textiles,12038.4,2
1627,0.47,6,True,705.1,91306.0,0.555,Guwahati -> Kolkata -> Bhubaneswar -> Raipur -> Nagpur -> Mumbai -> Surat,textiles,12038.9,2
1628,34.47,5,True,318.0,98057.0,1.574,Madurai -> Chennai -> Hyderabad -> Nagpur -> Bhopal -> Gwalior,electronics,12039.2,2
1629,49.16,2,True,75.2,40588.0,0.218,Mumbai -> Ahmedabad -> Jaipur,machinery,12039.4,2
1630,-136.83,3,False,970.5,286319.0,1.207,Thiruvananthapuram -> Kochi -> Bangalore -> Pune,electronics,12039.6,2
1631,-94.97,10,False,711.0,227018.0,1.828,Varanasi -> Ranchi -> Bhubaneswar -> Raipur -> Jabalpur -> Nagpur -> Raipur -> Jabalpur -> Nagpur -> Hyderabad -> Bangalore,electronics,12040.3,2
1632,43.17,1,True,97.7,26836.0,0.502,Mumbai -> Nagpur,pharmaceuticals,12040.4,2
1633,37.03,4,True,267.4,55673.0,1.124,Nashik -> Pune -> Bangalore -> Mysore -> Mangalore,machinery,12040.7,2
1634,12.17,6,True,502.5,186527.0,1.977,Kanpur -> Agra -> Gwalior -> Bhopal -> Nagpur -> Hyderabad -> Chennai,electronics,12041.1,2
1635,47.48,1,True,57.7,16966.0,0.478,Bhubaneswar -> Raipur,electronics,12041.2,2
1636,47.35,3,True,127.9,46503.0,0.917,Jaipur -> Ahmedabad -> Nashik -> Pune,pharmaceuticals,12041.5,2
1637,24.36,5,True,364.9,131707.0,0.395,Hyderabad -> Nagpur -> Bhopal -> Delhi -> Chandigarh -> Ludhiana,textiles,12041.8,2
1638,-19.12,5,True,438.7,90681.0,0.919,Udaipur -> Jodhpur -> Jaipur -> Delhi -> Kanpur -> Varanasi,fmcg,12042.2,2
1639,35.3,5,True,320.9,59753.0,1.637,Surat -> Mumbai -> Ahmedabad -> Jaipur -> Delhi -> Chandigarh,electronics,12042.5,2
1640,-36.76,7,True,1056.3,109423.0,1.691,Udaipur -> Indore -> Bhopal -> Nagpur -> Jabalpur -> Raipur -> Bhubaneswar -> Ranchi,machinery,12043.0,2
1641,51.12,5,True,139.1,163211.0,0.158,Amritsar -> Ludhiana -> Delhi -> Jaipur -> Ahmedabad -> Mumbai,textiles,12043.4,2
1642,-147.06,2,False,1012.0,174954.0,0.332,Kolkata -> Bhubaneswar -> Raipur,fmcg,12043.6,2
1643,29.94,4,True,318.7,136455.0,0.19,Kolkata -> Bhubaneswar -> Visakhapatnam -> Chennai -> Bangalore,textiles,12043.9,2
1644,-44.64,3,False,122.1,89397.0,0.971,Kolkata -> Bhubaneswar -> Raipur -> Nagpur,perishables,12044.1,2
1645,29.27,5,True,304.6,131943.0,0.757,Vadodara -> Ahmedabad -> Jaipur -> Delhi -> Chandigarh -> Ludhiana,fmcg,12044.5,2
1646,-52.98,2,False,163.1,36954.0,0.405,Guwahati -> Kolkata -> Patna,perishables,12044.6,2
1647,49.79,2,True,26.6,14340.0,0.248,Kanpur -> Agra -> Delhi,perishables,12044.8,2
1648,7.39,3,True,481.5,198111.0,1.017,Ahmedabad -> Mumbai -> Nagpur -> Hyderabad,electronics,12045.0,2
1649,39.71,2,True,157.5,74380.0,0.612,Nashik -> Ahmedabad -> Udaipur,machinery,12045.1,2
1650,-71.41,4,False,161.7,69997.0,0.434,Kanpur -> Lucknow -> Patna -> Varanasi -> Kanpur,perishables,12045.4,2
1651,50.41,4,True,131.3,66031.0,0.96,Vadodara -> Ahmedabad -> Jaipur -> Delhi -> Chandigarh,electronics,12045.8,2
1652,39.35,1,True,141.0,16097.0,0.136,Jabalpur -> Nagpur,textiles,12045.8,2
1653,7.09,4,True,507.4,249675.0,1.304,Nagpur -> Raipur -> Bhubaneswar -> Kolkata -> Guwahati,electronics,12046.1,2
1654,-58.66,3,False,249.9,80839.0,1.399,Kochi -> Bangalore -> Pune -> Mumbai,pharmaceuticals,12046.4,2
1655,38.93,4,True,218.4,167234.0,0.432,Mumbai -> Nagpur -> Bhopal -> Delhi -> Chandigarh,machinery,12046.7,2
1656,-203.58,10,False,1217.5,287477.0,1.336,Udaipur -> Ahmedabad -> Nashik -> Pune -> Mumbai -> Surat -> Rajkot -> Ahmedabad -> Nashik -> Pune -> Bangalore,fmcg,12047.4,2
1657,-103.9,5,False,476.9,282760.0,0.445,Ahmedabad -> Udaipur -> Jodhpur -> Jaipur -> Ahmedabad -> Mumbai,fmcg,12047.8,2
1658,-99.62,7,False,650.5,242454.0,0.793,Thiruvananthapuram -> Kochi -> Coimbatore -> Chennai -> Hyderabad -> Nagpur -> Raipur -> Bhubaneswar,fmcg,12048.2,2
1659,11.16,5,True,129.9,133364.0,0.628,Vadodara -> Surat -> Mumbai -> Pune -> Bangalore -> Hubli,perishables,12048.6,2
1660,50.85,4,True,81.7,47084.0,1.137,Lucknow -> Agra -> Gwalior -> Bhopal -> Jabalpur,electronics,12048.9,2
1661,49.8,2,True,70.1,31270.0,0.495,Mysore -> Bangalore -> Pune,perishables,12049.1,2
1662,-75.63,4,False,430.1,196047.0,0.671,Guwahati -> Kolkata -> Bhubaneswar -> Visakhapatnam -> Chennai,fmcg,12049.4,2
1663,38.4,8,True,328.8,131690.0,0.557,Kanpur -> Lucknow -> Delhi -> Bhopal -> Nagpur -> Hyderabad -> Bangalore -> Kochi -> Thiruvananthapuram,fmcg,12050.2,2
1664,32.62,3,True,196.7,321246.0,0.154,Mysore -> Bangalore -> Chennai -> Visakhapatnam,fmcg,12050.4,2
1665,-11.44,5,True,769.5,130926.0,1.113,Coimbatore -> Bangalore -> Pune -> Nashik -> Ahmedabad -> Udaipur,machinery,12050.8,2
1666,27.2,3,True,320.7,82688.0,0.49,Visakhapatnam -> Hyderabad -> Nagpur -> Mumbai,machinery,12051.0,2
1667,2.02,3,True,133.4,120540.0,0.432,Hyderabad -> Nagpur -> Mumbai -> Surat,perishables,12051.3,2
1668,43.59,4,True,207.9,44819.0,0.547,Pune -> Mumbai -> Ahmedabad -> Udaipur -> Jodhpur,machinery,12051.6,2
1669,49.32,2,True,76.8,24458.0,0.514,Jaipur -> Delhi -> Chandigarh,pharmaceuticals,12051.8,2
1670,-62.33,1,False,211.4,25705.0,0.337,Lucknow -> Delhi,perishables,12051.8,2
1671,50.46,3,True,106.2,24671.0,0.353,Agra -> Gwalior -> Bhopal -> Jabalpur,textiles,12052.1,2
1672,29.01,3,True,304.8,76448.0,0.44,Chennai -> Bangalore -> Pune -> Mumbai,machinery,12052.3,2
1673,50.26,2,True,54.0,76917.0,0.047,Jaipur -> Delhi -> Agra,textiles,12052.4,2
1674,50.59,3,True,99.8,46702.0,0.051,Nagpur -> Bhopal -> Delhi -> Lucknow,textiles,12052.7,2
1675,53.7,3,True,70.2,41032.0,0.102,Bhopal -> Nagpur -> Mumbai -> Surat,textiles,12052.9,2
1676,38.77,8,True,373.1,155084.0,2.539,Thiruvananthapuram -> Kochi -> Bangalore -> Hyderabad -> Nagpur -> Bhopal -> Delhi -> Ludhiana -> Amritsar,electronics,12053.5,2
1677,-27.2,5,True,453.9,309183.0,0.572,Hubli -> Bangalore -> Pune -> Nashik -> Ahmedabad -> Udaipur,fmcg,12053.9,2
1678,25.24,7,True,395.7,96152.0,0.615,Kolkata -> Patna -> Lucknow -> Agra -> Kanpur -> Delhi -> Jaipur -> Jodhpur,textiles,12054.4,2
1679,30.96,3,True,289.2,46839.0,1.43,Guwahati -> Kolkata -> Bhubaneswar -> Raipur,electronics,12054.6,2
1680,44.77,3,True,159.4,40041.0,0.175,Bangalore -> Pune -> Mumbai -> Surat,textiles,12054.9,2
1681,53.47,4,True,92.3,105248.0,0.279,Lucknow -> Delhi -> Jaipur -> Ahmedabad -> Udaipur,textiles,12055.2,2
1682,-18.63,4,True,825.6,61425.0,0.468,Visakhapatnam -> Chennai -> Coimbatore -> Kochi -> Thiruvananthapuram,textiles,12055.5,2
1683,39.9,3,True,146.0,68754.0,0.858,Indore -> Bhopal -> Jabalpur -> Nagpur,electronics,12055.8,2
1684,55.47,4,True,88.8,35807.0,0.83,Varanasi -> Kanpur -> Delhi -> Ludhiana -> Amritsar,perishables,12056.1,2
1685,-2.64,6,True,668.6,311825.0,0.861,Thiruvananthapuram -> Kochi -> Bangalore -> Pune -> Nashik -> Ahmedabad -> Udaipur,machinery,12056.6,2
1686,-83.39,6,False,341.7,145743.0,1.911,Amritsar -> Ludhiana -> Delhi -> Chandigarh -> Ludhiana -> Delhi -> Jaipur,pharmaceuticals,12057.0,2
1687,53.27,1,True,5.8,2595.0,0.14,Lucknow -> Kanpur,fmcg,12057.1,2
1688,43.26,2,True,127.5,63453.0,0.163,Mangalore -> Mysore -> Madurai,fmcg,12057.3,2
1689,23.87,3,True,355.1,74567.0,0.773,Madurai -> Chennai -> Visakhapatnam -> Bhubaneswar,machinery,12057.5,2
1690,41.52,3,True,181.4,63091.0,0.894,Rajkot -> Ahmedabad -> Jaipur -> Delhi,electronics,12057.7,2
1691,27.81,2,True,282.8,62642.0,0.059,Guwahati -> Kolkata -> Patna,textiles,12057.9,2
1692,-55.04,4,False,250.3,104265.0,0.643,Mangalore -> Hubli -> Bangalore -> Hyderabad -> Nagpur,pharmaceuticals,12058.2,2
1693,56.42,5,True,115.6,59764.0,0.465,Rajkot -> Surat -> Mumbai -> Pune -> Bangalore -> Mysore,fmcg,13226.9,2
1694,45.06,3,True,144.6,76693.0,0.372,Bhopal -> Nagpur -> Mumbai -> Surat,fmcg,13227.1,2
1695,8.85,5,True,493.2,204771.0,1.383,Bangalore -> Chennai -> Visakhapatnam -> Bhubaneswar -> Ranchi -> Kolkata,electronics,13227.5,2
1696,50.83,2,True,62.8,18014.0,0.706,Delhi -> Jaipur -> Jodhpur,electronics,13227.7,2
1697,52.71,5,True,152.8,60700.0,0.377,Hubli -> Bangalore -> Hyderabad -> Nagpur -> Bhopal -> Indore,fmcg,13228.1,2
1698,-64.57,3,False,205.5,54975.0,0.641,Bangalore -> Chennai -> Hyderabad -> Nagpur,perishables,13228.3,2
1699,50.67,3,True,100.0,42255.0,0.125,Varanasi -> Patna -> Kolkata -> Guwahati,textiles,13228.5,2
1700,-6.86,2,True,155.0,223896.0,0.559,Jaipur -> Ahmedabad -> Mumbai,perishables,13228.7,2
1701,45.39,2,True,102.8,50058.0,0.395,Pune -> Bangalore -> Kochi,perishables,13232.1,2
1702,-50.52,4,False,158.9,85886.0,0.693,Jaipur -> Delhi -> Kanpur -> Varanasi -> Ranchi,perishables,13232.4,2
1703,36.96,4,True,241.2,152940.0,0.664,Indore -> Bhopal -> Nagpur -> Hyderabad -> Visakhapatnam,machinery,13232.8,2
1704,22.94,5,True,396.3,231256.0,0.968,Nashik -> Ahmedabad -> Jaipur -> Delhi -> Kanpur -> Varanasi,machinery,13233.2,2
1705,52.13,1,True,14.9,11690.0,0.063,Kolkata -> Ranchi,fmcg,13233.3,2
1706,47.2,2,True,93.2,31402.0,0.473,Patna -> Kolkata -> Bhubaneswar,perishables,13233.4,2
1707,47.33,1,True,60.0,7947.0,0.853,Udaipur -> Jodhpur,pharmaceuticals,13233.5,2
1708,-10.71,4,True,728.6,119644.0,0.526,Patna -> Kolkata -> Bhubaneswar -> Visakhapatnam -> Chennai,textiles,13233.8,2
1709,53.67,4,True,106.8,40099.0,0.9,Jodhpur -> Jaipur -> Delhi -> Agra -> Gwalior,machinery,13234.1,2
1710,-64.63,2,False,256.4,28491.0,0.771,Mysore -> Bangalore -> Pune,perishables,13234.3,2
1711,52.91,2,True,45.3,12667.0,0.364,Rajkot -> Surat -> Vadodara,perishables,13234.5,2
1712,30.86,5,True,334.8,127106.0,0.691,Mysore -> Bangalore -> Pune -> Nashik -> Ahmedabad -> Udaipur,fmcg,13234.9,2
1713,40.65,4,True,237.8,45346.0,0.427,Bhopal -> Jabalpur -> Raipur -> Bhubaneswar -> Kolkata,fmcg,13235.1,2
1714,-53.58,3,False,198.9,54016.0,0.475,Surat -> Mumbai -> Pune -> Bangalore,perishables,13235.4,2
1715,39.11,5,True,277.2,92981.0,0.764,Nashik -> Mumbai -> Nagpur -> Raipur -> Bhubaneswar -> Kolkata,machinery,13235.7,2
1716,53.61,3,True,56.3,82354.0,0.592,Gwalior -> Bhopal -> Jabalpur -> Raipur,electronics,13236.0,2
1717,-64.93,4,False,266.6,35302.0,1.777,Ahmedabad -> Udaipur -> Indore -> Bhopal -> Nagpur,pharmaceuticals,13236.2,2
1718,-1.35,2,True,158.4,23416.0,0.652,Vadodara -> Ahmedabad -> Indore,perishables,13236.4,2
1719,49.36,4,True,146.1,53859.0,0.843,Mysore -> Bangalore -> Pune -> Mumbai -> Surat,machinery,13236.7,2
1720,41.4,3,True,183.8,69705.0,0.254,Thiruvananthapuram -> Kochi -> Bangalore -> Hubli,textiles,13236.9,2
1721,-81.43,3,False,421.2,217474.0,1.127,Ludhiana -> Delhi -> Jaipur -> Ahmedabad,pharmaceuticals,13237.2,2
1722,-58.17,2,False,185.0,132659.0,0.662,Vadodara -> Ahmedabad -> Indore,perishables,13237.3,2
1723,52.65,1,True,11.9,4158.0,0.082,Surat -> Vadodara,textiles,13237.4,2
1724,0.57,5,True,611.1,230270.0,1.619,Rajkot -> Ahmedabad -> Nashik -> Pune -> Bangalore -> Kochi,electronics,13237.8,2
1725,25.47,4,True,337.0,56747.0,0.248,Mumbai -> Ahmedabad -> Indore -> Bhopal -> Delhi,textiles,13238.1,2
1726,40.7,5,True,232.3,110633.0,1.552,Amritsar -> Ludhiana -> Delhi -> Bhopal -> Jabalpur -> Raipur,pharmaceuticals,13238.5,2
1727,-19.45,4,True,402.4,81314.0,0.756,Bhubaneswar -> Raipur -> Nagpur -> Mumbai -> Nashik,fmcg,13238.8,2
1728,-53.11,2,False,139.8,132319.0,0.431,Mumbai -> Nagpur -> Bhopal,perishables,13238.9,2
1729,50.32,4,True,97.2,25976.0,0.363,Gwalior -> Agra -> Delhi -> Ludhiana -> Chandigarh,fmcg,13239.2,2
1730,-127.17,2,False,779.6,48204.0,1.127,Mysore -> Bangalore -> Pune,pharmaceuticals,13239.3,2
1731,52.09,2,True,48.9,23080.0,0.658,Ahmedabad -> Indore -> Bhopal,perishables,13239.5,2
1732,49.19,1,True,37.2,20607.0,0.945,Agra -> Gwalior,pharmaceuticals,13239.6,2
1733,41.9,3,True,176.4,61221.0,0.978,Kolkata -> Bhubaneswar -> Visakhapatnam -> Chennai,pharmaceuticals,13239.8,2
1734,53.09,2,True,32.5,44460.0,0.65,Vadodara -> Ahmedabad -> Udaipur,electronics,13239.9,2
1735,-48.11,3,False,124.3,37631.0,0.397,Ahmedabad -> Indore -> Bhopal -> Nagpur,perishables,13240.1,2
1736,50.93,5,True,164.9,75520.0,0.62,Indore -> Bhopal -> Nagpur -> Hyderabad -> Bangalore -> Hubli,electronics,13240.5,2
1737,50.87,1,True,27.1,8683.0,0.316,Varanasi -> Patna,pharmaceuticals,13240.6,2
1738,20.85,4,True,423.7,79580.0,0.794,Hubli -> Bangalore -> Chennai -> Visakhapatnam -> Bhubaneswar,machinery,13240.9,2
1739,39.73,3,True,192.8,57176.0,1.274,Lucknow -> Delhi -> Bhopal -> Indore,pharmaceuticals,13241.1,2
1740,-132.13,2,False,914.2,36879.0,0.491,Nagpur -> Raipur -> Bhubaneswar,fmcg,13241.3,2
1741,-97.18,8,False,475.5,89164.0,1.09,Lucknow -> Agra -> Kanpur -> Lucknow -> Delhi -> Jaipur -> Jodhpur -> Udaipur -> Ahmedabad,fmcg,13241.9,2
1742,47.97,2,True,89.5,29115.0,0.411,Surat -> Mumbai -> Ahmedabad,electronics,13242.0,2
1743,44.52,1,True,56.6,126637.0,0.051,Pune -> Bangalore,fmcg,13242.1,2
1744,52.04,2,True,43.9,50456.0,0.103,Indore -> Ahmedabad -> Rajkot,textiles,13242.2,2
1745,50.33,2,True,68.0,25643.0,0.2,Kochi -> Bangalore -> Hubli,textiles,13242.4,2
1746,46.35,2,True,102.8,40734.0,0.285,Raipur -> Bhubaneswar -> Visakhapatnam,pharmaceuticals,13242.5,2
1747,-6.76,3,True,175.1,73023.0,1.474,Lucknow -> Agra -> Gwalior -> Bhopal,perishables,13242.7,2
1748,50.18,2,True,50.9,84941.0,0.35,Pune -> Mumbai -> Ahmedabad,machinery,13242.9,2
1749,52.89,3,True,69.8,63324.0,0.452,Raipur -> Nagpur -> Hyderabad -> Chennai,pharmaceuticals,13243.1,2
1750,45.32,5,True,158.1,126124.0,0.175,Bhopal -> Nagpur -> Hyderabad -> Chennai -> Bangalore -> Mysore,textiles,13243.4,2
1751,52.76,1,True,9.2,9991.0,0.04,Lucknow -> Agra,electronics,13243.6,2
1752,-59.66,3,False,254.0,112647.0,1.67,Guwahati -> Kolkata -> Patna -> Lucknow,pharmaceuticals,13243.8,2
1753,16.17,4,True,397.4,149058.0,1.221,Nagpur -> Jabalpur -> Bhopal -> Delhi -> Kanpur,electronics,13244.1,2
1754,-9.61,4,True,288.8,139996.0,0.848,Ranchi -> Bhubaneswar -> Raipur -> Nagpur -> Mumbai,pharmaceuticals,13244.4,2
1755,45.2,3,True,150.8,55230.0,0.141,Bangalore -> Hyderabad -> Nagpur -> Bhopal,textiles,13244.6,2
1756,34.27,7,True,408.7,86027.0,0.541,Thiruvananthapuram -> Kochi -> Bangalore -> Hyderabad -> Nagpur -> Bhopal -> Gwalior -> Agra,textiles,13245.1,2
1757,28.75,6,True,336.4,180752.0,0.511,Agra -> Delhi -> Bhopal -> Jabalpur -> Nagpur -> Hyderabad -> Chennai,fmcg,13245.6,2
1758,-82.0,2,False,429.7,67982.0,1.248,Hubli -> Bangalore -> Pune,pharmaceuticals,13245.7,2
1759,-49.6,2,False,140.8,49843.0,0.271,Nashik -> Ahmedabad -> Jaipur,perishables,13245.9,2
1760,41.9,2,True,124.1,119188.0,0.229,Mumbai -> Nagpur -> Jabalpur,machinery,13246.0,2
1761,-68.24,5,True,804.5,287257.0,2.781,Kanpur -> Delhi -> Bhopal -> Indore -> Ahmedabad -> Rajkot,electronics,13246.4,2
1762,43.4,4,True,180.4,149703.0,0.15,Delhi -> Bhopal -> Nagpur -> Hyderabad -> Chennai,textiles,13246.7,2
1763,-79.66,2,False,437.4,56763.0,0.328,Kochi -> Bangalore -> Hyderabad,fmcg,13246.8,2
1764,-16.09,3,True,335.8,45051.0,0.711,Gwalior -> Bhopal -> Indore -> Jaipur,pharmaceuticals,13247.0,2
1765,-64.27,3,False,296.1,118808.0,1.354,Hubli -> Bangalore -> Hyderabad -> Nagpur,pharmaceuticals,13247.3,2
1766,-71.43,5,False,401.4,226400.0,1.21,Patna -> Ranchi -> Bhubaneswar -> Raipur -> Nagpur -> Mumbai,pharmaceuticals,13247.6,2
1767,-69.49,3,False,377.8,67592.0,0.575,Vadodara -> Ahmedabad -> Mumbai -> Nagpur,fmcg,13247.9,2
1768,16.98,4,True,463.0,62884.0,1.68,Chandigarh -> Delhi -> Bhopal -> Nagpur -> Hyderabad,electronics,13248.2,2
1769,50.37,4,True,136.5,55543.0,0.617,Bhopal -> Delhi -> Kanpur -> Varanasi -> Ranchi,electronics,13248.4,2
1770,51.9,1,True,11.9,30097.0,0.012,Chandigarh -> Ludhiana,textiles,13248.5,2
1771,-10.3,3,True,280.7,55081.0,1.403,Bhopal -> Jabalpur -> Raipur -> Bhubaneswar,pharmaceuticals,13248.8,2
1772,-66.66,4,False,342.5,150646.0,1.337,Chennai -> Hyderabad -> Nagpur -> Bhopal -> Gwalior,pharmaceuticals,13249.1,2
1773,-54.96,4,False,235.2,68113.0,0.712,Amritsar -> Ludhiana -> Delhi -> Lucknow -> Patna,perishables,13249.3,2
1774,-56.25,10,True,1040.4,395821.0,0.661,Mangalore -> Mysore -> Bangalore -> Coimbatore -> Chennai -> Hyderabad -> Nagpur -> Bhopal -> Delhi -> Kanpur -> Varanasi,textiles,13250.1,2
1775,-41.34,5,False,140.0,129726.0,1.132,Amritsar -> Ludhiana -> Delhi -> Jaipur -> Ahmedabad -> Vadodara,perishables,13250.4,2
1776,49.89,5,True,169.8,94588.0,0.591,Surat -> Rajkot -> Ahmedabad -> Jaipur -> Delhi -> Chandigarh,machinery,13250.8,2
1777,13.7,3,True,463.0,51548.0,0.898,Kochi -> Bangalore -> Pune -> Mumbai,machinery,13251.0,2
1778,19.28,2,True,355.5,97773.0,0.474,Delhi -> Jaipur -> Indore,electronics,13251.2,2
1779,25.61,6,True,439.8,129497.0,1.055,Udaipur -> Indore -> Bhopal -> Delhi -> Kanpur -> Varanasi -> Ranchi,machinery,13251.6,2
1780,45.17,3,True,153.1,42740.0,0.483,Varanasi -> Ranchi -> Bhubaneswar -> Raipur,machinery,13251.8,2
1781,18.14,6,True,498.0,167678.0,2.06,Kochi -> Bangalore -> Pune -> Nashik -> Ahmedabad -> Udaipur -> Jodhpur,electronics,13252.2,2
1782,-55.07,2,False,184.3,30489.0,0.564,Bangalore -> Pune -> Mumbai,perishables,13252.3,2
1783,-3.24,3,True,186.5,71953.0,0.77,Hyderabad -> Bangalore -> Mysore -> Mangalore,perishables,13252.6,2
1784,11.8,5,True,471.0,161903.0,2.49,Kanpur -> Lucknow -> Delhi -> Jaipur -> Ahmedabad -> Mumbai,electronics,13252.9,2
1785,16.27,7,True,514.5,158568.0,1.044,Indore -> Ahmedabad -> Mumbai -> Nagpur -> Hyderabad -> Bangalore -> Kochi -> Thiruvananthapuram,machinery,13253.4,2
1786,31.97,8,True,412.4,272672.0,1.209,Amritsar -> Ludhiana -> Delhi -> Bhopal -> Nagpur -> Hyderabad -> Bangalore -> Kochi -> Thiruvananthapuram,machinery,13254.0,2
1787,51.3,2,True,60.8,14046.0,0.378,Vadodara -> Ahmedabad -> Udaipur,pharmaceuticals,13254.2,2
1788,50.94,4,True,83.6,46650.0,0.607,Chandigarh -> Delhi -> Bhopal -> Jabalpur -> Nagpur,pharmaceuticals,13254.5,2
1789,50.62,1,True,17.4,53605.0,0.06,Ranchi -> Kolkata,fmcg,13254.5,2
1790,-12.79,5,True,326.1,226994.0,1.479,Rajkot -> Ahmedabad -> Jaipur -> Delhi -> Lucknow -> Patna,pharmaceuticals,13254.9,2
1791,35.27,4,True,263.0,141631.0,0.358,Rajkot -> Ahmedabad -> Jaipur -> Delhi -> Chandigarh,textiles,13255.5,2
1792,53.18,2,True,42.5,12474.0,0.401,Gwalior -> Agra -> Kanpur,fmcg,13255.6,2
1793,22.44,3,True,373.9,58082.0,0.856,Kolkata -> Patna -> Lucknow -> Delhi,electronics,13255.9,2
1794,49.28,2,True,64.0,74981.0,0.137,Guwahati -> Kolkata -> Ranchi,textiles,13256.0,2
1795,53.19,2,True,42.5,14943.0,0.234,Jaipur -> Delhi -> Chandigarh,electronics,13256.1,2
1796,-63.8,2,False,244.0,61453.0,0.467,Ahmedabad -> Mumbai -> Nagpur,perishables,13256.3,2
1797,46.71,1,True,64.8,25240.0,0.104,Nagpur -> Mumbai,textiles,13256.4,2
1798,-0.07,3,True,141.4,190539.0,0.59,Delhi -> Bhopal -> Nagpur -> Hyderabad,perishables,13256.6,2
1799,-61.91,3,False,293.5,44893.0,1.055,Ranchi -> Varanasi -> Kanpur -> Delhi,pharmaceuticals,13256.8,2
1800,56.62,3,True,47.8,15262.0,0.271,Surat -> Vadodara -> Ahmedabad -> Udaipur,textiles,13257.0,2
1801,30.08,5,True,354.6,119666.0,1.738,Agra -> Gwalior -> Bhopal -> Nagpur -> Hyderabad -> Bangalore,electronics,13260.3,2
1802,-63.49,5,False,387.9,81909.0,0.553,Mysore -> Bangalore -> Hyderabad -> Nagpur -> Bhopal -> Delhi,fmcg,13260.6,2
1803,52.49,6,True,181.8,90815.0,1.223,Madurai -> Coimbatore -> Bangalore -> Pune -> Mumbai -> Surat -> Rajkot,machinery,13261.1,2
1804,-39.81,6,True,607.5,125297.0,0.693,Jaipur -> Ahmedabad -> Nashik -> Mumbai -> Nagpur -> Hyderabad -> Visakhapatnam,fmcg,13261.5,2
1805,48.26,4,True,159.0,57322.0,0.242,Jodhpur -> Jaipur -> Delhi -> Agra -> Gwalior,textiles,13261.8,2
1806,44.18,1,True,93.6,9880.0,0.33,Coimbatore -> Kochi,electronics,13261.9,2
1807,42.62,3,True,154.3,129295.0,0.139,Bhopal -> Delhi -> Ludhiana -> Amritsar,machinery,13262.2,2
1808,31.82,6,True,374.5,120711.0,2.216,Bhubaneswar -> Raipur -> Jabalpur -> Bhopal -> Indore -> Jaipur -> Jodhpur,electronics,13262.7,2
1809,43.53,2,True,132.4,39434.0,0.103,Ahmedabad -> Mumbai -> Nagpur,textiles,13262.9,2
1810,-104.6,6,False,729.3,103159.0,2.643,Lucknow -> Delhi -> Bhopal -> Jabalpur -> Nagpur -> Hyderabad -> Chennai,electronics,13263.3,2
1811,25.42,2,True,302.1,70191.0,0.523,Bangalore -> Hyderabad -> Nagpur,machinery,13263.5,2
1812,11.56,6,True,555.3,210795.0,1.184,Thiruvananthapuram -> Kochi -> Bangalore -> Chennai -> Visakhapatnam -> Bhubaneswar -> Ranchi,machinery,13264.1,2
1813,-50.57,3,False,172.7,69197.0,0.517,Bhopal -> Nagpur -> Hyderabad -> Bangalore,perishables,13264.3,2
1814,-65.86,4,False,348.9,82655.0,1.672,Thiruvananthapuram -> Kochi -> Bangalore -> Hyderabad -> Nagpur,pharmaceuticals,13264.7,2
1815,36.82,5,True,232.4,140603.0,1.447,Gwalior -> Bhopal -> Indore -> Jaipur -> Ahmedabad -> Rajkot,electronics,13265.1,2
1816,-350.76,5,False,3213.1,200319.0,0.571,Guwahati -> Kolkata -> Bhubaneswar -> Raipur -> Nagpur -> Mumbai,textiles,13265.5,2
1817,56.88,3,True,37.8,41130.0,0.226,Udaipur -> Ahmedabad -> Vadodara -> Surat,machinery,13265.7,2
1818,-65.41,3,False,267.0,111950.0,1.411,Madurai -> Coimbatore -> Bangalore -> Hyderabad,pharmaceuticals,13265.9,2
1819,-63.42,3,False,273.0,45660.0,0.91,Gwalior -> Bhopal -> Nagpur -> Hyderabad,perishables,13266.2,2
1820,45.26,4,True,126.2,85103.0,1.124,Kanpur -> Agra -> Gwalior -> Bhopal -> Indore,pharmaceuticals,13266.5,2
1821,-40.52,3,True,969.0,180743.0,0.398,Nagpur -> Bhopal -> Indore -> Udaipur,textiles,13266.7,2
1822,37.96,3,True,177.8,200449.0,0.489,Hyderabad -> Bangalore -> Mysore -> Mangalore,machinery,13267.0,2
1823,51.11,3,True,89.7,62281.0,0.111,Indore -> Ahmedabad -> Rajkot -> Surat,textiles,13267.4,2
1824,53.34,2,True,35.5,35610.0,0.09,Mysore -> Madurai -> Chennai,pharmaceuticals,13267.6,2
1825,48.86,1,True,45.4,16188.0,0.229,Bangalore -> Hyderabad,electronics,13267.6,2
1826,-78.1,7,False,484.4,100656.0,0.918,Ranchi -> Kolkata -> Bhubaneswar -> Raipur -> Jabalpur -> Bhopal -> Indore -> Ahmedabad,fmcg,13268.2,2
1827,-37.68,9,True,1006.5,254241.0,0.798,Mysore -> Bangalore -> Hyderabad -> Nagpur -> Jabalpur -> Bhopal -> Delhi -> Kanpur -> Varanasi -> Patna,textiles,13268.9,2
1828,45.29,5,True,221.2,80842.0,0.329,Delhi -> Bhopal -> Nagpur -> Hyderabad -> Chennai -> Madurai,fmcg,13269.3,2
1829,47.88,5,True,186.6,106332.0,0.54,Surat -> Vadodara -> Ahmedabad -> Jaipur -> Delhi -> Chandigarh,textiles,13269.7,2
1830,46.91,5,True,202.9,80979.0,0.731,Ludhiana -> Delhi -> Lucknow -> Patna -> Ranchi -> Bhubaneswar,machinery,13270.0,2
1831,29.46,5,True,346.9,181082.0,0.835,Kolkata -> Patna -> Lucknow -> Delhi -> Jaipur -> Ahmedabad,machinery,13270.4,2
1832,51.19,2,True,58.7,26976.0,0.264,Jaipur -> Delhi -> Kanpur,perishables,13270.6,2
1833,48.77,3,True,112.3,56364.0,0.611,Chandigarh -> Delhi -> Kanpur -> Varanasi,machinery,13270.9,2
1834,8.51,4,True,130.8,54912.0,0.62,Jaipur -> Delhi -> Bhopal -> Jabalpur -> Raipur,perishables,13271.2,2
1835,36.29,4,True,271.2,71858.0,0.431,Visakhapatnam -> Hyderabad -> Nagpur -> Mumbai -> Nashik,fmcg,13271.5,2
1836,47.68,2,True,90.3,32046.0,0.645,Nagpur -> Mumbai -> Surat,pharmaceuticals,13271.7,2
1837,52.59,2,True,45.2,28557.0,0.078,Nashik -> Ahmedabad -> Vadodara,machinery,13271.8,2
1838,38.06,4,True,233.4,88243.0,1.732,Delhi -> Jaipur -> Ahmedabad -> Nashik -> Pune,pharmaceuticals,13272.1,2
1839,6.82,7,True,619.0,222784.0,2.786,Madurai -> Chennai -> Bangalore -> Pune -> Mumbai -> Ahmedabad -> Udaipur -> Jodhpur,electronics,14327.6,2
1840,2.79,3,True,145.2,83413.0,0.283,Jodhpur -> Jaipur -> Delhi -> Bhopal,perishables,14327.9,2
1841,48.07,3,True,111.7,87098.0,0.28,Kochi -> Bangalore -> Chennai -> Visakhapatnam,fmcg,14328.2,2
1842,44.82,4,True,188.8,44196.0,1.255,Jaipur -> Delhi -> Kanpur -> Varanasi -> Ranchi,pharmaceuticals,14328.4,2
1843,45.9,2,True,103.1,34157.0,0.246,Indore -> Ahmedabad -> Nashik,perishables,14328.6,2
1844,51.61,3,True,90.8,35472.0,0.482,Agra -> Kanpur -> Varanasi -> Ranchi,machinery,14328.8,2
1845,40.22,4,True,237.0,34973.0,2.073,Agra -> Gwalior -> Bhopal -> Jabalpur -> Raipur,electronics,14329.1,2
1846,-50.63,4,False,192.0,60296.0,0.655,Lucknow -> Delhi -> Bhopal -> Nagpur -> Hyderabad,perishables,14329.4,2
1847,10.04,6,True,334.7,146500.0,2.172,Kochi -> Coimbatore -> Chennai -> Madurai -> Coimbatore -> Chennai -> Visakhapatnam,electronics,14329.9,2
1848,-55.7,4,False,148.4,141195.0,0.812,Varanasi -> Kanpur -> Delhi -> Bhopal -> Jabalpur,perishables,14330.2,2
1849,35.16,3,True,249.8,57069.0,0.29,Raipur -> Nagpur -> Mumbai -> Pune,textiles,14330.5,2
1850,52.93,2,True,43.0,24916.0,0.03,Mumbai -> Ahmedabad -> Indore,fmcg,14330.6,2
1851,-57.57,2,False,195.1,70667.0,0.492,Jaipur -> Delhi -> Kanpur,perishables,14330.8,2
1852,50.84,4,True,131.0,49405.0,1.157,Chennai -> Bangalore -> Pune -> Mumbai -> Surat,electronics,14331.1,2
1853,49.78,2,True,25.6,13945.0,0.483,Nashik -> Pune -> Mumbai,pharmaceuticals,14331.2,2
1854,8.67,3,True,451.1,101884.0,0.313,Visakhapatnam -> Bhubaneswar -> Kolkata -> Ranchi,textiles,14331.7,2
1855,-111.28,10,False,632.7,251599.0,0.936,Nashik -> Ahmedabad -> Jaipur -> Delhi -> Ludhiana -> Chandigarh -> Delhi -> Ludhiana -> Chandigarh -> Delhi -> Kanpur,textiles,14332.5,2
1856,51.39,3,True,91.9,42131.0,0.321,Bhopal -> Nagpur -> Hyderabad -> Visakhapatnam,fmcg,14332.7,2
1857,-66.92,1,False,254.9,123576.0,0.563,Kochi -> Bangalore,pharmaceuticals,14332.8,2
1858,48.49,3,True,125.2,25259.0,0.471,Agra -> Delhi -> Ludhiana -> Amritsar,machinery,14333.0,2
1859,-80.0,7,False,507.5,277230.0,0.696,Guwahati -> Kolkata -> Patna -> Lucknow -> Agra -> Delhi -> Jaipur -> Ahmedabad,fmcg,14333.5,2
1860,31.63,3,True,289.7,35780.0,0.663,Raipur -> Jabalpur -> Bhopal -> Gwalior,machinery,14333.7,2
1861,41.91,7,True,186.5,62221.0,1.145,Pune -> Mumbai -> Surat -> Vadodara -> Ahmedabad -> Indore -> Bhopal -> Gwalior,machinery,14334.3,2
1862,34.97,1,True,167.4,74240.0,0.132,Patna -> Lucknow,textiles,14334.4,2
1863,-42.7,4,False,141.8,69816.0,0.988,Udaipur -> Ahmedabad -> Mumbai -> Pune -> Bangalore,perishables,14334.6,2
1864,6.44,5,True,546.3,83240.0,2.247,Chennai -> Visakhapatnam -> Bhubaneswar -> Kolkata -> Ranchi -> Patna,electronics,14335.0,2
1865,27.16,4,True,267.8,222210.0,0.439,Thiruvananthapuram -> Kochi -> Bangalore -> Hyderabad -> Chennai,fmcg,14335.3,2
1866,41.11,2,True,157.2,29954.0,0.554,Nashik -> Ahmedabad -> Indore,machinery,14335.4,2
1867,-76.59,10,False,435.7,245962.0,1.276,Delhi -> Jaipur -> Jodhpur -> Udaipur -> Ahmedabad -> Indore -> Udaipur -> Ahmedabad -> Rajkot -> Surat -> Mumbai,machinery,14336.1,2
1868,39.73,2,True,172.0,27987.0,0.463,Bhopal -> Jabalpur -> Raipur,machinery,14336.2,2
1869,51.37,4,True,127.3,50516.0,0.757,Udaipur -> Ahmedabad -> Jaipur -> Delhi -> Kanpur,pharmaceuticals,14336.5,2
1870,36.3,4,True,222.3,244189.0,0.272,Indore -> Bhopal -> Delhi -> Ludhiana -> Amritsar,textiles,14336.8,2
1871,-60.94,4,False,235.2,63442.0,1.479,Ahmedabad -> Mumbai -> Nashik -> Pune -> Bangalore,perishables,14337.1,2
1872,17.04,5,True,451.3,85591.0,0.529,Jabalpur -> Raipur -> Bhubaneswar -> Ranchi -> Varanasi -> Patna,textiles,14337.5,2
1873,34.81,4,True,241.8,61350.0,0.337,Delhi -> Lucknow -> Patna -> Ranchi -> Kolkata,fmcg,14337.8,2
1874,49.08,3,True,100.1,86480.0,0.622,Bangalore -> Pune -> Mumbai -> Surat,machinery,14338.0,2
1875,39.86,3,True,190.1,80941.0,0.674,Visakhapatnam -> Hyderabad -> Bangalore -> Pune,pharmaceuticals,14338.2,2
1876,51.97,2,True,49.8,30463.0,0.276,Bhopal -> Delhi -> Chandigarh,perishables,14338.4,2
1877,-78.37,3,False,397.7,210098.0,0.937,Thiruvananthapuram -> Kochi -> Bangalore -> Pune,pharmaceuticals,14338.6,2
1878,-11.65,4,True,741.1,96230.0,1.313,Vadodara -> Surat -> Mumbai -> Nagpur -> Raipur,machinery,14338.9,2
1879,21.51,3,True,304.8,139326.0,0.488,Mysore -> Madurai -> Coimbatore -> Chennai,fmcg,14339.1,2
1880,8.39,7,True,597.6,138445.0,1.393,Hubli -> Bangalore -> Hyderabad -> Visakhapatnam -> Bhubaneswar -> Ranchi -> Patna -> Lucknow,machinery,14339.6,2
1881,30.58,4,True,328.6,79276.0,0.354,Ranchi -> Bhubaneswar -> Visakhapatnam -> Chennai -> Madurai,textiles,14339.9,2
1882,-55.86,1,False,163.3,20003.0,0.558,Chennai -> Visakhapatnam,perishables,14340.0,2
1883,-91.83,8,False,460.6,113243.0,0.791,Bhubaneswar -> Ranchi -> Kolkata -> Bhubaneswar -> Raipur -> Jabalpur -> Nagpur -> Hyderabad -> Bangalore,fmcg,14340.6,2
1884,51.84,2,True,45.1,49811.0,0.314,Vadodara -> Surat -> Mumbai,electronics,14340.7,2
1885,27.61,5,True,355.5,139632.0,0.827,Patna -> Kolkata -> Bhubaneswar -> Visakhapatnam -> Chennai -> Madurai,fmcg,14341.1,2
1886,46.88,3,True,123.6,85575.0,0.386,Indore -> Ahmedabad -> Nashik -> Pune,electronics,14341.3,2
1887,-56.83,10,True,1024.0,299741.0,0.87,Patna -> Kolkata -> Bhubaneswar -> Visakhapatnam -> Chennai -> Coimbatore -> Kochi -> Bangalore -> Hubli -> Mangalore -> Mysore,textiles,14342.0,2
1888,19.69,7,True,469.6,194888.0,1.005,Kanpur -> Agra -> Gwalior -> Bhopal -> Nagpur -> Hyderabad -> Bangalore -> Kochi,machinery,14342.5,2
1889,0.44,7,True,600.5,242404.0,0.482,Delhi -> Bhopal -> Indore -> Ahmedabad -> Nashik -> Pune -> Bangalore -> Hubli,textiles,14343.0,2
1890,-59.11,2,False,209.9,56720.0,0.443,Bhubaneswar -> Visakhapatnam -> Chennai,perishables,14343.2,2
1891,52.35,4,True,119.6,54145.0,0.129,Nashik -> Ahmedabad -> Jaipur -> Delhi -> Lucknow,fmcg,14343.5,2
1892,49.39,4,True,102.7,39914.0,0.281,Ludhiana -> Chandigarh -> Delhi -> Bhopal -> Jabalpur,fmcg,14343.8,2
1893,34.01,5,True,307.2,146208.0,0.543,Bhopal -> Nagpur -> Raipur -> Bhubaneswar -> Kolkata -> Guwahati,fmcg,14344.1,2
1894,39.48,6,True,218.0,83072.0,0.451,Nagpur -> Bhopal -> Gwalior -> Agra -> Kanpur -> Lucknow -> Patna,machinery,14344.6,2
1895,1.56,7,True,685.1,86320.0,0.69,Kolkata -> Ranchi -> Bhubaneswar -> Visakhapatnam -> Chennai -> Coimbatore -> Kochi -> Thiruvananthapuram,textiles,14345.1,2
1896,51.89,2,True,50.2,29844.0,0.378,Nagpur -> Bhopal -> Gwalior,fmcg,14345.2,2
1897,-56.27,1,False,168.4,11382.0,0.562,Ranchi -> Varanasi,perishables,14345.3,2
1898,6.71,4,True,521.4,65785.0,0.36,Thiruvananthapuram -> Kochi -> Bangalore -> Chennai -> Hyderabad,textiles,14345.6,2
1899,-59.46,4,False,304.0,59478.0,1.465,Bhopal -> Nagpur -> Hyderabad -> Bangalore -> Hubli,pharmaceuticals,14346.0,2
1900,50.13,3,True,97.6,61379.0,0.538,Bhopal -> Nagpur -> Mumbai -> Pune,electronics,14346.2,2
1901,37.35,5,True,296.3,87778.0,0.781,Gwalior -> Bhopal -> Nagpur -> Hyderabad -> Bangalore -> Mysore,machinery,14349.4,2
1902,51.94,1,True,16.1,8775.0,0.374,Jabalpur -> Bhopal,electronics,14349.5,2
1903,42.23,1,True,83.4,112720.0,0.094,Nagpur -> Mumbai,fmcg,14349.5,2
1904,-66.21,6,False,142.9,84648.0,0.566,Chandigarh -> Ludhiana -> Delhi -> Agra -> Gwalior -> Bhopal -> Delhi,perishables,14350.0,2
1905,45.78,1,True,73.8,18811.0,0.542,Delhi -> Bhopal,electronics,14350.1,2
1906,29.84,3,True,195.8,46771.0,0.769,Ahmedabad -> Mumbai -> Surat -> Vadodara,pharmaceuticals,14350.3,2
1907,-55.78,7,False,265.6,154115.0,1.44,Mysore -> Madurai -> Chennai -> Hyderabad -> Nagpur -> Raipur -> Bhubaneswar -> Ranchi,pharmaceuticals,14350.8,2
1908,39.45,3,True,156.1,54847.0,0.587,Chandigarh -> Ludhiana -> Delhi -> Bhopal,pharmaceuticals,14351.0,2
1909,0.87,9,True,569.0,261831.0,0.751,Mangalore -> Mysore -> Bangalore -> Kochi -> Coimbatore -> Bangalore -> Pune -> Mumbai -> Surat -> Vadodara,textiles,14351.7,2
1910,44.54,3,True,134.2,129664.0,0.306,Visakhapatnam -> Hyderabad -> Nagpur -> Bhopal,electronics,14351.9,2
1911,53.44,2,True,38.1,23767.0,0.082,Indore -> Ahmedabad -> Nashik,textiles,14352.1,2
1912,-9.84,6,True,696.7,380577.0,2.29,Rajkot -> Ahmedabad -> Mumbai -> Nagpur -> Raipur -> Bhubaneswar -> Kolkata,electronics,14352.5,2
1913,-11.71,9,True,737.7,275389.0,1.35,Kanpur -> Agra -> Delhi -> Bhopal -> Jabalpur -> Nagpur -> Mumbai -> Pune -> Bangalore -> Hubli,machinery,14353.2,2
1914,40.57,3,True,171.6,127086.0,0.914,Mysore -> Bangalore -> Chennai -> Visakhapatnam,electronics,14353.4,2
1915,49.47,4,True,121.0,142226.0,0.329,Patna -> Lucknow -> Delhi -> Jaipur -> Jodhpur,machinery,14353.7,2
1916,49.5,1,True,36.9,25842.0,0.066,Hyderabad -> Nagpur,electronics,14353.8,2
1917,-10.04,3,True,262.1,114414.0,1.661,Chandigarh -> Delhi -> Jaipur -> Jodhpur,pharmaceuticals,14354.0,2
1918,50.27,3,True,101.0,36999.0,1.047,Bhopal -> Jabalpur -> Raipur -> Bhubaneswar,electronics,14354.2,2
1919,47.32,3,True,109.8,120274.0,0.191,Ranchi -> Bhubaneswar -> Raipur -> Nagpur,textiles,14354.4,2
1920,-58.99,3,False,122.2,71468.0,0.703,Kanpur -> Agra -> Delhi -> Lucknow,perishables,14354.7,2
1921,53.02,2,True,43.2,16745.0,0.316,Amritsar -> Ludhiana -> Delhi,machinery,14354.9,2
1922,44.87,2,True,111.3,55649.0,0.674,Madurai -> Chennai -> Visakhapatnam,electronics,14355.0,2
1923,46.58,1,True,70.6,7259.0,0.288,Mangalore -> Mysore,perishables,14355.1,2
1924,34.2,4,True,296.5,64738.0,0.418,Madurai -> Chennai -> Visakhapatnam -> Bhubaneswar -> Raipur,textiles,14355.4,2
1925,-84.74,5,False,490.6,86520.0,2.204,Bangalore -> Hyderabad -> Chennai -> Visakhapatnam -> Bhubaneswar -> Ranchi,pharmaceuticals,14355.8,2
1926,-70.25,6,False,420.9,134059.0,1.0,Coimbatore -> Chennai -> Hyderabad -> Nagpur -> Bhopal -> Delhi -> Lucknow,fmcg,14356.2,2
1927,46.85,4,True,155.1,115485.0,0.347,Patna -> Lucknow -> Delhi -> Ludhiana -> Amritsar,fmcg,14356.5,2
1928,-74.26,6,False,333.3,171509.0,1.949,Ahmedabad -> Nashik -> Mumbai -> Nagpur -> Hyderabad -> Bangalore -> Kochi,pharmaceuticals,14356.9,2
1929,7.26,4,True,542.4,135705.0,0.862,Thiruvananthapuram -> Kochi -> Bangalore -> Pune -> Nashik,machinery,14357.2,2
1930,53.33,1,True,4.7,4594.0,0.135,Mumbai -> Nashik,pharmaceuticals,14357.3,2
1931,-49.83,2,False,145.9,28465.0,0.659,Pune -> Mumbai -> Ahmedabad,perishables,14357.5,2
1932,1.66,6,True,589.5,436483.0,0.607,Hubli -> Bangalore -> Hyderabad -> Visakhapatnam -> Bhubaneswar -> Ranchi -> Varanasi,textiles,14357.9,2
1933,48.2,2,True,87.8,32455.0,0.089,Bhubaneswar -> Visakhapatnam -> Chennai,textiles,14358.0,2
1934,9.82,4,True,530.5,99883.0,0.26,Guwahati -> Kolkata -> Patna -> Lucknow -> Kanpur,textiles,14358.3,2
1935,-8.24,4,True,280.5,103516.0,1.62,Bhubaneswar -> Ranchi -> Varanasi -> Kanpur -> Agra,pharmaceuticals,14358.6,2
1936,40.7,5,True,216.0,83492.0,0.393,Surat -> Vadodara -> Ahmedabad -> Indore -> Jaipur -> Delhi,textiles,14359.0,2
1937,31.09,4,True,327.0,61328.0,0.729,Madurai -> Chennai -> Hyderabad -> Nagpur -> Raipur,machinery,14359.3,2
1938,52.74,2,True,45.7,13000.0,0.6,Vadodara -> Ahmedabad -> Rajkot,machinery,14359.5,2
1939,20.52,6,True,495.0,112159.0,1.232,Kanpur -> Delhi -> Bhopal -> Nagpur -> Hyderabad -> Chennai -> Madurai,machinery,14359.9,2
1940,41.14,4,True,181.8,49534.0,0.385,Patna -> Lucknow -> Delhi -> Chandigarh -> Ludhiana,fmcg,14360.2,2
1941,-30.0,4,True,374.8,79440.0,0.711,Pune -> Mumbai -> Nagpur -> Hyderabad -> Visakhapatnam,perishables,14360.6,2
1942,38.39,4,True,248.3,89615.0,0.173,Lucknow -> Delhi -> Jaipur -> Ahmedabad -> Mumbai,textiles,14361.0,2
1943,-13.44,6,True,379.1,76925.0,0.994,Ranchi -> Bhubaneswar -> Visakhapatnam -> Hyderabad -> Bangalore -> Coimbatore -> Kochi,fmcg,14361.4,2
1944,-70.3,4,True,895.0,114369.0,2.393,Visakhapatnam -> Hyderabad -> Nagpur -> Mumbai -> Surat,electronics,14361.7,2
1945,-51.19,4,False,123.8,66308.0,0.846,Patna -> Lucknow -> Kanpur -> Agra -> Delhi,perishables,14362.0,2
1946,48.46,2,True,84.7,22444.0,0.798,Udaipur -> Ahmedabad -> Nashik,pharmaceuticals,14362.2,2
1947,51.98,1,True,17.3,7800.0,0.124,Rajkot -> Surat,fmcg,14362.2,2
1948,48.33,2,True,86.3,22803.0,0.548,Varanasi -> Ranchi -> Bhubaneswar,perishables,14362.4,2
1949,43.86,2,True,118.1,74928.0,0.178,Coimbatore -> Bangalore -> Pune,machinery,14362.5,2
1950,46.04,3,True,139.6,53086.0,0.818,Patna -> Lucknow -> Delhi -> Ludhiana,pharmaceuticals,14362.8,2
1951,51.97,2,True,50.9,15258.0,0.975,Nashik -> Mumbai -> Surat,pharmaceuticals,14362.9,2
1952,39.75,2,True,101.6,96156.0,0.426,Agra -> Kanpur -> Delhi,fmcg,14363.1,2
1953,-68.24,5,False,424.9,97263.0,0.639,Ludhiana -> Delhi -> Bhopal -> Nagpur -> Hyderabad -> Bangalore,fmcg,14363.5,2
1954,47.84,3,True,129.2,35606.0,0.362,Mysore -> Bangalore -> Chennai -> Visakhapatnam,fmcg,14363.7,2
1955,26.49,4,True,339.4,143132.0,0.624,Agra -> Kanpur -> Varanasi -> Ranchi -> Bhubaneswar,fmcg,14364.0,2
1956,-82.74,7,False,525.6,155524.0,0.943,Bangalore -> Hyderabad -> Nagpur -> Bhopal -> Gwalior -> Agra -> Delhi -> Ludhiana,fmcg,14364.5,2
1957,-55.5,1,False,155.9,47310.0,0.194,Mangalore -> Hubli,perishables,14364.6,2
1958,-70.04,6,False,386.0,97874.0,0.608,Gwalior -> Bhopal -> Nagpur -> Hyderabad -> Bangalore -> Hubli -> Mangalore,fmcg,14365.0,2
1959,50.9,1,True,26.4,14991.0,0.015,Chennai -> Madurai,fmcg,14365.1,2
1960,39.62,6,True,309.7,106013.0,0.467,Thiruvananthapuram -> Kochi -> Bangalore -> Hyderabad -> Nagpur -> Bhopal -> Gwalior,textiles,14365.5,2
1961,35.83,4,True,257.5,140406.0,0.301,Lucknow -> Delhi -> Jaipur -> Ahmedabad -> Mumbai,fmcg,14365.8,2
1962,-70.2,3,False,339.1,171282.0,0.599,Patna -> Kolkata -> Bhubaneswar -> Visakhapatnam,pharmaceuticals,14366.1,2
1963,22.35,5,True,425.3,152277.0,1.115,Hubli -> Bangalore -> Hyderabad -> Nagpur -> Bhopal -> Indore,machinery,14366.4,2
1964,54.97,4,True,91.9,54349.0,0.426,Lucknow -> Delhi -> Jaipur -> Ahmedabad -> Mumbai,fmcg,14366.7,2
1965,-9.25,7,True,365.5,84824.0,1.122,Rajkot -> Surat -> Mumbai -> Nagpur -> Hyderabad -> Bangalore -> Mysore -> Madurai,fmcg,14367.3,2
1966,38.66,3,True,167.1,43464.0,0.649,Bhopal -> Indore -> Ahmedabad -> Mumbai,electronics,14367.5,2
1967,10.82,2,True,452.0,59997.0,0.361,Kochi -> Bangalore -> Pune,machinery,14367.7,2
1968,-19.69,4,True,364.8,257164.0,0.493,Varanasi -> Kanpur -> Delhi -> Jaipur -> Ahmedabad,fmcg,14368.0,2
1969,-70.48,2,False,268.6,173309.0,0.391,Chennai -> Hyderabad -> Nagpur,perishables,14368.2,2
1970,50.41,2,True,64.7,20082.0,1.042,Kochi -> Bangalore -> Mysore,pharmaceuticals,14368.3,2
1971,-64.8,2,False,244.9,223759.0,0.64,Bhubaneswar -> Visakhapatnam -> Chennai,pharmaceuticals,14368.5,2
1972,-53.25,6,True,461.8,233612.0,0.739,Ahmedabad -> Jaipur -> Jodhpur -> Udaipur -> Ahmedabad -> Nashik -> Mumbai,fmcg,15408.9,2
1973,-73.71,4,False,412.7,115681.0,1.779,Kanpur -> Varanasi -> Ranchi -> Bhubaneswar -> Visakhapatnam,pharmaceuticals,15409.2,2
1974,44.32,4,True,101.9,39176.0,0.615,Ranchi -> Varanasi -> Kanpur -> Agra -> Lucknow,electronics,15409.5,2
1975,41.18,2,True,142.8,79078.0,0.333,Kochi -> Bangalore -> Chennai,fmcg,15409.7,2
1976,22.0,3,True,367.9,79165.0,1.674,Udaipur -> Indore -> Bhopal -> Gwalior,electronics,15409.9,2
1977,-7.92,4,True,246.0,71580.0,0.955,Jabalpur -> Nagpur -> Hyderabad -> Chennai -> Madurai,perishables,15410.2,2
1978,51.05,1,True,25.3,8606.0,0.321,Mumbai -> Surat,electronics,15410.3,2
1979,47.36,4,True,162.4,62392.0,1.062,Hyderabad -> Nagpur -> Bhopal -> Delhi -> Kanpur,electronics,15410.5,2
1980,23.66,5,True,389.4,220770.0,1.556,Ludhiana -> Delhi -> Bhopal -> Nagpur -> Hyderabad -> Bangalore,electronics,15410.9,2
1981,49.57,2,True,74.0,24497.0,0.587,Jaipur -> Delhi -> Lucknow,pharmaceuticals,15411.1,2
1982,45.53,1,True,78.5,16470.0,0.247,Guwahati -> Kolkata,electronics,15411.2,2
1983,-79.13,3,False,411.6,225547.0,0.484,Mumbai -> Ahmedabad -> Jaipur -> Delhi,fmcg,15411.4,2
1984,40.27,4,True,183.2,76075.0,0.269,Patna -> Lucknow -> Kanpur -> Delhi -> Bhopal,textiles,15411.7,2
1985,-60.12,1,False,190.6,46967.0,0.182,Mumbai -> Nagpur,perishables,15411.7,2
1986,-1.55,3,True,617.9,53560.0,0.304,Jabalpur -> Nagpur -> Hyderabad -> Bangalore,textiles,15412.0,2
1987,5.53,6,True,208.8,76062.0,1.201,Amritsar -> Ludhiana -> Delhi -> Bhopal -> Nagpur -> Hyderabad -> Chennai,perishables,15412.4,2
1988,50.27,2,True,60.8,49714.0,0.332,Bangalore -> Hyderabad -> Nagpur,machinery,15412.6,2
1989,42.57,5,True,245.7,81778.0,0.808,Hubli -> Bangalore -> Pune -> Nashik -> Ahmedabad -> Vadodara,machinery,15412.9,2
1990,26.59,3,True,259.6,307834.0,0.426,Chennai -> Hyderabad -> Nagpur -> Mumbai,electronics,15413.2,2
1991,51.92,5,True,159.2,60790.0,0.661,Indore -> Ahmedabad -> Mumbai -> Pune -> Bangalore -> Mysore,machinery,15413.5,2
1992,-92.94,4,False,575.2,224236.0,0.667,Ludhiana -> Delhi -> Bhopal -> Nagpur -> Hyderabad,fmcg,15413.8,2
1993,-59.83,3,False,233.8,80654.0,0.688,Chennai -> Hyderabad -> Nagpur -> Mumbai,perishables,15414.1,2
1994,53.42,2,True,36.6,23545.0,0.434,Ludhiana -> Delhi -> Kanpur,perishables,15414.3,2
1995,46.36,1,True,68.6,24305.0,0.098,Nagpur -> Mumbai,fmcg,15414.4,2
1996,-12.82,7,True,773.6,257018.0,1.5,Varanasi -> Kanpur -> Delhi -> Bhopal -> Nagpur -> Hyderabad -> Bangalore -> Hubli,machinery,15414.9,2
1997,32.94,2,True,226.1,29327.0,0.81,Visakhapatnam -> Bhubaneswar -> Raipur,pharmaceuticals,15415.1,2
1998,21.07,5,True,399.3,289639.0,0.607,Chandigarh -> Delhi -> Jaipur -> Ahmedabad -> Nashik -> Pune,machinery,15415.5,2
1999,36.74,2,True,195.2,44154.0,0.832,Ranchi -> Kolkata -> Guwahati,electronics,15415.6,2
2000,-65.9,3,False,276.3,118868.0,0.58,Guwahati -> Kolkata -> Bhubaneswar -> Raipur,perishables,15415.8,2
2001,37.92,6,True,217.2,137464.0,0.473,Hyderabad -> Nagpur -> Raipur -> Jabalpur -> Bhopal -> Indore -> Udaipur,machinery,15419.1,2
2002,52.91,1,True,8.6,7348.0,0.015,Rajkot -> Ahmedabad,fmcg,15419.2,2
2003,40.2,7,True,227.1,138605.0,1.873,Visakhapatnam -> Hyderabad -> Nagpur -> Jabalpur -> Bhopal -> Indore -> Ahmedabad -> Vadodara,electronics,15419.8,2
2004,18.48,6,True,467.2,110752.0,0.957,Kanpur -> Lucknow -> Delhi -> Jaipur -> Ahmedabad -> Mumbai -> Pune,machinery,15420.3,2
2005,52.59,3,True,80.9,34167.0,0.6,Gwalior -> Agra -> Delhi -> Ludhiana,perishables,15420.7,2
2006,46.47,1,True,55.5,62350.0,0.219,Kolkata -> Bhubaneswar,machinery,15420.7,2
2007,-69.16,5,False,307.6,264395.0,1.447,Bangalore -> Chennai -> Visakhapatnam -> Bhubaneswar -> Kolkata -> Patna,pharmaceuticals,15421.1,2
2008,-107.3,1,False,624.2,30038.0,0.744,Kolkata -> Patna,pharmaceuticals,15421.2,2
2009,36.23,4,True,232.2,212740.0,0.322,Nashik -> Ahmedabad -> Jaipur -> Delhi -> Chandigarh,textiles,15421.6,2
2010,-56.89,5,False,247.6,135221.0,1.515,Madurai -> Coimbatore -> Bangalore -> Hyderabad -> Nagpur -> Bhopal,pharmaceuticals,15422.0,2
2011,50.54,3,True,98.8,46428.0,0.383,Patna -> Lucknow -> Delhi -> Chandigarh,machinery,15422.2,2
2012,49.74,2,True,72.4,24504.0,0.578,Jodhpur -> Jaipur -> Delhi,electronics,15422.4,2
2013,-81.38,1,False,345.7,62294.0,0.45,Thiruvananthapuram -> Kochi,perishables,15422.5,2
2014,-8.93,5,True,721.8,216734.0,0.501,Thiruvananthapuram -> Kochi -> Bangalore -> Hyderabad -> Nagpur -> Bhopal,textiles,15422.9,2
2015,-64.67,6,True,833.1,97262.0,0.644,Chennai -> Bangalore -> Pune -> Nashik -> Ahmedabad -> Indore -> Jaipur,fmcg,15423.3,2
2016,-82.47,4,False,524.5,64380.0,0.531,Hubli -> Bangalore -> Chennai -> Visakhapatnam -> Bhubaneswar,fmcg,15423.6,2
2017,48.06,4,True,146.5,92216.0,1.051,Mysore -> Bangalore -> Hyderabad -> Nagpur -> Bhopal,pharmaceuticals,15423.9,2
2018,9.74,6,True,552.3,287309.0,0.818,Mysore -> Madurai -> Chennai -> Visakhapatnam -> Bhubaneswar -> Kolkata -> Patna,machinery,15424.3,2
2019,-17.68,6,True,395.0,247721.0,0.98,Chandigarh -> Delhi -> Bhopal -> Nagpur -> Hyderabad -> Bangalore -> Kochi,pharmaceuticals,15424.8,2
2020,57.6,4,True,71.8,31132.0,0.559,Gwalior -> Agra -> Delhi -> Ludhiana -> Amritsar,machinery,15425.0,2
2021,48.95,2,True,83.1,19666.0,0.305,Kochi -> Coimbatore -> Chennai,perishables,15425.2,2
2022,22.88,6,True,415.2,134711.0,1.113,Jodhpur -> Jaipur -> Delhi -> Kanpur -> Varanasi -> Ranchi -> Kolkata,machinery,15425.7,2
2023,-6.76,1,True,169.2,26326.0,0.422,Raipur -> Bhubaneswar,perishables,15425.7,2
2024,-59.23,4,False,225.1,87387.0,0.78,Indore -> Bhopal -> Gwalior -> Agra -> Kanpur,perishables,15426.0,2
2025,6.71,7,True,446.8,188702.0,1.888,Nagpur -> Raipur -> Jabalpur -> Nagpur -> Hyderabad -> Bangalore -> Mysore -> Mangalore,machinery,15426.5,2
2026,42.0,3,True,173.6,79664.0,0.505,Pune -> Bangalore -> Hyderabad -> Visakhapatnam,electronics,15426.7,2
2027,39.83,4,True,241.2,53119.0,0.914,Bhubaneswar -> Ranchi -> Varanasi -> Kanpur -> Agra,electronics,15427.0,2
2028,5.05,5,True,587.2,199087.0,0.528,Guwahati -> Kolkata -> Patna -> Lucknow -> Delhi -> Chandigarh,textiles,15427.4,2
2029,-16.32,7,True,455.2,164938.0,1.036,Varanasi -> Ranchi -> Bhubaneswar -> Visakhapatnam -> Chennai -> Madurai -> Mysore -> Mangalore,fmcg,15427.9,2
2030,47.15,2,True,99.4,28022.0,0.137,Delhi -> Bhopal -> Jabalpur,textiles,15428.0,2
2031,40.08,5,True,251.0,153139.0,0.447,Coimbatore -> Bangalore -> Hyderabad -> Nagpur -> Bhopal -> Gwalior,fmcg,15428.5,2
2032,52.04,3,True,86.2,37275.0,0.43,Gwalior -> Bhopal -> Indore -> Ahmedabad,electronics,15428.7,2
2033,-45.37,3,False,140.1,23536.0,0.965,Rajkot -> Surat -> Mumbai -> Pune,perishables,15428.9,2
2034,36.84,6,True,324.8,126454.0,1.774,Rajkot -> Ahmedabad -> Mumbai -> Nagpur -> Raipur -> Bhubaneswar -> Kolkata,electronics,15429.4,2
2035,1.68,3,True,578.4,74775.0,0.477,Chennai -> Visakhapatnam -> Bhubaneswar -> Ranchi,textiles,15429.6,2
2036,34.96,5,True,128.5,43878.0,1.76,Varanasi -> Kanpur -> Agra -> Lucknow -> Kanpur -> Delhi,electronics,15429.9,2
2037,50.38,1,True,31.4,14235.0,0.106,Kolkata -> Patna,textiles,15430.0,2
2038,48.66,3,True,114.9,38208.0,1.406,Madurai -> Chennai -> Bangalore -> Hubli,electronics,15430.2,2
2039,33.67,2,True,183.3,28733.0,0.278,Agra -> Kanpur -> Delhi,fmcg,15430.4,2
2040,-60.53,3,False,211.2,62645.0,0.579,Varanasi -> Kanpur -> Delhi -> Bhopal,perishables,15430.6,2
2041,44.21,3,True,138.5,125479.0,0.35,Patna -> Lucknow -> Delhi -> Jaipur,electronics,15430.9,2
2042,52.52,1,True,9.8,16316.0,0.01,Lucknow -> Patna,textiles,15430.9,2
2043,-49.17,3,False,162.2,64698.0,0.81,Rajkot -> Surat -> Mumbai -> Pune,perishables,15431.1,2
2044,31.25,2,True,203.4,211243.0,0.16,Guwahati -> Kolkata -> Ranchi,electronics,15431.3,2
2045,-17.18,2,True,308.9,55624.0,0.548,Kochi -> Bangalore -> Pune,pharmaceuticals,15431.5,2
2046,15.46,5,True,420.7,235068.0,0.833,Patna -> Varanasi -> Kanpur -> Delhi -> Jaipur -> Indore,machinery,15431.8,2
2047,41.76,3,True,187.7,39198.0,0.587,Kolkata -> Patna -> Lucknow -> Agra,fmcg,15432.1,2
2048,12.21,5,True,537.3,128933.0,0.396,Mangalore -> Mysore -> Bangalore -> Pune -> Mumbai -> Surat,textiles,15432.4,2
2049,46.52,5,True,194.9,122754.0,0.629,Varanasi -> Kanpur -> Delhi -> Jaipur -> Ahmedabad -> Rajkot,machinery,15432.8,2
2050,44.24,4,True,176.9,126135.0,0.578,Raipur -> Nagpur -> Hyderabad -> Chennai -> Coimbatore,machinery,15433.1,2
2051,-63.21,1,False,246.2,28941.0,0.827,Hyderabad -> Nagpur,pharmaceuticals,15433.2,2
2052,-75.71,3,False,373.4,297167.0,0.205,Madurai -> Coimbatore -> Bangalore -> Pune,fmcg,15433.4,2
2053,31.91,6,True,293.5,249298.0,0.52,Chennai -> Coimbatore -> Bangalore -> Pune -> Nashik -> Ahmedabad -> Jaipur,textiles,15433.9,2
2054,-71.27,3,False,336.6,168308.0,0.9,Patna -> Kolkata -> Bhubaneswar -> Visakhapatnam,pharmaceuticals,15434.1,2
2055,-84.74,5,False,469.0,229691.0,1.62,Amritsar -> Ludhiana -> Delhi -> Jaipur -> Indore -> Ahmedabad,pharmaceuticals,15434.5,2
2056,35.11,6,True,325.8,196397.0,0.84,Guwahati -> Kolkata -> Bhubaneswar -> Visakhapatnam -> Hyderabad -> Bangalore -> Mysore,machinery,15434.9,2
2057,43.23,4,True,100.0,86849.0,0.33,Kolkata -> Patna -> Varanasi -> Kanpur -> Lucknow,fmcg,15435.2,2
2058,-106.27,6,True,970.6,297678.0,1.822,Varanasi -> Kanpur -> Delhi -> Chandigarh -> Ludhiana -> Delhi -> Bhopal,pharmaceuticals,15435.6,2
2059,51.24,4,True,97.8,126223.0,1.078,Jodhpur -> Jaipur -> Delhi -> Ludhiana -> Amritsar,perishables,15435.9,2
2060,37.22,4,True,214.3,70899.0,0.429,Bangalore -> Hyderabad -> Nagpur -> Bhopal -> Jabalpur,machinery,15436.2,2
2061,44.87,3,True,156.1,48590.0,0.123,Bhubaneswar -> Visakhapatnam -> Chennai -> Bangalore,textiles,15436.5,2
2062,-11.09,7,True,853.2,117190.0,0.5,Chandigarh -> Delhi -> Bhopal -> Nagpur -> Hyderabad -> Bangalore -> Hubli -> Mangalore,textiles,15437.0,2
2063,-14.47,3,True,257.2,297112.0,0.712,Pune -> Bangalore -> Chennai -> Visakhapatnam,pharmaceuticals,15437.2,2
2064,50.09,2,True,71.4,20505.0,0.301,Gwalior -> Bhopal -> Jabalpur,fmcg,15437.4,2
2065,45.01,1,True,47.5,141128.0,0.015,Nagpur -> Hyderabad,fmcg,15437.5,2
2066,48.7,4,True,155.8,52248.0,0.309,Kolkata -> Patna -> Lucknow -> Delhi -> Ludhiana,fmcg,15437.8,2
2067,46.25,2,True,107.4,30242.0,0.213,Chennai -> Bangalore -> Hubli,electronics,15437.9,2
2068,-153.53,3,False,1063.6,162286.0,0.574,Jabalpur -> Raipur -> Bhubaneswar -> Kolkata,fmcg,15438.1,2
2069,14.78,5,True,515.0,114532.0,0.554,Vadodara -> Surat -> Mumbai -> Pune -> Bangalore -> Coimbatore,textiles,15438.5,2
2070,55.17,4,True,89.0,46920.0,0.66,Bhubaneswar -> Visakhapatnam -> Chennai -> Bangalore -> Mysore,perishables,15438.8,2
2071,40.63,6,True,248.9,100329.0,0.941,Rajkot -> Ahmedabad -> Mumbai -> Nagpur -> Raipur -> Bhubaneswar -> Visakhapatnam,electronics,15439.2,2
2072,34.8,4,True,266.9,144303.0,0.349,Nashik -> Ahmedabad -> Jaipur -> Delhi -> Ludhiana,textiles,15439.5,2
2073,-15.35,4,True,332.3,99666.0,1.881,Kolkata -> Bhubaneswar -> Raipur -> Nagpur -> Mumbai,pharmaceuticals,15439.8,2
2074,-32.52,4,True,512.6,136193.0,0.577,Mangalore -> Mysore -> Madurai -> Chennai -> Visakhapatnam,fmcg,15440.1,2
2075,29.37,5,True,378.5,82409.0,0.616,Udaipur -> Ahmedabad -> Mumbai -> Pune -> Bangalore -> Hubli,machinery,15440.5,2
2076,46.56,2,True,76.4,121537.0,0.299,Guwahati -> Kolkata -> Bhubaneswar,pharmaceuticals,15440.6,2
2077,52.66,3,True,82.3,34970.0,0.133,Delhi -> Jaipur -> Ahmedabad -> Vadodara,textiles,15440.8,2
2078,29.43,5,True,315.4,89285.0,2.697,Kanpur -> Agra -> Delhi -> Jaipur -> Ahmedabad -> Rajkot,electronics,15441.2,2
2079,-50.64,4,False,193.9,52559.0,0.719,Agra -> Gwalior -> Bhopal -> Nagpur -> Hyderabad,perishables,15441.5,2
2080,39.96,2,True,166.5,34900.0,0.689,Jabalpur -> Raipur -> Bhubaneswar,electronics,15441.6,2
2081,-51.64,5,False,167.3,43310.0,0.885,Amritsar -> Ludhiana -> Delhi -> Agra -> Gwalior -> Bhopal,perishables,15442.0,2
2082,-74.51,3,False,418.4,71999.0,0.62,Mumbai -> Ahmedabad -> Jaipur -> Delhi,fmcg,15442.2,2
2083,36.26,2,True,201.0,45754.0,0.552,Ahmedabad -> Jaipur -> Delhi,electronics,15442.4,2
2084,48.43,2,True,86.5,14667.0,0.786,Agra -> Gwalior -> Bhopal,perishables,15442.6,2
2085,47.12,4,True,166.3,55284.0,1.17,Indore -> Bhopal -> Nagpur -> Hyderabad -> Chennai,electronics,15442.9,2
2086,53.87,3,True,67.7,42453.0,0.178,Jodhpur -> Jaipur -> Indore -> Bhopal,fmcg,15443.3,2
2087,-4.47,4,True,258.5,48702.0,1.229,Surat -> Mumbai -> Pune -> Bangalore -> Hubli,pharmaceuticals,15443.6,2
2088,48.82,2,True,83.5,20489.0,0.416,Bhopal -> Jabalpur -> Raipur,machinery,15443.8,2
2089,-6.12,3,True,182.0,44427.0,0.637,Nagpur -> Bhopal -> Indore -> Ahmedabad,perishables,15444.0,2
2090,-67.64,5,False,353.5,88635.0,1.365,Madurai -> Chennai -> Visakhapatnam -> Hyderabad -> Nagpur -> Bhopal,pharmaceuticals,15444.3,2
2091,52.14,3,True,84.8,43154.0,0.18,Kanpur -> Delhi -> Bhopal -> Jabalpur,textiles,15444.6,2
2092,53.32,4,True,56.2,61320.0,0.428,Bhopal -> Indore -> Ahmedabad -> Vadodara -> Surat,fmcg,15444.9,2
2093,42.14,1,True,105.4,17875.0,0.148,Lucknow -> Agra,perishables,15445.0,2
2094,47.98,4,True,155.6,63482.0,1.122,Nagpur -> Bhopal -> Indore -> Udaipur -> Jodhpur,electronics,15445.3,2
2095,51.68,1,True,19.1,10978.0,0.16,Nagpur -> Bhopal,machinery,15445.4,2
2096,23.43,6,True,416.4,91492.0,2.369,Vadodara -> Ahmedabad -> Jaipur -> Delhi -> Kanpur -> Varanasi -> Patna,electronics,15445.8,2
2097,25.65,2,True,306.8,34586.0,1.26,Coimbatore -> Chennai -> Visakhapatnam,electronics,15446.0,2
2098,-64.74,4,False,273.5,169102.0,2.142,Hubli -> Bangalore -> Pune -> Mumbai -> Nashik,pharmaceuticals,15446.3,2
2099,-77.56,4,False,364.7,75605.0,0.924,Coimbatore -> Chennai -> Hyderabad -> Nagpur -> Mumbai,perishables,15446.6,2
2100,45.48,2,True,110.7,46198.0,0.122,Hyderabad -> Bangalore -> Hubli,textiles,15446.7,2
2101,41.21,4,True,159.4,122030.0,0.391,Nagpur -> Raipur -> Bhubaneswar -> Ranchi -> Kolkata,fmcg,15449.7,2
2102,-52.34,5,True,1195.7,83887.0,0.526,Patna -> Lucknow -> Delhi -> Jaipur -> Ahmedabad -> Rajkot,textiles,15450.1,2
2103,44.05,2,True,97.6,129501.0,0.608,Varanasi -> Ranchi -> Kolkata,electronics,15450.3,2
2104,43.44,5,True,222.7,71359.0,2.483,Agra -> Delhi -> Jaipur -> Ahmedabad -> Rajkot -> Surat,pharmaceuticals,15450.6,2
2105,35.17,5,True,231.6,125982.0,1.928,Kolkata -> Ranchi -> Varanasi -> Kanpur -> Delhi -> Ludhiana,pharmaceuticals,15451.0,2
2106,-52.35,2,False,158.0,31149.0,0.648,Bhopal -> Nagpur -> Hyderabad,perishables,15451.1,2
2107,52.41,3,True,83.4,23849.0,1.075,Mangalore -> Mysore -> Madurai -> Coimbatore,electronics,15451.4,2
2108,53.24,5,True,149.5,52860.0,0.445,Coimbatore -> Bangalore -> Pune -> Mumbai -> Surat -> Vadodara,textiles,15451.7,2
2109,-85.73,1,False,346.5,205896.0,0.309,Chennai -> Visakhapatnam,perishables,15451.8,2
2110,40.83,4,True,230.7,42459.0,1.652,Ranchi -> Varanasi -> Kanpur -> Delhi -> Chandigarh,electronics,15452.1,2
2111,48.55,1,True,50.4,11729.0,0.13,Nashik -> Ahmedabad,textiles,15452.2,2
2112,28.62,4,True,297.5,51065.0,2.183,Coimbatore -> Bangalore -> Pune -> Mumbai -> Nashik,electronics,15452.5,2
2113,46.2,2,True,97.1,62234.0,0.441,Nagpur -> Raipur -> Bhubaneswar,electronics,15452.7,2
2114,0.23,5,True,250.9,84302.0,1.529,Mysore -> Bangalore -> Hyderabad -> Visakhapatnam -> Bhubaneswar -> Ranchi,pharmaceuticals,15453.0,2
2115,44.29,4,True,150.7,50011.0,0.276,Bhopal -> Indore -> Jaipur -> Ahmedabad -> Rajkot,textiles,15453.3,2
2116,-15.86,4,True,772.1,143334.0,0.704,Nagpur -> Raipur -> Bhubaneswar -> Ranchi -> Varanasi,machinery,16492.1,2
2117,48.56,5,True,186.7,50908.0,1.869,Surat -> Vadodara -> Ahmedabad -> Jaipur -> Delhi -> Lucknow,pharmaceuticals,16492.4,2
2118,45.91,1,True,55.6,83931.0,0.03,Jaipur -> Delhi,perishables,16492.5,2
2119,46.25,3,True,137.8,39920.0,1.545,Delhi -> Jaipur -> Ahmedabad -> Nashik,pharmaceuticals,16492.7,2
2120,33.46,4,True,195.4,88119.0,0.726,Varanasi -> Kanpur -> Delhi -> Agra -> Lucknow,machinery,16493.0,2
2121,-10.51,5,True,328.0,98301.0,2.038,Varanasi -> Kanpur -> Delhi -> Jaipur -> Ahmedabad -> Mumbai,pharmaceuticals,16493.4,2
2122,50.97,2,True,61.9,23466.0,0.268,Bhopal -> Nagpur -> Hyderabad,perishables,16493.6,2
2123,-24.44,5,True,441.1,81245.0,0.877,Kolkata -> Patna -> Lucknow -> Agra -> Delhi -> Ludhiana,fmcg,16493.9,2
2124,52.69,1,True,9.8,9667.0,0.08,Thiruvananthapuram -> Kochi,electronics,16494.0,2
2125,42.22,3,True,183.4,44418.0,0.207,Kolkata -> Bhubaneswar -> Raipur -> Jabalpur,textiles,16494.3,2
2126,-19.93,4,True,383.4,90184.0,1.439,Coimbatore -> Chennai -> Visakhapatnam -> Bhubaneswar -> Raipur,pharmaceuticals,16494.6,2
2127,-13.01,10,True,537.6,255445.0,2.622,Chandigarh -> Delhi -> Kanpur -> Lucknow -> Agra -> Delhi -> Bhopal -> Nagpur -> Hyderabad -> Bangalore -> Mysore,electronics,16495.3,2
2128,38.91,2,True,174.4,43611.0,0.687,Bhubaneswar -> Visakhapatnam -> Hyderabad,electronics,16495.4,2
2129,50.26,2,True,69.6,11509.0,0.859,Udaipur -> Ahmedabad -> Vadodara,pharmaceuticals,16495.6,2
2130,48.15,5,True,142.1,67921.0,1.207,Ludhiana -> Chandigarh -> Delhi -> Jaipur -> Ahmedabad -> Nashik,pharmaceuticals,16495.9,2
2131,50.43,1,True,30.4,16006.0,0.087,Nagpur -> Raipur,fmcg,16496.0,2
2132,-46.27,3,False,147.1,39985.0,0.53,Amritsar -> Ludhiana -> Delhi -> Bhopal,perishables,16496.3,2
2133,44.44,4,True,189.8,72988.0,0.778,Mangalore -> Mysore -> Bangalore -> Chennai -> Visakhapatnam,electronics,16496.5,2
2134,50.62,1,True,31.2,8005.0,0.03,Varanasi -> Patna,perishables,16496.6,2
2135,11.72,6,True,443.9,240636.0,1.344,Rajkot -> Ahmedabad -> Mumbai -> Nagpur -> Bhopal -> Delhi -> Chandigarh,machinery,16497.1,2
2136,-21.46,3,True,366.3,89103.0,1.703,Kochi -> Coimbatore -> Chennai -> Visakhapatnam,pharmaceuticals,16497.3,2
2137,5.32,8,True,540.4,235742.0,1.135,Nashik -> Ahmedabad -> Jaipur -> Delhi -> Agra -> Kanpur -> Varanasi -> Ranchi -> Patna,machinery,16497.9,2
2138,21.28,6,True,479.1,147348.0,0.777,Kanpur -> Delhi -> Bhopal -> Nagpur -> Hyderabad -> Chennai -> Madurai,machinery,16498.3,2
2139,27.94,4,True,343.4,80647.0,0.563,Jabalpur -> Nagpur -> Hyderabad -> Bangalore -> Kochi,fmcg,16498.6,2
2140,5.46,4,True,572.4,95360.0,0.872,Guwahati -> Kolkata -> Patna -> Lucknow -> Delhi,machinery,16498.8,2
2141,-63.46,4,False,218.0,66028.0,1.33,Nashik -> Pune -> Mumbai -> Ahmedabad -> Jaipur,perishables,16499.2,2
2142,46.67,2,True,103.0,29492.0,0.286,Nagpur -> Mumbai -> Pune,fmcg,16499.3,2
2143,45.03,5,True,227.7,65647.0,0.473,Bhubaneswar -> Raipur -> Jabalpur -> Bhopal -> Indore -> Udaipur,machinery,16499.7,2
2144,49.72,4,True,117.9,94157.0,0.661,Jodhpur -> Jaipur -> Delhi -> Bhopal -> Jabalpur,perishables,16500.0,2
2145,-80.62,3,False,327.1,47259.0,0.791,Kolkata -> Bhubaneswar -> Ranchi -> Varanasi,perishables,16500.2,2
2146,-71.83,3,False,378.1,67543.0,0.985,Guwahati -> Kolkata -> Patna -> Lucknow,pharmaceuticals,16500.4,2
2147,-64.05,4,False,337.3,91913.0,1.23,Chennai -> Hyderabad -> Nagpur -> Bhopal -> Delhi,pharmaceuticals,16500.7,2
2148,-43.96,4,False,141.2,72597.0,0.841,Coimbatore -> Bangalore -> Pune -> Mumbai -> Ahmedabad,perishables,16501.0,2
2149,40.94,3,True,195.7,40385.0,0.563,Chandigarh -> Delhi -> Bhopal -> Nagpur,machinery,16501.2,2
2150,-5.09,2,True,168.8,67871.0,0.542,Jodhpur -> Jaipur -> Delhi,perishables,16501.4,2
2151,49.25,2,True,78.3,24355.0,0.375,Ahmedabad -> Indore -> Bhopal,machinery,16501.6,2
2152,-124.88,4,False,754.0,76484.0,1.532,Vadodara -> Ahmedabad -> Mumbai -> Pune -> Bangalore,perishables,16501.9,2
2153,37.15,5,True,272.5,172698.0,0.825,Ranchi -> Varanasi -> Kanpur -> Delhi -> Bhopal -> Indore,electronics,16502.2,2
2154,38.33,5,True,244.7,63605.0,0.595,Kolkata -> Patna -> Varanasi -> Kanpur -> Delhi -> Ludhiana,fmcg,16502.6,2
2155,45.7,4,True,179.4,52404.0,1.581,Visakhapatnam -> Hyderabad -> Nagpur -> Bhopal -> Gwalior,electronics,16502.8,2
2156,47.59,6,True,239.9,73083.0,0.455,Agra -> Gwalior -> Bhopal -> Nagpur -> Hyderabad -> Bangalore -> Mysore,fmcg,16503.3,2
2157,52.22,2,True,47.9,30001.0,0.177,Coimbatore -> Bangalore -> Hubli,fmcg,16503.4,2
2158,33.63,5,True,320.8,120743.0,1.332,Thiruvananthapuram -> Kochi -> Bangalore -> Hyderabad -> Nagpur -> Jabalpur,machinery,16503.8,2
2159,40.3,3,True,187.7,92646.0,0.308,Jodhpur -> Udaipur -> Ahmedabad -> Vadodara,textiles,16504.0,2
2160,24.0,4,True,351.6,55371.0,0.359,Jabalpur -> Nagpur -> Raipur -> Bhubaneswar -> Ranchi,textiles,16504.3,2
2161,51.66,1,True,13.9,29604.0,0.125,Coimbatore -> Madurai,fmcg,16504.4,2
2162,7.54,6,True,505.8,351853.0,0.654,Coimbatore -> Bangalore -> Pune -> Nashik -> Ahmedabad -> Jaipur -> Indore,machinery,16504.8,2
2163,55.44,2,True,19.5,18060.0,0.128,Nagpur -> Bhopal -> Indore,machinery,16505.0,2
2164,49.17,4,True,147.3,66420.0,0.205,Nashik -> Ahmedabad -> Jaipur -> Delhi -> Lucknow,textiles,16505.3,2
2165,2.93,3,True,149.1,51316.0,0.472,Nagpur -> Hyderabad -> Bangalore -> Coimbatore,perishables,16505.5,2
2166,-64.97,5,False,297.5,231135.0,1.591,Chandigarh -> Delhi -> Bhopal -> Nagpur -> Hyderabad -> Bangalore,pharmaceuticals,16505.8,2
2167,50.12,1,True,34.0,15041.0,0.073,Ahmedabad -> Rajkot,machinery,16505.9,2
2168,26.46,5,True,350.7,95453.0,1.208,Hyderabad -> Nagpur -> Bhopal -> Delhi -> Lucknow -> Patna,electronics,16506.3,2
2169,38.36,1,True,149.5,19942.0,0.182,Bhopal -> Delhi,textiles,16506.3,2
2170,-41.12,4,False,129.5,51443.0,0.771,Pune -> Mumbai -> Ahmedabad -> Jaipur -> Delhi,perishables,16506.6,2
2171,45.36,4,True,183.6,56715.0,0.633,Raipur -> Nagpur -> Mumbai -> Surat -> Rajkot,pharmaceuticals,16506.9,2
2172,49.05,4,True,151.0,46123.0,0.926,Raipur -> Jabalpur -> Bhopal -> Gwalior -> Agra,machinery,16507.3,2
2173,47.82,3,True,127.2,45219.0,0.206,Jabalpur -> Bhopal -> Delhi -> Ludhiana,fmcg,16507.5,2
2174,47.77,4,True,158.8,53416.0,1.495,Coimbatore -> Chennai -> Hyderabad -> Nagpur -> Bhopal,electronics,16507.7,2
2175,27.13,7,True,377.3,94698.0,0.599,Patna -> Lucknow -> Agra -> Gwalior -> Bhopal -> Nagpur -> Hyderabad -> Bangalore,textiles,16508.2,2
2176,37.35,3,True,217.2,25091.0,1.653,Thiruvananthapuram -> Kochi -> Bangalore -> Mysore,pharmaceuticals,16508.4,2
2177,43.61,2,True,134.1,25920.0,0.4,Patna -> Lucknow -> Agra,fmcg,16508.6,2
2178,31.59,7,True,318.4,114091.0,0.595,Amritsar -> Ludhiana -> Chandigarh -> Delhi -> Kanpur -> Varanasi -> Patna -> Ranchi,fmcg,16509.1,2
2179,32.1,6,True,303.9,374774.0,0.531,Thiruvananthapuram -> Kochi -> Bangalore -> Pune -> Nashik -> Ahmedabad -> Vadodara,textiles,16509.5,2
2180,51.33,1,True,23.2,10470.0,0.063,Raipur -> Jabalpur,pharmaceuticals,16509.6,2
2181,39.56,2,True,169.5,30639.0,1.076,Mumbai -> Pune -> Bangalore,pharmaceuticals,16509.8,2
2182,43.74,2,True,131.6,33361.0,0.201,Varanasi -> Ranchi -> Kolkata,textiles,16509.9,2
2183,40.78,4,True,226.3,75072.0,0.664,Indore -> Bhopal -> Nagpur -> Hyderabad -> Chennai,machinery,16510.2,2
2184,49.74,3,True,109.0,35437.0,0.595,Hyderabad -> Bangalore -> Mysore -> Mangalore,electronics,16510.5,2
2185,-48.25,3,True,1082.5,61777.0,0.302,Pune -> Mumbai -> Nagpur -> Raipur,textiles,16510.7,2
2186,34.92,3,True,247.5,69201.0,0.504,Patna -> Kolkata -> Bhubaneswar -> Visakhapatnam,electronics,16510.9,2
2187,38.09,5,True,294.0,57130.0,1.58,Patna -> Lucknow -> Delhi -> Jaipur -> Jodhpur -> Udaipur,electronics,16511.3,2
2188,10.62,3,True,494.7,60699.0,0.191,Visakhapatnam -> Hyderabad -> Bangalore -> Pune,textiles,16511.5,2
2189,22.18,8,True,386.4,166214.0,2.38,Hubli -> Bangalore -> Chennai -> Hyderabad -> Nagpur -> Bhopal -> Indore -> Ahmedabad -> Vadodara,electronics,16512.1,2
2190,38.69,7,True,357.9,95416.0,1.329,Jodhpur -> Udaipur -> Ahmedabad -> Nashik -> Pune -> Bangalore -> Mysore -> Mangalore,machinery,16512.6,2
2191,-64.44,2,False,247.7,169691.0,0.326,Bhubaneswar -> Raipur -> Nagpur,pharmaceuticals,16512.7,2
2192,44.49,5,True,185.8,59114.0,0.319,Ludhiana -> Delhi -> Lucknow -> Patna -> Varanasi -> Ranchi,textiles,16513.1,2
2193,52.27,3,True,71.3,82375.0,0.264,Coimbatore -> Bangalore -> Hyderabad -> Nagpur,machinery,16513.3,2
2194,52.92,2,True,32.8,55198.0,0.288,Udaipur -> Ahmedabad -> Mumbai,perishables,16513.4,2
2195,-63.94,6,False,375.5,83196.0,0.89,Thiruvananthapuram -> Kochi -> Bangalore -> Pune -> Nashik -> Ahmedabad -> Jaipur,fmcg,16513.9,2
2196,33.27,5,True,332.1,88717.0,1.709,Chennai -> Hyderabad -> Nagpur -> Bhopal -> Delhi -> Chandigarh,electronics,16514.3,2
2197,48.03,3,True,121.4,52134.0,0.544,Jaipur -> Ahmedabad -> Vadodara -> Surat,fmcg,16514.5,2
2198,42.75,2,True,140.8,38539.0,0.03,Nagpur -> Hyderabad -> Bangalore,fmcg,16514.6,2
2199,-10.89,5,True,366.4,87242.0,0.713,Kanpur -> Delhi -> Jaipur -> Ahmedabad -> Nashik -> Pune,fmcg,16515.0,2
2200,51.7,1,True,19.9,9979.0,0.011,Madurai -> Mysore,textiles,16515.1,2
2201,-59.46,6,False,277.4,89650.0,1.548,Ludhiana -> Delhi -> Jaipur -> Ahmedabad -> Mumbai -> Pune -> Bangalore,pharmaceuticals,16518.2,2
2202,36.14,8,True,364.5,98986.0,2.866,Mangalore -> Hubli -> Bangalore -> Hyderabad -> Nagpur -> Bhopal -> Delhi -> Kanpur -> Lucknow,electronics,16518.7,2
2203,50.07,4,True,141.9,45331.0,0.778,Vadodara -> Ahmedabad -> Jaipur -> Delhi -> Agra,machinery,16519.1,2
2204,-112.49,6,False,858.6,96992.0,1.492,Indore -> Bhopal -> Jabalpur -> Nagpur -> Hyderabad -> Bangalore -> Kochi,electronics,16519.5,2
2205,55.3,3,True,58.0,20348.0,0.589,Jaipur -> Delhi -> Agra -> Gwalior,machinery,16519.7,2
2206,-50.17,3,False,171.8,58593.0,0.614,Lucknow -> Delhi -> Bhopal -> Jabalpur,perishables,16519.9,2
2207,39.87,2,True,169.6,33268.0,0.327,Visakhapatnam -> Chennai -> Madurai,fmcg,16520.1,2
2208,42.14,1,True,111.0,12352.0,0.785,Bhopal -> Gwalior,electronics,16520.2,2
2209,24.7,5,True,411.2,110872.0,1.703,Lucknow -> Patna -> Kolkata -> Bhubaneswar -> Visakhapatnam -> Chennai,electronics,16520.5,2
2210,54.69,2,True,27.9,16559.0,0.055,Patna -> Lucknow -> Kanpur,fmcg,16520.7,2
2211,48.83,3,True,97.3,105052.0,0.573,Kanpur -> Delhi -> Bhopal -> Indore,machinery,16520.9,2
2212,44.25,5,True,229.7,80056.0,0.755,Ludhiana -> Delhi -> Jaipur -> Ahmedabad -> Mumbai -> Surat,machinery,16521.3,2
2213,13.16,7,True,586.3,198316.0,0.514,Mangalore -> Mysore -> Bangalore -> Hyderabad -> Nagpur -> Bhopal -> Delhi -> Ludhiana,textiles,16521.8,2
2214,46.5,3,True,146.6,22112.0,0.369,Amritsar -> Ludhiana -> Delhi -> Jaipur,textiles,16522.0,2
2215,53.25,3,True,73.6,34177.0,0.732,Varanasi -> Kanpur -> Delhi -> Ludhiana,pharmaceuticals,16522.3,2
2216,38.06,5,True,232.1,115344.0,0.532,Varanasi -> Kanpur -> Agra -> Gwalior -> Bhopal -> Nagpur,machinery,16522.6,2
2217,50.62,5,True,170.7,48670.0,1.615,Hyderabad -> Nagpur -> Bhopal -> Indore -> Udaipur -> Jodhpur,pharmaceuticals,16523.0,2
2218,48.22,2,True,86.2,18568.0,1.204,Hubli -> Mangalore -> Mysore,electronics,16523.1,2
2219,43.69,6,True,250.8,167937.0,0.397,Vadodara -> Surat -> Mumbai -> Nagpur -> Raipur -> Bhubaneswar -> Kolkata,fmcg,16523.6,2
2220,-31.79,10,True,804.8,341705.0,2.118,Thiruvananthapuram -> Kochi -> Bangalore -> Hyderabad -> Nagpur -> Mumbai -> Ahmedabad -> Jaipur -> Delhi -> Ludhiana -> Chandigarh,machinery,16524.3,2
2221,47.57,5,True,198.2,80265.0,0.402,Kolkata -> Bhubaneswar -> Raipur -> Nagpur -> Mumbai -> Surat,fmcg,16524.6,2
2222,-62.81,3,False,286.5,81807.0,1.697,Jaipur -> Delhi -> Lucknow -> Patna,pharmaceuticals,16524.9,2
2223,49.56,3,True,107.3,52700.0,0.254,Jabalpur -> Raipur -> Bhubaneswar -> Visakhapatnam,fmcg,16525.1,2
2224,-70.91,3,False,387.5,65824.0,0.396,Kolkata -> Bhubaneswar -> Visakhapatnam -> Chennai,fmcg,16525.3,2
2225,-70.0,3,False,307.2,280883.0,1.056,Raipur -> Jabalpur -> Bhopal -> Delhi,pharmaceuticals,16525.5,2
2226,26.22,3,True,332.1,62826.0,1.382,Coimbatore -> Chennai -> Visakhapatnam -> Bhubaneswar,electronics,16525.7,2
2227,-75.17,2,False,383.8,88278.0,0.22,Mumbai -> Nagpur -> Raipur,fmcg,16525.9,2
2228,42.97,5,True,197.4,68741.0,0.459,Gwalior -> Bhopal -> Indore -> Ahmedabad -> Mumbai -> Surat,textiles,16526.3,2
2229,-43.9,3,False,123.8,47516.0,0.66,Ludhiana -> Delhi -> Bhopal -> Nagpur,perishables,16526.5,2
2230,50.96,1,True,23.1,9659.0,0.88,Nagpur -> Jabalpur,pharmaceuticals,16526.5,2
2231,51.14,2,True,59.7,28503.0,0.087,Nagpur -> Hyderabad -> Bangalore,electronics,16526.7,2
2232,55.62,3,True,55.8,21136.0,0.34,Mangalore -> Mysore -> Bangalore -> Coimbatore,fmcg,16527.0,2
2233,17.88,5,True,407.5,192104.0,1.218,Gwalior -> Bhopal -> Jabalpur -> Nagpur -> Hyderabad -> Visakhapatnam,machinery,16527.3,2
2234,43.04,5,True,247.7,66308.0,0.407,Mysore -> Bangalore -> Pune -> Nashik -> Ahmedabad -> Udaipur,fmcg,16527.7,2
2235,4.62,9,True,533.2,257742.0,0.664,Indore -> Bhopal -> Jabalpur -> Raipur -> Bhubaneswar -> Kolkata -> Patna -> Ranchi -> Kolkata -> Guwahati,textiles,16528.3,2
2236,52.27,2,True,50.9,13256.0,0.481,Udaipur -> Ahmedabad -> Vadodara,machinery,16528.5,2
2237,37.84,5,True,292.8,79431.0,0.986,Madurai -> Chennai -> Hyderabad -> Nagpur -> Bhopal -> Indore,electronics,16528.8,2
2238,22.18,6,True,352.4,319940.0,0.534,Jaipur -> Delhi -> Bhopal -> Jabalpur -> Nagpur -> Hyderabad -> Visakhapatnam,fmcg,16529.3,2
2239,51.12,6,True,149.0,93362.0,0.356,Bhubaneswar -> Raipur -> Nagpur -> Bhopal -> Indore -> Ahmedabad -> Rajkot,textiles,16529.7,2
2240,32.0,4,True,324.5,45254.0,0.386,Raipur -> Jabalpur -> Bhopal -> Delhi -> Ludhiana,textiles,16530.0,2
2241,22.43,3,True,355.8,127268.0,0.361,Jabalpur -> Nagpur -> Mumbai -> Surat,machinery,16530.2,2
2242,-5.11,6,True,751.9,106474.0,1.459,Ludhiana -> Delhi -> Bhopal -> Nagpur -> Hyderabad -> Chennai -> Coimbatore,machinery,16530.6,2
2243,-11.44,3,True,245.5,66647.0,1.117,Ludhiana -> Delhi -> Bhopal -> Nagpur,perishables,16530.9,2
2244,38.17,4,True,255.0,67281.0,0.618,Bangalore -> Pune -> Mumbai -> Ahmedabad -> Udaipur,machinery,16531.2,2
2245,-59.2,4,False,258.9,81119.0,0.73,Mumbai -> Nagpur -> Raipur -> Bhubaneswar -> Ranchi,pharmaceuticals,16531.5,2
2246,44.95,2,True,116.8,41095.0,0.263,Guwahati -> Kolkata -> Ranchi,fmcg,16531.6,2
2247,31.03,3,True,218.6,132324.0,0.28,Indore -> Jaipur -> Ahmedabad -> Rajkot,machinery,16531.8,2
2248,50.3,6,True,215.3,66415.0,0.348,Ranchi -> Varanasi -> Kanpur -> Delhi -> Jaipur -> Ahmedabad -> Vadodara,textiles,17620.4,2
2249,43.12,5,True,116.2,171726.0,0.221,Jabalpur -> Bhopal -> Gwalior -> Agra -> Kanpur -> Lucknow,textiles,17620.9,2
2250,-48.61,4,False,140.4,106714.0,0.958,Patna -> Lucknow -> Agra -> Gwalior -> Bhopal,perishables,17621.3,2
2251,55.39,2,True,20.9,15363.0,0.116,Indore -> Ahmedabad -> Vadodara,electronics,17621.5,2
2252,-14.81,4,True,352.4,48262.0,2.091,Vadodara -> Surat -> Mumbai -> Pune -> Bangalore,pharmaceuticals,17621.9,2
2253,12.07,5,True,127.3,89005.0,0.832,Amritsar -> Ludhiana -> Delhi -> Jaipur -> Ahmedabad -> Rajkot,perishables,17622.3,2
2254,-84.44,2,False,456.9,38465.0,1.574,Chennai -> Bangalore -> Pune,pharmaceuticals,17622.5,2
2255,-74.39,3,False,429.9,37017.0,0.634,Agra -> Kanpur -> Varanasi -> Ranchi,fmcg,17622.8,2
2256,34.42,5,True,280.4,230989.0,1.219,Chandigarh -> Delhi -> Bhopal -> Nagpur -> Hyderabad -> Visakhapatnam,electronics,17623.2,2
2257,13.4,5,True,532.7,75213.0,1.839,Rajkot -> Surat -> Mumbai -> Pune -> Bangalore -> Kochi,electronics,17623.8,2
2258,13.54,5,True,533.8,70122.0,1.629,Mysore -> Madurai -> Chennai -> Visakhapatnam -> Bhubaneswar -> Ranchi,electronics,17624.3,2
2259,40.17,2,True,138.8,120686.0,0.666,Bhopal -> Delhi -> Agra,electronics,17624.5,2
2260,49.72,1,True,36.6,20160.0,0.031,Bangalore -> Chennai,textiles,17624.6,2
2261,31.18,7,True,320.2,151026.0,0.544,Pune -> Mumbai -> Nagpur -> Raipur -> Jabalpur -> Bhopal -> Delhi -> Ludhiana,textiles,17625.2,2
2262,-63.24,2,False,276.0,51183.0,0.598,Guwahati -> Kolkata -> Patna,pharmaceuticals,17625.4,2
2263,22.35,4,True,398.3,107846.0,1.154,Mumbai -> Ahmedabad -> Jaipur -> Delhi -> Chandigarh,electronics,17625.7,2
2264,45.62,2,True,101.5,73858.0,0.03,Delhi -> Jaipur -> Ahmedabad,fmcg,17626.0,2
2265,55.28,4,True,85.4,51933.0,1.228,Vadodara -> Ahmedabad -> Mumbai -> Nagpur -> Raipur,electronics,17626.3,2
2266,40.09,6,True,246.8,127228.0,0.811,Jodhpur -> Jaipur -> Delhi -> Bhopal -> Nagpur -> Hyderabad -> Bangalore,electronics,17626.9,2
2267,45.73,3,True,119.5,139944.0,0.231,Nashik -> Ahmedabad -> Jaipur -> Delhi,machinery,17627.2,2
2268,35.42,4,True,235.1,149728.0,1.735,Hubli -> Bangalore -> Hyderabad -> Nagpur -> Raipur,pharmaceuticals,17627.5,2
2269,19.59,5,True,428.1,68521.0,1.096,Gwalior -> Agra -> Lucknow -> Delhi -> Jaipur -> Jodhpur,machinery,17628.1,2
2270,20.72,4,True,381.2,67013.0,0.305,Nagpur -> Hyderabad -> Chennai -> Bangalore -> Hubli,textiles,17628.4,2
2271,-55.15,4,False,197.5,38191.0,1.1,Varanasi -> Kanpur -> Agra -> Delhi -> Jaipur,perishables,17628.8,2
2272,51.6,1,True,16.7,23636.0,0.031,Bhubaneswar -> Kolkata,textiles,17628.9,2
2273,-77.31,4,False,478.8,81931.0,0.461,Kochi -> Bangalore -> Hyderabad -> Nagpur -> Bhopal,fmcg,17629.3,2
2274,-68.3,3,False,372.3,51041.0,0.415,Amritsar -> Ludhiana -> Delhi -> Bhopal,fmcg,17629.6,2
2275,52.63,1,True,11.4,5921.0,0.1,Kochi -> Coimbatore,machinery,17629.7,2
2276,-63.04,2,False,233.7,45324.0,0.261,Guwahati -> Kolkata -> Bhubaneswar,perishables,17629.9,2
2277,37.72,3,True,219.9,72986.0,0.219,Ahmedabad -> Mumbai -> Nagpur -> Hyderabad,textiles,17630.2,2
2278,-18.7,3,True,326.3,170752.0,0.605,Visakhapatnam -> Bhubaneswar -> Kolkata -> Guwahati,pharmaceuticals,17630.5,2
2279,-70.28,4,False,337.7,82562.0,0.876,Agra -> Delhi -> Bhopal -> Nagpur -> Hyderabad,perishables,17630.8,2
2280,23.46,5,True,385.2,94767.0,0.356,Ahmedabad -> Indore -> Bhopal -> Delhi -> Lucknow -> Patna,textiles,17631.3,2
2281,45.86,1,True,74.6,22025.0,0.036,Ranchi -> Kolkata,textiles,17631.4,2
2282,-95.06,5,True,1064.3,76425.0,2.503,Ahmedabad -> Jaipur -> Delhi -> Kanpur -> Varanasi -> Ranchi,pharmaceuticals,17631.9,2
2283,48.91,1,True,43.4,22520.0,0.152,Bhubaneswar -> Visakhapatnam,electronics,17632.0,2
2284,35.62,4,True,241.9,198603.0,0.469,Delhi -> Jaipur -> Ahmedabad -> Mumbai -> Pune,textiles,17632.4,2
2285,-73.6,7,False,367.1,106773.0,0.807,Patna -> Lucknow -> Delhi -> Ludhiana -> Chandigarh -> Delhi -> Jaipur -> Ahmedabad,fmcg,17633.0,2
2286,-66.81,5,False,278.2,42859.0,1.226,Kanpur -> Lucknow -> Agra -> Gwalior -> Bhopal -> Nagpur,perishables,17633.5,2
2287,52.17,3,True,85.5,38867.0,0.226,Jabalpur -> Nagpur -> Mumbai -> Surat,fmcg,17633.7,2
2288,25.62,4,True,371.0,100461.0,0.532,Bangalore -> Pune -> Mumbai -> Ahmedabad -> Jaipur,machinery,17634.1,2
2289,-80.1,2,False,449.2,27464.0,0.32,Amritsar -> Ludhiana -> Delhi,fmcg,17634.3,2
2290,-77.77,4,False,393.8,253056.0,0.451,Visakhapatnam -> Hyderabad -> Nagpur -> Bhopal -> Delhi,fmcg,17634.6,2
2291,47.83,3,True,123.4,49237.0,0.704,Gwalior -> Bhopal -> Indore -> Udaipur,electronics,17634.9,2
2292,49.86,1,True,34.6,21770.0,0.066,Bhopal -> Delhi,textiles,17635.0,2
2293,48.78,2,True,80.4,37129.0,0.135,Indore -> Ahmedabad -> Nashik,machinery,17635.2,2
2294,41.09,5,True,239.4,70059.0,1.545,Patna -> Lucknow -> Delhi -> Jaipur -> Jodhpur -> Udaipur,pharmaceuticals,17635.7,2
2295,39.54,6,True,209.2,112218.0,0.34,Bangalore -> Chennai -> Hyderabad -> Nagpur -> Mumbai -> Surat -> Rajkot,textiles,17636.2,2
2296,-65.67,2,False,265.1,25544.0,0.723,Visakhapatnam -> Bhubaneswar -> Ranchi,perishables,17636.4,2
2297,-83.25,2,False,388.6,66298.0,0.477,Kochi -> Bangalore -> Pune,perishables,17636.6,2
2298,51.95,4,True,75.7,41412.0,0.47,Varanasi -> Kanpur -> Agra -> Gwalior -> Bhopal,machinery,17636.9,2
2299,0.15,5,True,245.8,95213.0,1.624,Mumbai -> Nagpur -> Raipur -> Bhubaneswar -> Kolkata -> Guwahati,pharmaceuticals,17637.4,2
2300,53.16,3,True,74.0,41838.0,0.37,Indore -> Jaipur -> Delhi -> Lucknow,perishables,17637.7,2
2301,52.14,5,True,160.4,55016.0,0.328,Indore -> Bhopal -> Nagpur -> Hyderabad -> Bangalore -> Mysore,textiles,17641.3,2
2302,32.41,4,True,310.3,62751.0,1.367,Raipur -> Nagpur -> Hyderabad -> Bangalore -> Kochi,electronics,17641.7,2
2303,38.03,5,True,271.1,148310.0,0.821,Patna -> Lucknow -> Delhi -> Jaipur -> Ahmedabad -> Rajkot,electronics,17642.1,2
2304,45.36,3,True,154.8,33965.0,0.272,Nagpur -> Bhopal -> Indore -> Udaipur,machinery,17642.4,2
2305,-74.39,3,False,398.3,50695.0,1.524,Amritsar -> Ludhiana -> Delhi -> Lucknow,pharmaceuticals,17642.7,2
2306,-53.29,3,False,191.7,31325.0,0.894,Vadodara -> Ahmedabad -> Jaipur -> Delhi,perishables,17642.9,2
2307,-15.75,9,True,853.7,199635.0,0.771,Thiruvananthapuram -> Kochi -> Bangalore -> Chennai -> Hyderabad -> Nagpur -> Raipur -> Bhubaneswar -> Ranchi -> Varanasi,textiles,17643.8,2
2308,6.39,3,True,125.8,44188.0,0.622,Vadodara -> Surat -> Mumbai -> Nagpur,perishables,17644.1,2
2309,37.55,4,True,262.3,63860.0,0.397,Kanpur -> Varanasi -> Ranchi -> Kolkata -> Guwahati,fmcg,17644.5,2
2310,33.29,5,True,310.4,182854.0,0.36,Udaipur -> Ahmedabad -> Nashik -> Pune -> Bangalore -> Hubli,textiles,17645.0,2
2311,-9.93,3,True,269.2,61215.0,0.603,Madurai -> Chennai -> Visakhapatnam -> Bhubaneswar,pharmaceuticals,17645.3,2
2312,37.47,2,True,189.3,49945.0,0.196,Jabalpur -> Bhopal -> Delhi,fmcg,17645.5,2
2313,-10.32,2,True,221.8,37586.0,0.832,Pune -> Bangalore -> Kochi,perishables,17645.7,2
2314,53.9,3,True,66.8,36384.0,0.639,Ranchi -> Varanasi -> Kanpur -> Agra,pharmaceuticals,17645.9,2
2315,-82.62,5,False,518.4,82322.0,0.583,Ranchi -> Varanasi -> Kanpur -> Delhi -> Jaipur -> Ahmedabad,fmcg,17646.4,2
2316,53.38,4,True,111.3,43731.0,0.352,Nashik -> Ahmedabad -> Indore -> Bhopal -> Gwalior,fmcg,17646.7,2
2317,54.9,3,True,62.4,17538.0,0.673,Thiruvananthapuram -> Kochi -> Coimbatore -> Madurai,perishables,17647.0,2
2318,42.0,3,True,137.9,19737.0,1.239,Pune -> Nashik -> Mumbai -> Surat,electronics,17647.2,2
2319,-10.43,3,True,679.6,70219.0,1.009,Guwahati -> Kolkata -> Patna -> Varanasi,electronics,17647.5,2
2320,-4.56,2,True,180.9,27991.0,0.803,Nashik -> Pune -> Bangalore,perishables,17647.7,2
2321,53.41,2,True,37.1,27224.0,0.122,Raipur -> Bhubaneswar -> Ranchi,textiles,17647.9,2
2322,47.31,4,True,164.4,67699.0,0.429,Ludhiana -> Delhi -> Bhopal -> Nagpur -> Hyderabad,fmcg,17648.3,2
2323,34.74,5,True,318.6,68575.0,0.78,Patna -> Lucknow -> Delhi -> Jaipur -> Ahmedabad -> Nashik,fmcg,17648.7,2
2324,45.21,3,True,151.3,47515.0,0.462,Patna -> Kolkata -> Bhubaneswar -> Raipur,machinery,17649.0,2
2325,44.82,4,True,154.0,188461.0,0.259,Bhopal -> Nagpur -> Hyderabad -> Bangalore -> Hubli,machinery,17649.5,2
2326,-60.03,2,False,177.9,228165.0,0.529,Ludhiana -> Delhi -> Bhopal,perishables,17649.6,2
2327,50.14,2,True,66.5,29102.0,0.675,Nagpur -> Mumbai -> Pune,pharmaceuticals,17649.8,2
2328,-58.9,2,False,240.8,42190.0,0.671,Bhubaneswar -> Ranchi -> Varanasi,pharmaceuticals,17650.0,2
2329,51.76,6,True,190.3,92492.0,0.874,Kochi -> Bangalore -> Hyderabad -> Nagpur -> Bhopal -> Gwalior -> Agra,machinery,17650.5,2
2330,15.53,7,True,496.4,82181.0,0.718,Amritsar -> Ludhiana -> Chandigarh -> Delhi -> Kanpur -> Varanasi -> Ranchi -> Kolkata,textiles,17651.1,2
2331,52.33,2,True,48.2,26435.0,0.104,Nagpur -> Raipur -> Bhubaneswar,textiles,17651.3,2
2332,53.24,3,True,72.6,30157.0,1.207,Vadodara -> Ahmedabad -> Indore -> Bhopal,pharmaceuticals,17651.6,2
2333,22.41,6,True,424.2,104413.0,2.08,Jaipur -> Delhi -> Bhopal -> Nagpur -> Hyderabad -> Bangalore -> Hubli,electronics,17652.1,2
2334,36.11,3,True,203.5,178983.0,0.344,Raipur -> Nagpur -> Mumbai -> Surat,machinery,17652.6,2
2335,28.36,5,True,355.6,187381.0,0.907,Ludhiana -> Delhi -> Jaipur -> Ahmedabad -> Nashik -> Pune,machinery,17653.1,2
2336,-45.73,3,False,138.6,59012.0,0.574,Raipur -> Nagpur -> Hyderabad -> Bangalore,perishables,17653.4,2
2337,52.88,4,True,108.2,72795.0,0.233,Patna -> Lucknow -> Delhi -> Jaipur -> Jodhpur,machinery,17653.7,2
2338,-15.14,7,True,776.7,153060.0,1.757,Hubli -> Bangalore -> Pune -> Mumbai -> Surat -> Rajkot -> Ahmedabad -> Udaipur,machinery,17654.4,2
2339,-69.06,3,False,377.8,55519.0,0.436,Pune -> Bangalore -> Hyderabad -> Visakhapatnam,fmcg,17654.7,2
2340,-72.73,4,False,418.3,63878.0,1.626,Thiruvananthapuram -> Kochi -> Bangalore -> Hyderabad -> Nagpur,pharmaceuticals,17655.1,2
2341,43.43,3,True,167.0,52720.0,0.58,Hubli -> Bangalore -> Hyderabad -> Nagpur,machinery,17655.4,2
2342,44.9,4,True,146.8,38964.0,0.511,Lucknow -> Delhi -> Chandigarh -> Ludhiana -> Amritsar,machinery,17655.7,2
2343,39.89,6,True,250.5,119067.0,0.967,Visakhapatnam -> Hyderabad -> Nagpur -> Bhopal -> Indore -> Ahmedabad -> Rajkot,machinery,17656.4,2
2344,-82.4,3,False,409.6,63466.0,1.368,Surat -> Mumbai -> Pune -> Bangalore,perishables,17656.6,2
2345,31.99,4,True,313.2,59564.0,0.451,Bhopal -> Jabalpur -> Raipur -> Bhubaneswar -> Kolkata,fmcg,17657.0,2
2346,53.05,1,True,6.5,9205.0,0.03,Nagpur -> Raipur,perishables,17657.1,2
2347,-56.78,3,False,251.7,47838.0,1.567,Kochi -> Coimbatore -> Chennai -> Visakhapatnam,pharmaceuticals,17657.4,2
2348,46.01,6,True,200.9,209829.0,2.107,Indore -> Bhopal -> Nagpur -> Hyderabad -> Bangalore -> Mysore -> Mangalore,pharmaceuticals,17657.9,2
2349,49.67,3,True,97.3,83807.0,0.171,Indore -> Bhopal -> Delhi -> Ludhiana,fmcg,17658.2,2
2350,4.49,3,True,520.6,172228.0,0.557,Jodhpur -> Jaipur -> Delhi -> Lucknow,machinery,17658.5,2
2351,-50.43,2,False,136.8,50975.0,0.548,Bangalore -> Pune -> Mumbai,perishables,17658.7,2
2352,10.99,4,True,120.7,42487.0,0.866,Vadodara -> Ahmedabad -> Indore -> Bhopal -> Jabalpur,perishables,17659.1,2
2353,52.66,1,True,9.9,11396.0,0.02,Bangalore -> Chennai,machinery,17659.2,2
2354,-73.03,2,False,309.5,76892.0,0.515,Thiruvananthapuram -> Kochi -> Bangalore,perishables,17659.4,2
2355,-34.25,7,True,1076.3,145384.0,0.516,Jodhpur -> Udaipur -> Ahmedabad -> Mumbai -> Nagpur -> Hyderabad -> Chennai -> Madurai,textiles,17660.0,2
2356,-46.36,5,False,128.0,57114.0,0.767,Jodhpur -> Udaipur -> Indore -> Bhopal -> Jabalpur -> Nagpur,perishables,17660.5,2
2357,9.16,7,True,624.5,203229.0,0.591,Thiruvananthapuram -> Kochi -> Bangalore -> Hyderabad -> Nagpur -> Bhopal -> Delhi -> Chandigarh,textiles,17661.1,2
2358,32.79,2,True,237.4,43362.0,0.346,Coimbatore -> Bangalore -> Pune,fmcg,17661.2,2
2359,-1.53,7,True,749.4,126110.0,1.627,Mangalore -> Hubli -> Bangalore -> Chennai -> Visakhapatnam -> Bhubaneswar -> Kolkata -> Guwahati,machinery,17661.9,2
2360,-48.32,3,False,163.0,39148.0,0.43,Mysore -> Bangalore -> Hyderabad -> Visakhapatnam,perishables,17662.1,2
2361,-1.48,3,True,610.7,73350.0,0.413,Pune -> Bangalore -> Hubli -> Mangalore,textiles,17662.4,2
2362,48.19,1,True,52.2,19246.0,0.03,Chennai -> Visakhapatnam,fmcg,17662.5,2
2363,54.78,2,True,24.0,23524.0,0.227,Kanpur -> Delhi -> Chandigarh,machinery,17662.7,2
2364,37.96,3,True,224.2,50102.0,0.226,Hubli -> Bangalore -> Chennai -> Visakhapatnam,textiles,17663.0,2
2365,42.5,2,True,139.8,45472.0,0.311,Kolkata -> Ranchi -> Varanasi,machinery,17663.1,2
2366,43.67,3,True,166.1,54379.0,0.175,Lucknow -> Delhi -> Bhopal -> Jabalpur,textiles,17663.4,2
2367,52.32,2,True,49.3,20240.0,0.28,Lucknow -> Kanpur -> Varanasi,perishables,17663.6,2
2368,-8.37,4,True,714.7,89160.0,0.454,Kanpur -> Delhi -> Bhopal -> Nagpur -> Mumbai,textiles,17663.9,2
2369,9.08,4,True,128.7,50899.0,0.802,Ahmedabad -> Jaipur -> Delhi -> Kanpur -> Varanasi,perishables,17664.3,2
2370,-50.86,3,False,175.6,57184.0,1.069,Amritsar -> Ludhiana -> Delhi -> Bhopal,perishables,17664.6,2
2371,42.65,3,True,173.2,62288.0,0.321,Gwalior -> Bhopal -> Nagpur -> Hyderabad,machinery,17664.9,2
2372,55.12,2,True,21.5,21525.0,0.171,Raipur -> Jabalpur -> Bhopal,machinery,17665.1,2
2373,-52.03,2,False,160.4,34829.0,0.812,Raipur -> Nagpur -> Hyderabad,perishables,17665.3,2
2374,-4.86,3,True,651.9,47320.0,0.498,Gwalior -> Agra -> Lucknow -> Patna,textiles,17665.6,3
2375,3.4,7,True,610.4,277564.0,0.462,Agra -> Gwalior -> Bhopal -> Jabalpur -> Nagpur -> Hyderabad -> Chennai -> Madurai,textiles,17666.2,3
2376,25.98,3,True,327.4,44650.0,0.656,Jodhpur -> Jaipur -> Ahmedabad -> Vadodara,fmcg,17666.5,3
2377,-20.26,2,True,295.0,25874.0,0.899,Rajkot -> Ahmedabad -> Jaipur,perishables,17666.7,3
2378,-82.94,5,True,967.2,67232.0,3.268,Pune -> Nashik -> Ahmedabad -> Indore -> Bhopal -> Jabalpur,electronics,17667.1,3
2379,40.47,2,True,154.0,57309.0,0.824,Mumbai -> Surat -> Rajkot,pharmaceuticals,17667.3,3
2380,-32.32,1,True,360.3,29346.0,0.401,Visakhapatnam -> Hyderabad,perishables,17667.4,3
2381,34.02,3,True,236.3,55865.0,1.631,Mumbai -> Pune -> Bangalore -> Mysore,pharmaceuticals,17667.7,3
2382,5.5,4,True,151.3,49679.0,0.814,Bhopal -> Nagpur -> Hyderabad -> Bangalore -> Mysore,perishables,17668.0,3
2383,-79.93,1,False,342.9,28475.0,0.317,Ahmedabad -> Mumbai,perishables,17668.1,3
2384,45.59,2,True,103.5,35375.0,0.691,Pune -> Bangalore -> Coimbatore,perishables,17668.3,3
2385,-76.93,6,False,442.4,103944.0,0.807,Amritsar -> Ludhiana -> Chandigarh -> Delhi -> Jaipur -> Ahmedabad -> Mumbai,fmcg,17668.9,3
2386,-4.28,7,True,628.9,120339.0,1.558,Madurai -> Coimbatore -> Chennai -> Hyderabad -> Visakhapatnam -> Bhubaneswar -> Ranchi -> Kolkata,machinery,17669.5,3
2387,48.91,3,True,68.0,33408.0,0.591,Lucknow -> Agra -> Gwalior -> Bhopal,electronics,17669.8,3
2388,-67.72,3,False,336.7,51642.0,1.044,Udaipur -> Jodhpur -> Jaipur -> Delhi,pharmaceuticals,17670.1,3
2389,25.9,3,True,328.3,61499.0,0.426,Visakhapatnam -> Hyderabad -> Nagpur -> Jabalpur,fmcg,17670.3,3
2390,-50.08,3,False,168.5,40702.0,1.116,Visakhapatnam -> Hyderabad -> Nagpur -> Bhopal,perishables,17670.6,3
2391,52.47,3,True,80.9,27773.0,1.226,Agra -> Delhi -> Jaipur -> Jodhpur,pharmaceuticals,17670.9,3
2392,7.15,7,True,603.5,173262.0,0.601,Coimbatore -> Bangalore -> Hyderabad -> Nagpur -> Bhopal -> Delhi -> Lucknow -> Agra,textiles,19124.3,3
2393,40.98,4,True,219.9,80131.0,1.262,Agra -> Delhi -> Jaipur -> Ahmedabad -> Mumbai,electronics,19124.6,3
2394,-53.66,2,False,175.8,23241.0,0.641,Bhopal -> Indore -> Udaipur,perishables,19124.8,3
2395,40.82,2,True,165.4,11949.0,0.576,Coimbatore -> Kochi -> Thiruvananthapuram,fmcg,19125.0,3
2396,31.51,1,True,218.1,17226.0,0.338,Jaipur -> Indore,machinery,19125.1,3
2397,-63.93,4,True,844.7,80348.0,2.307,Rajkot -> Ahmedabad -> Nashik -> Pune -> Bangalore,electronics,19125.5,3
2398,35.3,3,True,246.7,62629.0,0.285,Jabalpur -> Bhopal -> Delhi -> Ludhiana,machinery,19125.7,3
2399,-112.81,4,False,750.6,67516.0,0.743,Ranchi -> Patna -> Varanasi -> Kanpur -> Delhi,fmcg,19126.1,3
2400,40.52,1,True,127.6,12497.0,0.703,Coimbatore -> Madurai,electronics,19126.2,3
2401,32.53,3,True,249.0,138714.0,0.801,Varanasi -> Kanpur -> Delhi -> Ludhiana,electronics,19130.2,3
2402,-86.54,2,False,505.6,32856.0,0.352,Thiruvananthapuram -> Kochi -> Bangalore,fmcg,19130.4,3
2403,-52.85,5,True,721.6,258796.0,2.0,Lucknow -> Delhi -> Jaipur -> Ahmedabad -> Mumbai -> Pune,electronics,19130.9,3
2404,-47.45,3,False,135.8,121951.0,0.351,Hubli -> Bangalore -> Hyderabad -> Nagpur,perishables,19131.2,3
2405,-65.21,3,False,314.1,63793.0,1.558,Visakhapatnam -> Chennai -> Madurai -> Mysore,pharmaceuticals,19131.5,3
2406,-58.94,2,False,202.0,52003.0,0.634,Madurai -> Chennai -> Hyderabad,perishables,19131.7,3
2407,48.53,1,True,51.5,5170.0,0.326,Lucknow -> Kanpur,perishables,19131.8,3
2408,-56.06,2,False,190.6,30456.0,1.07,Chandigarh -> Delhi -> Jaipur,perishables,19132.0,3
2409,-54.09,1,False,148.1,36922.0,0.077,Jaipur -> Ahmedabad,perishables,19132.1,3
2410,42.79,3,True,176.1,42507.0,0.633,Lucknow -> Delhi -> Jaipur -> Jodhpur,electronics,19132.4,3
2411,51.89,1,True,15.5,15862.0,0.163,Delhi -> Lucknow,electronics,19132.5,3
2412,49.55,3,True,111.8,37900.0,0.274,Raipur -> Jabalpur -> Bhopal -> Gwalior,textiles,19132.8,3
2413,-48.14,2,False,130.9,43231.0,0.391,Chandigarh -> Delhi -> Bhopal,perishables,19133.0,3
2414,46.89,2,True,96.1,27501.0,1.345,Varanasi -> Patna -> Kolkata,pharmaceuticals,19133.1,3
2415,23.88,4,True,393.1,79001.0,0.869,Rajkot -> Surat -> Mumbai -> Pune -> Bangalore,machinery,19133.5,3
2416,-48.03,4,True,627.5,59110.0,0.669,Bhopal -> Jabalpur -> Nagpur -> Hyderabad -> Bangalore,fmcg,19133.9,3
2417,32.3,3,True,257.3,120734.0,0.704,Indore -> Jaipur -> Delhi -> Ludhiana,machinery,19134.2,3
2418,-32.27,5,True,974.1,143140.0,1.126,Gwalior -> Agra -> Lucknow -> Patna -> Kolkata -> Guwahati,machinery,19134.6,3
2419,-161.38,5,False,1299.9,192060.0,2.409,Delhi -> Bhopal -> Nagpur -> Hyderabad -> Bangalore -> Kochi,electronics,19135.1,3
2420,-7.4,4,True,706.7,84314.0,0.393,Visakhapatnam -> Hyderabad -> Nagpur -> Mumbai -> Surat,textiles,19135.4,3
2421,11.56,6,True,533.4,88587.0,2.561,Guwahati -> Kolkata -> Patna -> Varanasi -> Kanpur -> Delhi -> Jaipur,electronics,19135.9,3
2422,-60.98,2,False,224.4,49027.0,0.794,Agra -> Delhi -> Jaipur,perishables,19136.1,3
2423,-73.35,5,False,391.6,55823.0,0.691,Nagpur -> Bhopal -> Gwalior -> Agra -> Kanpur -> Varanasi,fmcg,19136.6,3
2424,6.91,2,True,495.0,48122.0,0.303,Mumbai -> Nagpur -> Hyderabad,textiles,19136.9,3
2425,0.13,8,True,730.3,115120.0,0.775,Jodhpur -> Udaipur -> Indore -> Bhopal -> Nagpur -> Hyderabad -> Bangalore -> Kochi -> Thiruvananthapuram,textiles,19137.5,3
2426,37.84,2,True,190.5,30330.0,0.398,Mumbai -> Ahmedabad -> Indore,machinery,19137.7,3
2427,41.82,3,True,168.4,106003.0,0.306,Varanasi -> Ranchi -> Bhubaneswar -> Visakhapatnam,fmcg,19138.0,3
2428,39.3,2,True,180.7,14316.0,0.39,Jodhpur -> Udaipur -> Ahmedabad,textiles,19138.2,3
2429,29.96,3,True,302.9,53010.0,0.311,Varanasi -> Ranchi -> Bhubaneswar -> Raipur,textiles,19138.5,3
2430,11.9,5,True,543.1,91406.0,1.663,Coimbatore -> Chennai -> Visakhapatnam -> Bhubaneswar -> Kolkata -> Guwahati,electronics,19139.0,3
2431,-54.82,1,False,157.8,11017.0,0.507,Bhubaneswar -> Ranchi,perishables,19139.1,3
2432,30.3,1,True,228.9,21984.0,0.301,Ranchi -> Kolkata,fmcg,19139.2,3
2433,-72.29,3,False,399.2,81700.0,0.578,Ranchi -> Bhubaneswar -> Visakhapatnam -> Chennai,fmcg,19139.4,3
2434,-66.32,1,False,241.7,20122.0,0.584,Varanasi -> Kanpur,perishables,19139.6,3
2435,38.91,3,True,213.6,51207.0,0.377,Kanpur -> Varanasi -> Ranchi -> Bhubaneswar,fmcg,19139.8,3
2436,21.91,6,True,476.0,116206.0,1.998,Mysore -> Bangalore -> Hyderabad -> Visakhapatnam -> Bhubaneswar -> Kolkata -> Guwahati,electronics,19140.4,3
2437,32.88,4,True,261.5,54684.0,0.656,Jabalpur -> Bhopal -> Gwalior -> Agra -> Kanpur,machinery,19140.7,3
2438,2.61,2,True,123.8,46045.0,0.599,Lucknow -> Patna -> Kolkata,perishables,19140.9,3
2439,30.08,2,True,265.2,24278.0,1.334,Chennai -> Coimbatore -> Kochi,electronics,19141.1,3
2440,-74.16,4,False,369.3,67233.0,0.859,Amritsar -> Ludhiana -> Delhi -> Jaipur -> Ahmedabad,perishables,19141.5,3
2441,-53.28,2,False,120.3,91523.0,0.576,Ludhiana -> Chandigarh -> Delhi,perishables,19141.7,3
2442,-39.48,5,True,1060.5,103820.0,0.632,Hubli -> Bangalore -> Pune -> Nashik -> Ahmedabad -> Jaipur,textiles,19142.1,3
2443,-62.3,2,False,211.6,158030.0,0.288,Surat -> Mumbai -> Ahmedabad,perishables,19142.3,3
2444,-39.15,2,True,417.7,126951.0,0.906,Vadodara -> Ahmedabad -> Nashik,perishables,19142.5,3
2445,-61.05,4,False,208.1,47713.0,1.003,Varanasi -> Kanpur -> Agra -> Gwalior -> Bhopal,perishables,19142.8,3
2446,-7.2,4,True,679.7,166664.0,0.462,Madurai -> Chennai -> Visakhapatnam -> Bhubaneswar -> Kolkata,textiles,19143.3,3
2447,-83.34,4,False,446.2,54356.0,0.865,Kanpur -> Agra -> Gwalior -> Bhopal -> Nagpur,fmcg,19143.6,3
2448,-58.83,2,False,210.7,22738.0,0.727,Thiruvananthapuram -> Kochi -> Bangalore,perishables,19143.8,3
2449,49.63,1,True,35.3,20461.0,0.443,Bhopal -> Gwalior,electronics,19143.9,3
2450,-52.96,2,False,132.3,29041.0,0.497,Madurai -> Mysore -> Bangalore,perishables,19144.1,3
2451,-97.96,4,False,549.6,61172.0,1.602,Varanasi -> Patna -> Ranchi -> Bhubaneswar -> Raipur,pharmaceuticals,19144.8,3
2452,35.21,2,True,194.7,74810.0,1.274,Kochi -> Coimbatore -> Madurai,pharmaceuticals,19144.9,3
2453,-67.9,1,False,251.4,32236.0,0.446,Mumbai -> Ahmedabad,perishables,19145.1,3
2454,45.38,3,True,145.0,66963.0,0.225,Bhubaneswar -> Visakhapatnam -> Hyderabad -> Bangalore,pharmaceuticals,19145.3,3
2455,49.19,1,True,42.3,14455.0,0.302,Ahmedabad -> Mumbai,perishables,19145.4,3
2456,32.75,4,True,313.0,47050.0,1.069,Varanasi -> Kanpur -> Delhi -> Jaipur -> Jodhpur,machinery,19145.8,3
2457,7.31,3,True,512.5,86889.0,1.57,Coimbatore -> Chennai -> Visakhapatnam -> Bhubaneswar,electronics,19146.1,3
2458,-74.96,3,False,430.2,57357.0,0.484,Varanasi -> Kanpur -> Delhi -> Bhopal,fmcg,19146.4,3
2459,48.39,4,True,158.5,55060.0,0.217,Kanpur -> Varanasi -> Ranchi -> Bhubaneswar -> Visakhapatnam,textiles,19146.7,3
2460,-60.59,6,True,829.8,111889.0,2.893,Madurai -> Coimbatore -> Chennai -> Hyderabad -> Nagpur -> Bhopal -> Delhi,electronics,19147.2,3
2461,49.36,1,True,36.8,29685.0,0.139,Ahmedabad -> Jaipur,electronics,19147.3,3
2462,-52.24,5,False,274.6,71168.0,1.739,Amritsar -> Ludhiana -> Delhi -> Bhopal -> Nagpur -> Hyderabad,pharmaceuticals,19147.8,3
2463,-114.54,3,False,810.7,46633.0,1.82,Gwalior -> Bhopal -> Nagpur -> Hyderabad,electronics,19148.2,3
2464,13.66,2,True,429.6,39501.0,0.385,Raipur -> Nagpur -> Mumbai,machinery,19148.3,3
2465,52.09,1,True,16.2,9213.0,0.021,Jabalpur -> Bhopal,machinery,19148.4,3
2466,-76.2,9,True,1419.6,160216.0,0.863,Indore -> Jaipur -> Delhi -> Bhopal -> Nagpur -> Hyderabad -> Bangalore -> Coimbatore -> Kochi -> Thiruvananthapuram,textiles,19149.2,3
2467,-58.89,3,False,270.7,40488.0,1.799,Mysore -> Bangalore -> Hyderabad -> Nagpur,pharmaceuticals,19149.5,3
2468,32.6,2,True,244.6,27763.0,0.22,Lucknow -> Delhi -> Chandigarh,textiles,19149.7,3
2469,36.71,3,True,242.2,27489.0,0.485,Vadodara -> Ahmedabad -> Indore -> Bhopal,textiles,19150.0,3
2470,48.48,2,True,89.0,17117.0,0.228,Jaipur -> Delhi -> Ludhiana,textiles,19150.2,3
2471,-49.72,3,False,132.0,51163.0,0.493,Bhopal -> Nagpur -> Hyderabad -> Chennai,perishables,19150.4,3
2472,-67.65,1,False,251.8,21752.0,0.431,Delhi -> Kanpur,perishables,19150.5,3
2473,34.88,3,True,199.2,70573.0,0.158,Hyderabad -> Chennai -> Bangalore -> Pune,textiles,19150.8,3
2474,-3.14,2,True,170.7,23141.0,0.895,Agra -> Delhi -> Ludhiana,perishables,19151.0,3
2475,40.88,4,True,227.8,58864.0,1.158,Kolkata -> Patna -> Lucknow -> Delhi -> Ludhiana,electronics,19151.3,3
2476,51.14,1,True,24.7,8242.0,0.287,Kanpur -> Agra,pharmaceuticals,19151.4,3
2477,-60.12,2,False,245.0,56170.0,1.307,Amritsar -> Ludhiana -> Delhi,pharmaceuticals,19151.6,3
2478,51.97,2,True,51.6,26130.0,0.17,Jaipur -> Jodhpur -> Udaipur,fmcg,19151.8,3
2479,46.59,1,True,68.5,9220.0,0.571,Mumbai -> Pune,perishables,19151.9,3
2480,-15.87,6,True,384.2,116378.0,0.582,Bhubaneswar -> Visakhapatnam -> Hyderabad -> Nagpur -> Mumbai -> Surat -> Rajkot,fmcg,19152.4,3
2481,45.3,2,True,101.9,76205.0,0.44,Chennai -> Bangalore -> Pune,electronics,19152.6,3
2482,-64.42,4,False,261.5,215635.0,1.478,Bangalore -> Hyderabad -> Nagpur -> Jabalpur -> Bhopal,pharmaceuticals,19153.0,3
2483,38.69,2,True,178.2,44932.0,0.29,Hyderabad -> Bangalore -> Pune,machinery,19153.2,3
2484,-29.4,3,True,423.2,46945.0,0.559,Hyderabad -> Bangalore -> Coimbatore -> Kochi,fmcg,19153.4,3
2485,33.6,4,True,296.4,65969.0,1.557,Jaipur -> Delhi -> Bhopal -> Jabalpur -> Raipur,electronics,19153.8,3
2486,29.96,2,True,213.0,221019.0,0.225,Hyderabad -> Bangalore -> Hubli,machinery,19154.0,3
2487,20.97,1,True,310.1,44115.0,0.103,Nagpur -> Mumbai,fmcg,19154.1,3
2488,36.9,3,True,233.3,53803.0,0.301,Patna -> Kolkata -> Bhubaneswar -> Visakhapatnam,textiles,19154.4,3
2489,-58.96,3,False,272.8,44076.0,1.222,Indore -> Bhopal -> Nagpur -> Hyderabad,pharmaceuticals,19154.7,3
2490,37.48,6,True,331.9,105077.0,0.363,Kolkata -> Patna -> Lucknow -> Delhi -> Jaipur -> Ahmedabad -> Vadodara,textiles,19155.2,3
2491,38.52,2,True,165.9,91446.0,0.304,Lucknow -> Patna -> Varanasi,fmcg,19155.4,3
2492,-53.63,2,False,174.1,29874.0,0.645,Nashik -> Pune -> Bangalore,perishables,19155.6,3
2493,-13.45,1,True,252.9,13468.0,0.686,Mysore -> Mangalore,pharmaceuticals,19155.6,3
2494,38.94,2,True,174.7,48480.0,0.287,Hyderabad -> Bangalore -> Hubli,fmcg,19155.9,3
2495,25.91,5,True,405.0,95034.0,1.479,Pune -> Mumbai -> Ahmedabad -> Jaipur -> Delhi -> Ludhiana,electronics,19156.3,3
2496,29.44,3,True,243.8,256759.0,0.957,Madurai -> Mysore -> Bangalore -> Hubli,electronics,19156.5,3
2497,-81.84,4,False,308.8,99716.0,1.354,Madurai -> Mysore -> Bangalore -> Coimbatore -> Chennai,perishables,19156.9,3
2498,43.85,3,True,162.9,44088.0,1.082,Kanpur -> Delhi -> Jaipur -> Ahmedabad,pharmaceuticals,19157.3,3
2499,46.03,4,True,180.0,60678.0,0.299,Lucknow -> Delhi -> Bhopal -> Nagpur -> Hyderabad,fmcg,19157.7,3
2500,-3.61,7,True,693.3,114699.0,3.96,Ranchi -> Kolkata -> Bhubaneswar -> Visakhapatnam -> Chennai -> Coimbatore -> Kochi -> Thiruvananthapuram,electronics,19158.4,3
2501,-60.11,2,False,253.1,29908.0,0.97,Kolkata -> Bhubaneswar -> Raipur,pharmaceuticals,19162.0,3
2502,-107.81,2,False,646.2,47630.0,1.402,Guwahati -> Kolkata -> Patna,pharmaceuticals,19162.1,3
2503,26.57,3,True,324.8,94237.0,0.256,Ranchi -> Varanasi -> Kanpur -> Delhi,textiles,19162.4,3
2504,28.75,2,True,218.3,238872.0,0.506,Pune -> Mumbai -> Nagpur,electronics,19162.6,3
2505,45.76,2,True,113.9,24570.0,0.211,Mysore -> Madurai -> Chennai,textiles,19162.8,3
2506,-59.8,1,False,189.1,40896.0,0.33,Delhi -> Bhopal,perishables,19162.9,3
2507,-70.77,6,True,1407.0,112877.0,1.369,Udaipur -> Indore -> Bhopal -> Jabalpur -> Raipur -> Bhubaneswar -> Ranchi,machinery,19163.5,3
2508,43.57,2,True,130.6,28390.0,1.03,Agra -> Gwalior -> Bhopal,pharmaceuticals,19163.6,3
2509,-47.04,3,False,151.8,37372.0,0.805,Mysore -> Bangalore -> Chennai -> Visakhapatnam,perishables,19163.9,3
2510,53.55,3,True,72.5,30917.0,0.553,Agra -> Gwalior -> Bhopal -> Indore,machinery,19164.2,3
2511,-126.35,7,False,665.8,95182.0,0.635,Indore -> Bhopal -> Jabalpur -> Raipur -> Nagpur -> Jabalpur -> Raipur -> Bhubaneswar,fmcg,19164.9,3
2512,50.77,1,True,28.1,13316.0,0.045,Coimbatore -> Chennai,fmcg,19165.0,3
2513,40.68,4,True,235.6,52800.0,0.345,Amritsar -> Ludhiana -> Delhi -> Bhopal -> Gwalior,textiles,19165.4,3
2514,48.67,1,True,46.3,11855.0,0.686,Nashik -> Pune,electronics,19165.5,3
2515,24.35,4,True,398.5,46048.0,0.856,Jodhpur -> Udaipur -> Ahmedabad -> Vadodara -> Surat,machinery,19165.9,3
2516,44.22,3,True,153.8,77132.0,0.173,Indore -> Ahmedabad -> Mumbai -> Pune,textiles,19166.1,3
2517,-73.31,2,False,307.0,93495.0,0.99,Patna -> Varanasi -> Kanpur,pharmaceuticals,19166.3,3
2518,-56.6,1,False,168.8,20613.0,0.538,Varanasi -> Kanpur,perishables,19166.4,3
2519,42.12,1,True,112.5,16790.0,0.235,Kanpur -> Agra,electronics,19166.5,3
2520,-13.35,2,True,669.0,141989.0,0.371,Visakhapatnam -> Chennai -> Madurai,machinery,19166.7,3
2521,-51.61,3,True,1113.2,69700.0,0.398,Bangalore -> Pune -> Nashik -> Ahmedabad,textiles,19167.0,3
2522,48.07,2,True,86.3,40258.0,0.183,Bhopal -> Nagpur -> Hyderabad,textiles,19167.2,3
2523,-115.51,5,True,1341.6,173648.0,2.958,Kanpur -> Varanasi -> Ranchi -> Bhubaneswar -> Visakhapatnam -> Chennai,electronics,19167.6,3
2524,-27.52,3,True,397.5,251608.0,0.1,Jaipur -> Ahmedabad -> Mumbai -> Nagpur,fmcg,19167.9,3
2525,9.57,6,True,612.2,96376.0,0.648,Chandigarh -> Delhi -> Bhopal -> Nagpur -> Hyderabad -> Chennai -> Madurai,textiles,19168.4,3
2526,32.67,2,True,228.1,33087.0,1.053,Bhopal -> Indore -> Ahmedabad,pharmaceuticals,19168.6,3
2527,54.31,2,True,31.0,18516.0,0.083,Vadodara -> Surat -> Rajkot,fmcg,19168.9,3
2528,28.3,3,True,306.5,95812.0,0.345,Kolkata -> Bhubaneswar -> Raipur -> Jabalpur,textiles,19169.1,3
2529,46.87,4,True,170.0,65717.0,0.319,Lucknow -> Delhi -> Jaipur -> Ahmedabad -> Rajkot,textiles,19169.5,3
2530,52.61,2,True,47.0,20185.0,0.156,Nashik -> Ahmedabad -> Vadodara,machinery,19169.7,3
2531,-85.35,4,False,542.5,68957.0,0.686,Ranchi -> Varanasi -> Kanpur -> Delhi -> Jaipur,fmcg,19170.0,3
2532,-63.54,3,False,308.4,59727.0,1.139,Ludhiana -> Delhi -> Lucknow -> Patna,pharmaceuticals,19170.3,3
2533,-49.05,2,True,618.5,31246.0,0.379,Bangalore -> Chennai -> Visakhapatnam,fmcg,19170.5,3
2534,47.57,2,True,48.2,14772.0,0.333,Chandigarh -> Ludhiana -> Delhi,machinery,19170.7,3
2535,-76.3,3,False,434.5,56433.0,0.553,Ranchi -> Patna -> Lucknow -> Agra,fmcg,19171.0,3
2536,-62.56,3,False,242.0,154253.0,0.926,Ahmedabad -> Nashik -> Pune -> Bangalore,perishables,19171.2,3
2537,-100.01,5,False,735.7,102996.0,2.435,Kochi -> Bangalore -> Chennai -> Visakhapatnam -> Bhubaneswar -> Kolkata,electronics,19171.7,3
2538,33.87,5,True,337.8,59925.0,1.099,Udaipur -> Ahmedabad -> Jaipur -> Delhi -> Ludhiana -> Amritsar,machinery,19172.1,3
2539,-39.02,2,True,441.2,18468.0,0.879,Thiruvananthapuram -> Kochi -> Bangalore,perishables,19172.3,3
2540,48.81,2,True,80.8,34263.0,0.16,Ahmedabad -> Mumbai -> Pune,electronics,19172.5,3
2541,-5.98,3,True,661.9,41589.0,1.09,Thiruvananthapuram -> Kochi -> Bangalore -> Mysore,machinery,19172.7,3
2542,43.69,4,True,197.1,62497.0,1.448,Mumbai -> Ahmedabad -> Jaipur -> Delhi -> Ludhiana,electronics,19173.1,3
2543,48.2,1,True,51.2,14063.0,0.511,Chennai -> Madurai,electronics,19173.2,3
2544,40.75,4,True,222.0,87559.0,0.856,Surat -> Mumbai -> Pune -> Bangalore -> Coimbatore,machinery,19173.6,3
2545,-62.48,2,False,228.3,85059.0,0.571,Patna -> Ranchi -> Bhubaneswar,perishables,19173.8,3
2546,-24.94,6,True,944.6,141967.0,0.438,Coimbatore -> Chennai -> Hyderabad -> Nagpur -> Bhopal -> Delhi -> Ludhiana,textiles,19174.3,3
2547,-15.89,5,True,795.1,205596.0,0.419,Coimbatore -> Bangalore -> Pune -> Nashik -> Ahmedabad -> Jaipur,textiles,19174.8,3
2548,45.94,1,True,75.0,16444.0,0.128,Patna -> Kolkata,textiles,19174.9,3
2549,51.97,2,True,50.7,26031.0,0.37,Hyderabad -> Nagpur -> Raipur,machinery,19175.1,3
2550,-58.26,5,False,266.7,124811.0,0.733,Bhopal -> Jabalpur -> Nagpur -> Hyderabad -> Bangalore -> Hubli,pharmaceuticals,19175.5,3
2551,-86.75,4,True,1429.2,313786.0,0.823,Chennai -> Bangalore -> Pune -> Mumbai -> Surat,machinery,19175.9,3
2552,24.25,2,True,313.1,59977.0,1.295,Bhopal -> Nagpur -> Mumbai,electronics,19176.1,3
2553,41.89,3,True,162.0,125750.0,0.278,Bhopal -> Nagpur -> Mumbai -> Pune,fmcg,19176.4,3
2554,51.47,3,True,87.1,58494.0,0.131,Mangalore -> Mysore -> Madurai -> Chennai,textiles,19176.6,3
2555,-61.68,5,True,1256.9,189076.0,0.636,Guwahati -> Kolkata -> Bhubaneswar -> Visakhapatnam -> Chennai -> Coimbatore,textiles,19177.1,3
2556,-102.84,4,False,736.1,83332.0,2.206,Hubli -> Bangalore -> Pune -> Mumbai -> Ahmedabad,electronics,19177.4,3
2557,-267.63,3,False,2217.2,255810.0,1.438,Kolkata -> Bhubaneswar -> Visakhapatnam -> Chennai,electronics,19177.7,3
2558,20.63,3,True,383.4,89446.0,0.691,Bhubaneswar -> Ranchi -> Varanasi -> Kanpur,machinery,19178.0,3
2559,-74.15,2,False,390.5,44501.0,0.444,Ludhiana -> Delhi -> Bhopal,fmcg,19178.2,3
2560,-60.41,1,False,196.9,27027.0,0.287,Lucknow -> Patna,perishables,19178.3,3
2561,-75.58,3,False,411.9,61355.0,0.988,Varanasi -> Kanpur -> Delhi -> Bhopal,pharmaceuticals,19178.5,3
2562,13.34,5,True,542.6,68726.0,0.672,Rajkot -> Surat -> Mumbai -> Nagpur -> Raipur -> Bhubaneswar,textiles,19179.0,3
2563,-39.09,6,True,1038.0,291370.0,1.107,Thiruvananthapuram -> Kochi -> Bangalore -> Hyderabad -> Nagpur -> Bhopal -> Gwalior,machinery,20635.9,3
2564,-123.71,5,False,726.0,107515.0,2.007,Jaipur -> Ahmedabad -> Mumbai -> Nashik -> Ahmedabad -> Mumbai,electronics,20636.4,3
2565,5.17,7,True,587.3,240290.0,2.844,Thiruvananthapuram -> Kochi -> Coimbatore -> Chennai -> Hyderabad -> Nagpur -> Bhopal -> Gwalior,electronics,20636.9,3
2566,-100.62,4,False,722.9,83513.0,1.202,Thiruvananthapuram -> Kochi -> Bangalore -> Hyderabad -> Nagpur,electronics,20637.3,3
2567,35.56,2,True,216.7,20336.0,0.315,Gwalior -> Agra -> Lucknow,textiles,20637.5,3
2568,16.82,6,True,523.6,145922.0,0.872,Pune -> Mumbai -> Nagpur -> Raipur -> Bhubaneswar -> Kolkata -> Guwahati,machinery,20638.1,3
2569,14.32,3,True,443.5,99337.0,0.703,Pune -> Bangalore -> Coimbatore -> Madurai,machinery,20638.4,3
2570,32.05,1,True,210.8,25580.0,0.204,Chennai -> Madurai,fmcg,20638.5,3
2571,-62.44,2,False,270.9,33022.0,1.284,Pune -> Mumbai -> Ahmedabad,pharmaceuticals,20638.7,3
2572,46.2,2,True,102.8,41823.0,0.524,Lucknow -> Delhi -> Chandigarh,electronics,20638.8,3
2573,24.24,3,True,332.0,129995.0,1.333,Nagpur -> Hyderabad -> Bangalore -> Kochi,electronics,20639.1,3
2574,-117.76,5,False,868.8,97903.0,1.819,Chennai -> Hyderabad -> Nagpur -> Jabalpur -> Bhopal -> Delhi,electronics,20639.6,3
2575,22.39,3,True,381.5,42341.0,0.375,Raipur -> Nagpur -> Mumbai -> Pune,textiles,20639.8,3
2576,47.2,3,True,127.2,62024.0,0.445,Pune -> Mumbai -> Surat -> Rajkot,fmcg,20640.1,3
2577,31.68,3,True,283.3,59188.0,0.431,Delhi -> Jaipur -> Ahmedabad -> Rajkot,machinery,20640.4,3
2578,-6.58,2,True,193.0,43434.0,0.694,Ahmedabad -> Jaipur -> Delhi,perishables,20640.6,3
2579,56.57,3,True,46.8,18046.0,0.418,Coimbatore -> Bangalore -> Mysore -> Mangalore,fmcg,20640.8,3
2580,-110.82,5,False,785.6,90004.0,1.597,Jodhpur -> Jaipur -> Delhi -> Bhopal -> Nagpur -> Hyderabad,electronics,20641.3,3
2581,48.59,4,True,150.4,63457.0,0.93,Mysore -> Bangalore -> Hyderabad -> Nagpur -> Raipur,pharmaceuticals,20641.8,3
2582,23.26,5,True,353.2,146799.0,0.604,Mumbai -> Nagpur -> Bhopal -> Gwalior -> Agra -> Kanpur,fmcg,20642.2,3
2583,50.44,3,True,105.4,30932.0,0.2,Jabalpur -> Bhopal -> Indore -> Udaipur,textiles,20642.5,3
2584,-50.1,7,True,1147.0,103188.0,0.602,Surat -> Rajkot -> Ahmedabad -> Nashik -> Pune -> Bangalore -> Kochi -> Thiruvananthapuram,textiles,20643.0,3
2585,-108.72,2,False,733.3,55109.0,0.932,Bangalore -> Hyderabad -> Nagpur,electronics,20643.2,3
2586,-86.68,5,True,1528.4,118633.0,0.492,Bangalore -> Chennai -> Visakhapatnam -> Bhubaneswar -> Kolkata -> Guwahati,textiles,20643.7,3
2587,21.99,6,True,472.8,150016.0,0.471,Amritsar -> Ludhiana -> Delhi -> Kanpur -> Varanasi -> Ranchi -> Bhubaneswar,textiles,20644.2,3
2588,36.39,2,True,205.2,25916.0,0.636,Mangalore -> Mysore -> Bangalore,machinery,20644.4,3
2589,20.13,1,True,328.8,19689.0,0.792,Ranchi -> Varanasi,electronics,20644.6,3
2590,29.26,3,True,306.2,45058.0,0.334,Nagpur -> Hyderabad -> Bangalore -> Coimbatore,fmcg,20644.8,3
2591,41.17,2,True,158.4,29943.0,0.19,Nagpur -> Bhopal -> Delhi,textiles,20645.0,3
2592,-37.96,7,True,1059.1,142706.0,1.543,Kolkata -> Patna -> Varanasi -> Kanpur -> Delhi -> Jaipur -> Ahmedabad -> Udaipur,machinery,20645.6,3
2593,-46.93,2,False,121.5,18160.0,0.5,Udaipur -> Ahmedabad -> Vadodara,perishables,20645.8,3
2594,-26.43,6,True,918.5,106684.0,0.759,Coimbatore -> Chennai -> Visakhapatnam -> Hyderabad -> Nagpur -> Bhopal -> Gwalior,textiles,20646.3,3
2595,-68.52,5,False,383.8,69588.0,0.752,Thiruvananthapuram -> Kochi -> Coimbatore -> Bangalore -> Hyderabad -> Nagpur,fmcg,20646.8,3
2596,-2.28,4,True,240.7,50950.0,1.654,Patna -> Lucknow -> Delhi -> Ludhiana -> Amritsar,pharmaceuticals,20647.1,3
2597,-56.75,7,True,1280.3,193084.0,1.859,Jodhpur -> Udaipur -> Ahmedabad -> Mumbai -> Pune -> Bangalore -> Kochi -> Thiruvananthapuram,machinery,20647.7,3
2598,-26.13,6,True,538.2,74328.0,0.88,Udaipur -> Jodhpur -> Jaipur -> Delhi -> Kanpur -> Varanasi -> Ranchi,fmcg,20648.3,3
2599,46.84,3,True,135.8,42903.0,0.596,Indore -> Bhopal -> Gwalior -> Agra,machinery,20648.5,3
2600,7.97,3,True,513.5,68912.0,1.226,Varanasi -> Kanpur -> Delhi -> Jaipur,machinery,20648.8,3
2601,-76.08,2,False,364.2,42696.0,0.245,Nashik -> Ahmedabad -> Indore,fmcg,20652.5,3
2602,-114.94,2,False,796.8,34438.0,1.199,Ranchi -> Bhubaneswar -> Visakhapatnam,electronics,20652.7,3
2603,5.2,6,True,650.8,113609.0,0.61,Amritsar -> Ludhiana -> Delhi -> Bhopal -> Nagpur -> Hyderabad -> Chennai,textiles,20653.2,3
2604,-58.78,6,True,818.6,103676.0,2.114,Mysore -> Bangalore -> Hyderabad -> Nagpur -> Bhopal -> Indore -> Jaipur,electronics,20653.8,3
2605,25.89,6,True,340.5,115599.0,1.175,Hyderabad -> Chennai -> Bangalore -> Pune -> Nashik -> Ahmedabad -> Udaipur,machinery,20654.3,3
2606,-64.88,2,False,258.5,26075.0,0.861,Nashik -> Mumbai -> Nagpur,perishables,20654.5,3
2607,-62.05,4,False,283.3,43133.0,1.539,Amritsar -> Ludhiana -> Chandigarh -> Delhi -> Jaipur,pharmaceuticals,20654.9,3
2608,50.68,3,True,101.7,34174.0,0.246,Indore -> Jaipur -> Delhi -> Ludhiana,fmcg,20655.2,3
2609,-4.24,3,True,610.5,125129.0,1.695,Jabalpur -> Bhopal -> Indore -> Udaipur,electronics,20655.5,3
2610,-47.15,3,False,152.7,40356.0,0.763,Varanasi -> Kanpur -> Delhi -> Jaipur,perishables,20655.7,3
2611,41.92,2,True,117.9,92500.0,0.757,Jodhpur -> Jaipur -> Delhi,perishables,20655.9,3
2612,-57.38,4,False,286.3,66508.0,1.548,Visakhapatnam -> Hyderabad -> Nagpur -> Bhopal -> Indore,pharmaceuticals,20656.5,3
2613,6.22,4,True,571.5,79227.0,0.498,Bhubaneswar -> Visakhapatnam -> Chennai -> Bangalore -> Hubli,textiles,20656.9,3
2614,-32.48,3,True,471.8,43356.0,1.867,Varanasi -> Ranchi -> Bhubaneswar -> Visakhapatnam,pharmaceuticals,20657.2,3
2615,53.88,2,True,33.6,20008.0,0.334,Mysore -> Bangalore -> Hubli,machinery,20657.4,3
2616,-51.32,1,False,129.2,24468.0,0.323,Mumbai -> Nagpur,perishables,20657.5,3
2617,38.26,4,True,256.7,47558.0,1.28,Gwalior -> Bhopal -> Indore -> Ahmedabad -> Vadodara,electronics,20657.9,3
2618,-215.03,3,False,1691.0,54173.0,0.63,Kochi -> Coimbatore -> Chennai -> Visakhapatnam,fmcg,20658.1,3
2619,38.49,1,True,149.3,12459.0,0.412,Udaipur -> Indore,machinery,20658.3,3
2620,-77.8,2,False,386.2,15450.0,0.445,Thiruvananthapuram -> Kochi -> Coimbatore,fmcg,20658.5,3
2621,-71.22,2,False,307.2,24685.0,0.656,Pune -> Mumbai -> Nagpur,perishables,20658.7,3
2622,19.24,2,True,376.5,32168.0,0.299,Raipur -> Bhubaneswar -> Visakhapatnam,textiles,20658.9,3
2623,-51.86,5,True,723.5,234297.0,2.038,Coimbatore -> Chennai -> Visakhapatnam -> Bhubaneswar -> Kolkata -> Guwahati,electronics,20659.3,3
2624,47.78,2,True,91.1,27471.0,0.585,Ahmedabad -> Nashik -> Pune,electronics,20659.6,3
2625,-118.18,3,False,851.3,81896.0,1.324,Kolkata -> Patna -> Lucknow -> Delhi,electronics,20659.9,3
2626,45.49,4,True,179.7,76888.0,0.463,Surat -> Mumbai -> Nagpur -> Bhopal -> Gwalior,fmcg,20660.3,3
2627,-88.04,1,False,462.2,112410.0,0.225,Ranchi -> Bhubaneswar,fmcg,20660.4,3
2628,36.51,3,True,234.7,62056.0,0.308,Patna -> Lucknow -> Delhi -> Chandigarh,textiles,20660.7,3
2629,-100.55,1,False,496.6,32855.0,0.32,Delhi -> Bhopal,perishables,20660.8,3
2630,-46.51,4,True,616.6,76613.0,1.934,Chennai -> Hyderabad -> Nagpur -> Bhopal -> Delhi,pharmaceuticals,20661.2,3
2631,-80.14,5,False,531.0,118448.0,0.777,Thiruvananthapuram -> Kochi -> Bangalore -> Pune -> Mumbai -> Ahmedabad,fmcg,20661.7,3
2632,30.6,2,True,239.6,57744.0,1.034,Mumbai -> Nagpur -> Raipur,pharmaceuticals,20661.9,3
2633,36.85,3,True,228.5,66488.0,0.616,Rajkot -> Ahmedabad -> Indore -> Bhopal,machinery,20662.1,3
2634,51.36,1,True,24.0,6222.0,0.123,Mumbai -> Nashik,machinery,20662.2,3
2635,50.26,2,True,67.5,28449.0,0.279,Bhopal -> Indore -> Ahmedabad,fmcg,20662.4,3
2636,-78.28,8,True,1437.1,190841.0,1.676,Jaipur -> Delhi -> Bhopal -> Nagpur -> Hyderabad -> Chennai -> Coimbatore -> Kochi -> Thiruvananthapuram,machinery,20663.1,3
2637,23.73,4,True,370.1,168393.0,0.421,Varanasi -> Kanpur -> Delhi -> Jaipur -> Indore,textiles,20663.5,3
2638,-17.54,6,True,793.5,213271.0,1.592,Kolkata -> Ranchi -> Varanasi -> Kanpur -> Delhi -> Jaipur -> Ahmedabad,machinery,20664.0,3
2639,-78.42,11,True,1357.9,339163.0,2.893,Chandigarh -> Delhi -> Lucknow -> Kanpur -> Delhi -> Bhopal -> Nagpur -> Hyderabad -> Chennai -> Coimbatore -> Kochi -> Thiruvananthapuram,machinery,20664.9,3
2640,-3.89,2,True,176.9,20343.0,0.987,Bangalore -> Mysore -> Mangalore,perishables,20665.1,3
2641,-66.26,1,False,263.8,62883.0,0.798,Kolkata -> Bhubaneswar,pharmaceuticals,20665.2,3
2642,42.23,2,True,146.1,32780.0,0.352,Raipur -> Nagpur -> Hyderabad,machinery,20665.5,3
2643,43.76,2,True,134.1,19881.0,0.48,Rajkot -> Surat -> Vadodara,pharmaceuticals,20665.6,3
2644,54.24,2,True,33.2,9432.0,0.304,Amritsar -> Ludhiana -> Chandigarh,fmcg,20665.8,3
2645,40.04,2,True,158.1,68460.0,0.205,Thiruvananthapuram -> Kochi -> Coimbatore,machinery,20666.0,3
2646,36.93,2,True,195.1,39952.0,0.722,Nagpur -> Mumbai -> Ahmedabad,electronics,20666.2,3
2647,42.38,1,True,110.4,18036.0,0.069,Hyderabad -> Visakhapatnam,textiles,20666.3,3
2648,11.22,5,True,500.6,282077.0,0.52,Mumbai -> Nagpur -> Bhopal -> Delhi -> Ludhiana -> Amritsar,textiles,20666.7,3
2649,-61.96,4,False,311.7,87489.0,2.251,Mysore -> Bangalore -> Chennai -> Visakhapatnam -> Bhubaneswar,pharmaceuticals,20667.1,3
2650,38.42,5,True,278.9,106529.0,0.394,Bhopal -> Nagpur -> Hyderabad -> Bangalore -> Mysore -> Mangalore,fmcg,20667.5,3
2651,47.0,2,True,94.8,41952.0,0.53,Delhi -> Agra -> Gwalior,machinery,20667.7,3
2652,28.25,5,True,387.7,66652.0,1.958,Varanasi -> Kanpur -> Delhi -> Jaipur -> Jodhpur -> Udaipur,electronics,20668.1,3
2653,45.53,2,True,113.6,32789.0,0.253,Rajkot -> Ahmedabad -> Indore,fmcg,20668.3,3
2654,-62.46,2,False,230.4,46274.0,0.833,Hubli -> Bangalore -> Pune,perishables,20668.6,3
2655,41.03,3,True,174.2,93006.0,1.319,Jabalpur -> Bhopal -> Delhi -> Jaipur,pharmaceuticals,20668.8,3
2656,42.96,1,True,100.8,28297.0,0.236,Lucknow -> Patna,pharmaceuticals,20668.9,3
2657,-124.76,2,False,886.9,47659.0,1.018,Nashik -> Pune -> Bangalore,electronics,20669.1,3
2658,33.41,4,True,290.9,97013.0,1.171,Bhubaneswar -> Visakhapatnam -> Chennai -> Bangalore -> Hubli,electronics,20669.5,3
2659,25.64,3,True,328.9,103110.0,0.758,Nashik -> Pune -> Bangalore -> Kochi,machinery,20669.7,3
2660,47.69,1,True,44.7,59567.0,0.094,Gwalior -> Bhopal,electronics,20669.8,3
2661,41.9,1,True,116.8,11101.0,0.177,Bhubaneswar -> Ranchi,textiles,20669.9,3
2662,-79.25,3,False,410.5,59529.0,0.659,Bangalore -> Pune -> Nashik -> Ahmedabad,fmcg,20670.2,3
2663,34.38,5,True,322.2,89071.0,1.44,Mangalore -> Mysore -> Bangalore -> Pune -> Mumbai -> Surat,machinery,20670.7,3
2664,53.3,2,True,39.4,21856.0,0.2,Jodhpur -> Jaipur -> Delhi,machinery,20670.8,3
2665,-73.43,5,False,468.8,89005.0,0.671,Chandigarh -> Delhi -> Bhopal -> Nagpur -> Hyderabad -> Bangalore,fmcg,20671.3,3
2666,44.34,1,True,91.9,13313.0,0.13,Visakhapatnam -> Bhubaneswar,textiles,20671.4,3
2667,-116.1,3,False,790.8,56247.0,1.48,Kolkata -> Ranchi -> Bhubaneswar -> Visakhapatnam,electronics,20671.8,3
2668,-100.48,9,True,1541.5,227289.0,0.918,Chennai -> Coimbatore -> Bangalore -> Hyderabad -> Nagpur -> Bhopal -> Delhi -> Lucknow -> Kanpur -> Varanasi,textiles,20672.6,3
2669,51.77,2,True,56.7,16378.0,0.146,Chandigarh -> Delhi -> Jaipur,textiles,20672.7,3
2670,43.54,2,True,132.7,35204.0,0.262,Jabalpur -> Bhopal -> Gwalior,machinery,20672.9,3
2671,-70.91,2,True,852.0,42601.0,0.99,Hubli -> Bangalore -> Hyderabad,electronics,20673.1,3
2672,54.67,3,True,66.1,19117.0,0.284,Surat -> Vadodara -> Ahmedabad -> Udaipur,textiles,20673.4,3
2673,-64.92,4,False,309.2,59752.0,1.708,Delhi -> Kanpur -> Varanasi -> Patna -> Kolkata,pharmaceuticals,20673.7,3
2674,27.98,1,True,253.5,10693.0,0.696,Mysore -> Madurai,electronics,20673.8,3
2675,43.18,4,True,196.2,98751.0,0.479,Kolkata -> Patna -> Lucknow -> Delhi -> Chandigarh,machinery,20674.2,3
2676,22.36,3,True,372.7,75009.0,0.25,Hubli -> Bangalore -> Hyderabad -> Nagpur,textiles,20674.5,3
2677,-58.77,2,False,240.6,33836.0,0.972,Mumbai -> Pune -> Bangalore,pharmaceuticals,20674.6,3
2678,-17.76,7,True,696.9,76179.0,3.682,Nashik -> Pune -> Mumbai -> Nashik -> Ahmedabad -> Jaipur -> Delhi -> Kanpur,electronics,20675.2,3
2679,40.58,2,True,142.9,101191.0,0.198,Lucknow -> Patna -> Ranchi,machinery,20675.5,3
2680,51.91,2,True,52.1,27063.0,0.126,Nashik -> Ahmedabad -> Rajkot,machinery,20675.7,3
2681,15.18,5,True,508.5,102378.0,1.731,Ahmedabad -> Mumbai -> Pune -> Bangalore -> Coimbatore -> Madurai,electronics,20676.1,3
2682,51.01,1,True,26.0,6283.0,0.402,Nashik -> Pune,electronics,20676.2,3
2683,45.18,4,True,191.5,47212.0,0.502,Amritsar -> Ludhiana -> Delhi -> Bhopal -> Nagpur,fmcg,20676.6,3
2684,-0.65,7,True,698.2,118788.0,0.521,Thiruvananthapuram -> Kochi -> Bangalore -> Hyderabad -> Nagpur -> Mumbai -> Surat -> Vadodara,textiles,20677.2,3
2685,-72.26,4,False,328.6,61675.0,1.733,Ahmedabad -> Indore -> Bhopal -> Delhi -> Kanpur,pharmaceuticals,20677.5,3
2686,44.65,2,True,125.4,16934.0,0.594,Nashik -> Mumbai -> Surat,pharmaceuticals,20677.7,3
2687,-43.09,5,False,135.4,79760.0,0.548,Hubli -> Bangalore -> Hyderabad -> Nagpur -> Raipur -> Bhubaneswar,perishables,20678.1,3
2688,52.11,1,True,16.1,8142.0,0.075,Mangalore -> Hubli,fmcg,20678.2,3
2689,-146.69,5,False,1170.4,107904.0,2.508,Kolkata -> Patna -> Lucknow -> Delhi -> Jaipur -> Indore,electronics,20678.7,3
2690,51.1,1,True,25.2,11983.0,0.04,Bhopal -> Gwalior,textiles,20678.8,3
2691,-1.79,5,True,690.7,81401.0,0.563,Nashik -> Ahmedabad -> Jaipur -> Delhi -> Ludhiana -> Amritsar,textiles,20679.3,3
2692,12.74,4,True,512.1,59681.0,0.531,Udaipur -> Jodhpur -> Jaipur -> Delhi -> Lucknow,textiles,20679.7,3
2693,-17.09,6,True,367.9,75718.0,0.794,Varanasi -> Kanpur -> Delhi -> Jaipur -> Jodhpur -> Udaipur -> Ahmedabad,fmcg,20680.1,3
2694,-23.93,5,True,880.7,184569.0,0.655,Amritsar -> Ludhiana -> Delhi -> Bhopal -> Jabalpur -> Raipur,textiles,20680.6,3
2695,-84.72,3,False,507.2,95547.0,0.604,Indore -> Bhopal -> Nagpur -> Hyderabad,fmcg,20680.9,3
2696,47.55,4,True,162.8,62348.0,0.587,Jaipur -> Delhi -> Lucknow -> Patna -> Kolkata,machinery,20681.2,3
2697,-92.04,3,False,582.0,64537.0,0.479,Jaipur -> Delhi -> Bhopal -> Jabalpur,fmcg,20681.5,3
2698,-69.42,1,False,298.9,37752.0,0.422,Jaipur -> Ahmedabad,pharmaceuticals,20681.6,3
2699,13.5,3,True,460.4,68521.0,0.8,Delhi -> Jaipur -> Ahmedabad -> Mumbai,machinery,20681.9,3
2700,-7.45,4,True,283.1,67394.0,2.009,Surat -> Mumbai -> Pune -> Bangalore -> Chennai,pharmaceuticals,20682.2,3
2701,-74.34,3,False,351.7,33440.0,1.191,Amritsar -> Ludhiana -> Delhi -> Bhopal,perishables,20685.8,3
2702,45.09,3,True,148.8,56542.0,0.677,Pune -> Mumbai -> Nagpur -> Jabalpur,pharmaceuticals,20686.1,3
2703,-59.17,2,False,214.6,38693.0,0.376,Jabalpur -> Nagpur -> Hyderabad,perishables,20686.2,3
2704,-12.93,6,True,774.5,122642.0,1.612,Rajkot -> Ahmedabad -> Jaipur -> Delhi -> Agra -> Kanpur -> Varanasi,machinery,20686.8,3
2705,-76.75,1,False,362.9,30609.0,0.59,Guwahati -> Kolkata,pharmaceuticals,20686.9,3
2706,43.64,3,True,162.3,67915.0,0.183,Delhi -> Bhopal -> Nagpur -> Hyderabad,fmcg,20687.1,3
2707,-20.63,9,True,707.2,181462.0,0.934,Indore -> Bhopal -> Jabalpur -> Nagpur -> Bhopal -> Gwalior -> Agra -> Delhi -> Ludhiana -> Amritsar,textiles,20687.9,3
2708,-77.54,2,False,423.6,35354.0,0.415,Mangalore -> Hubli -> Bangalore,fmcg,20688.1,3
2709,-162.2,2,False,1163.5,103913.0,0.488,Coimbatore -> Chennai -> Hyderabad,fmcg,20688.3,3
2710,-270.81,10,True,3345.5,329803.0,2.138,Vadodara -> Surat -> Rajkot -> Ahmedabad -> Indore -> Bhopal -> Nagpur -> Raipur -> Bhubaneswar -> Kolkata -> Guwahati,machinery,20689.2,3
2711,-33.43,5,True,1000.9,102530.0,0.534,Gwalior -> Bhopal -> Nagpur -> Hyderabad -> Bangalore -> Coimbatore,textiles,22149.3,3
2712,-38.69,7,True,980.5,277802.0,0.606,Lucknow -> Delhi -> Jaipur -> Indore -> Bhopal -> Nagpur -> Hyderabad -> Bangalore,textiles,22149.9,3
2713,52.37,2,True,48.3,25568.0,0.06,Vadodara -> Ahmedabad -> Indore,perishables,22150.1,3
2714,-49.87,2,False,145.0,31356.0,0.779,Nashik -> Mumbai -> Nagpur,perishables,22150.3,3
2715,15.76,1,True,357.5,39389.0,0.272,Bhopal -> Delhi,fmcg,22150.4,3
2716,2.7,3,True,551.3,113582.0,1.005,Mysore -> Bangalore -> Pune -> Nashik,electronics,22150.7,3
2717,24.74,4,True,382.6,82918.0,1.013,Hyderabad -> Nagpur -> Mumbai -> Surat -> Vadodara,machinery,22151.0,3
2718,46.26,1,True,70.5,19124.0,0.236,Bhopal -> Delhi,pharmaceuticals,22151.1,3
2719,-97.43,4,False,647.9,88885.0,0.864,Thiruvananthapuram -> Kochi -> Bangalore -> Hyderabad -> Nagpur,fmcg,22151.5,3
2720,-60.02,2,False,248.9,37136.0,0.997,Bhopal -> Nagpur -> Hyderabad,pharmaceuticals,22151.7,3
2721,-103.1,4,True,1626.0,194208.0,1.35,Surat -> Mumbai -> Pune -> Bangalore -> Kochi,machinery,22152.2,3
2722,42.51,1,True,111.3,9781.0,0.123,Indore -> Udaipur,textiles,22152.3,3
2723,52.86,1,True,9.8,4134.0,0.062,Bangalore -> Mysore,fmcg,22152.4,3
2724,-72.63,3,False,393.3,115067.0,0.561,Udaipur -> Ahmedabad -> Jaipur -> Delhi,fmcg,22152.6,3
2725,0.24,2,True,142.5,31114.0,0.903,Mumbai -> Nagpur -> Raipur,perishables,22152.9,3
2726,-125.84,3,False,841.0,54131.0,1.803,Pune -> Mumbai -> Ahmedabad -> Jaipur,pharmaceuticals,22153.2,3
2727,37.17,4,True,260.3,86611.0,0.412,Hyderabad -> Nagpur -> Bhopal -> Delhi -> Agra,textiles,22153.5,3
2728,14.52,3,True,427.8,134455.0,1.332,Jabalpur -> Nagpur -> Hyderabad -> Bangalore,electronics,22153.8,3
2729,-7.82,3,True,258.4,58547.0,1.447,Jabalpur -> Nagpur -> Hyderabad -> Bangalore,pharmaceuticals,22154.1,3
2730,4.93,6,True,637.3,102279.0,2.14,Kanpur -> Delhi -> Bhopal -> Nagpur -> Hyderabad -> Bangalore -> Mysore,electronics,22154.6,3
2731,-102.51,5,False,431.0,59869.0,0.509,Raipur -> Nagpur -> Bhopal -> Jabalpur -> Nagpur -> Raipur,fmcg,22155.1,3
2732,-96.64,4,False,585.6,169723.0,0.571,Coimbatore -> Chennai -> Hyderabad -> Nagpur -> Mumbai,fmcg,22155.5,3
2733,-27.15,4,True,470.4,85167.0,0.638,Chennai -> Visakhapatnam -> Bhubaneswar -> Kolkata -> Patna,fmcg,22155.8,3
2734,-6.62,7,True,718.4,117152.0,2.471,Surat -> Mumbai -> Nagpur -> Bhopal -> Gwalior -> Agra -> Kanpur -> Varanasi,electronics,22156.4,3
2735,19.93,4,True,412.0,154996.0,0.44,Kanpur -> Delhi -> Jaipur -> Ahmedabad -> Rajkot,textiles,22156.8,3
2736,36.88,3,True,236.4,23186.0,1.563,Thiruvananthapuram -> Kochi -> Bangalore -> Mysore,electronics,22157.1,3
2737,-2.08,3,True,623.6,50455.0,0.399,Jabalpur -> Raipur -> Bhubaneswar -> Ranchi,textiles,22157.4,3
2738,-53.19,1,False,145.6,7031.0,0.75,Mangalore -> Mysore,perishables,22157.5,3
2739,-0.98,4,True,206.1,34649.0,1.274,Surat -> Vadodara -> Ahmedabad -> Udaipur -> Jodhpur,perishables,22157.8,3
2740,-75.57,3,False,392.4,51288.0,0.458,Raipur -> Nagpur -> Bhopal -> Gwalior,fmcg,22158.2,3
2741,-117.51,2,False,648.4,50728.0,0.675,Kolkata -> Bhubaneswar -> Visakhapatnam,perishables,22158.4,3
2742,-55.12,2,False,184.8,26334.0,0.961,Vadodara -> Ahmedabad -> Jaipur,perishables,22158.5,3
2743,-94.79,2,False,503.0,44902.0,1.123,Raipur -> Bhubaneswar -> Visakhapatnam,pharmaceuticals,22158.7,3
2744,43.64,2,True,137.5,16051.0,0.251,Kochi -> Coimbatore -> Madurai,textiles,22158.9,3
2745,-45.92,4,False,156.6,44535.0,1.128,Coimbatore -> Bangalore -> Pune -> Mumbai -> Surat,perishables,22159.3,3
2746,-13.77,1,True,242.3,62063.0,0.865,Kochi -> Bangalore,pharmaceuticals,22159.4,3
2747,38.49,1,True,148.0,15505.0,0.485,Bangalore -> Coimbatore,pharmaceuticals,22159.5,3
2748,44.22,2,True,124.7,41192.0,0.143,Delhi -> Lucknow -> Patna,fmcg,22159.7,3
2749,-4.39,5,True,266.6,123314.0,1.794,Varanasi -> Kanpur -> Delhi -> Jaipur -> Jodhpur -> Udaipur,pharmaceuticals,22160.2,3
2750,53.14,3,True,78.0,24059.0,0.674,Pune -> Mumbai -> Surat -> Rajkot,pharmaceuticals,22160.4,3
2751,33.66,6,True,339.3,134542.0,0.689,Hubli -> Bangalore -> Hyderabad -> Nagpur -> Bhopal -> Delhi -> Chandigarh,fmcg,22161.0,3
2752,19.95,3,True,379.8,125236.0,0.625,Delhi -> Jaipur -> Indore -> Udaipur,machinery,22161.3,3
2753,-57.13,4,False,246.6,56765.0,0.918,Kochi -> Coimbatore -> Bangalore -> Hyderabad -> Nagpur,pharmaceuticals,22161.7,3
2754,26.4,4,True,372.2,65460.0,0.818,Chennai -> Hyderabad -> Nagpur -> Bhopal -> Indore,machinery,22162.1,3
2755,46.05,2,True,111.3,26228.0,0.063,Nashik -> Ahmedabad -> Rajkot,fmcg,22162.3,3
2756,-51.88,2,False,125.5,11387.0,0.868,Thiruvananthapuram -> Kochi -> Coimbatore,perishables,22162.4,3
2757,35.58,3,True,235.3,89445.0,0.404,Amritsar -> Ludhiana -> Delhi -> Lucknow,textiles,22162.7,3
2758,-86.93,7,True,1450.6,318448.0,0.641,Agra -> Lucknow -> Kanpur -> Delhi -> Bhopal -> Nagpur -> Mumbai -> Pune,textiles,22163.3,3
2759,-71.78,3,False,316.2,125098.0,0.767,Hubli -> Bangalore -> Hyderabad -> Nagpur,pharmaceuticals,22163.6,3
2760,-91.05,2,False,497.7,43858.0,0.457,Nashik -> Ahmedabad -> Jaipur,fmcg,22163.8,3
2761,45.2,2,True,114.8,22388.0,1.293,Surat -> Mumbai -> Nashik,pharmaceuticals,22164.0,3
2762,-71.71,6,True,878.1,133245.0,2.744,Hubli -> Bangalore -> Chennai -> Visakhapatnam -> Bhubaneswar -> Kolkata -> Guwahati,pharmaceuticals,22164.5,3
2763,25.51,3,True,348.7,47999.0,0.37,Raipur -> Nagpur -> Mumbai -> Pune,textiles,22164.8,3
2764,-52.47,1,False,135.6,36499.0,0.2,Chennai -> Visakhapatnam,perishables,22164.9,3
2765,47.07,4,True,162.2,64534.0,1.562,Jabalpur -> Bhopal -> Delhi -> Ludhiana -> Amritsar,electronics,22165.2,3
2766,-10.51,2,True,222.8,44269.0,0.557,Jaipur -> Delhi -> Bhopal,perishables,22165.4,3
2767,-47.06,2,False,127.2,22919.0,0.424,Agra -> Gwalior -> Bhopal,perishables,22165.6,3
2768,0.53,6,True,648.9,204989.0,2.142,Madurai -> Chennai -> Hyderabad -> Nagpur -> Bhopal -> Delhi -> Kanpur,electronics,22166.2,3
2769,47.86,2,True,90.1,17721.0,1.192,Ludhiana -> Delhi -> Agra,pharmaceuticals,22166.4,3
2770,-69.89,4,True,906.9,71791.0,1.605,Visakhapatnam -> Chennai -> Bangalore -> Mysore -> Mangalore,electronics,22166.7,3
2771,-77.06,2,False,392.8,38218.0,1.137,Mangalore -> Hubli -> Bangalore,pharmaceuticals,22166.9,3
2772,-66.29,2,False,255.7,53703.0,0.86,Patna -> Kolkata -> Bhubaneswar,perishables,22167.1,3
2773,-139.13,3,False,922.0,178609.0,1.914,Coimbatore -> Chennai -> Visakhapatnam -> Bhubaneswar,pharmaceuticals,22167.4,3
2774,39.18,4,True,250.2,48143.0,0.715,Amritsar -> Ludhiana -> Delhi -> Jaipur -> Jodhpur,machinery,22167.7,3
2775,50.29,2,True,71.9,12448.0,0.285,Vadodara -> Ahmedabad -> Rajkot,fmcg,22168.0,3
2776,13.96,7,True,556.8,98728.0,0.798,Guwahati -> Kolkata -> Ranchi -> Varanasi -> Kanpur -> Delhi -> Jaipur -> Jodhpur,textiles,22168.6,3
2777,24.32,8,True,459.0,201125.0,1.476,Madurai -> Chennai -> Hyderabad -> Nagpur -> Bhopal -> Delhi -> Chandigarh -> Ludhiana -> Amritsar,machinery,22169.3,3
2778,28.62,3,True,321.1,37478.0,0.305,Raipur -> Nagpur -> Mumbai -> Pune,textiles,22169.6,3
2779,-77.84,4,False,455.5,138096.0,0.57,Varanasi -> Kanpur -> Delhi -> Jaipur -> Ahmedabad,fmcg,22169.9,3
2780,51.23,1,True,24.5,10361.0,0.02,Jodhpur -> Jaipur,machinery,22170.0,3
2781,-47.21,7,True,1214.6,112653.0,0.732,Jodhpur -> Jaipur -> Ahmedabad -> Nashik -> Pune -> Bangalore -> Kochi -> Thiruvananthapuram,textiles,22170.7,3
2782,43.94,1,True,96.3,12395.0,0.107,Bangalore -> Hubli,textiles,22170.7,3
2783,-19.43,6,True,870.8,184628.0,1.633,Madurai -> Chennai -> Hyderabad -> Nagpur -> Mumbai -> Surat -> Vadodara,machinery,22171.3,3
2784,24.31,6,True,414.7,237978.0,2.156,Chennai -> Hyderabad -> Nagpur -> Bhopal -> Indore -> Udaipur -> Jodhpur,electronics,22171.8,3
2785,37.64,2,True,195.7,23174.0,0.188,Madurai -> Mysore -> Mangalore,textiles,22172.0,3
2786,-48.35,2,False,128.3,47032.0,0.516,Chennai -> Hyderabad -> Nagpur,perishables,22172.2,3
2787,39.79,2,True,169.8,33159.0,0.477,Bhopal -> Gwalior -> Agra,fmcg,22172.3,3
2788,-20.13,4,True,842.9,51459.0,0.591,Varanasi -> Kanpur -> Delhi -> Bhopal -> Jabalpur,textiles,22172.7,3
2789,16.96,4,True,421.3,208069.0,1.336,Bhubaneswar -> Raipur -> Nagpur -> Mumbai -> Ahmedabad,electronics,22173.1,3
2790,-59.12,6,True,846.2,183053.0,1.813,Gwalior -> Bhopal -> Nagpur -> Hyderabad -> Bangalore -> Hubli -> Mangalore,electronics,22173.6,3
2791,-76.88,4,False,391.3,47952.0,0.838,Nashik -> Ahmedabad -> Udaipur -> Jodhpur -> Jaipur,fmcg,22173.9,3
2792,-64.75,2,False,283.0,58014.0,0.833,Visakhapatnam -> Chennai -> Madurai,pharmaceuticals,22174.2,3
2793,33.85,4,True,291.8,77219.0,1.307,Chennai -> Bangalore -> Pune -> Mumbai -> Surat,electronics,22174.7,3
2794,49.09,1,True,43.5,13129.0,0.33,Gwalior -> Bhopal,electronics,22174.8,3
2795,-51.81,4,True,707.8,56783.0,0.526,Raipur -> Nagpur -> Bhopal -> Indore -> Udaipur,fmcg,22175.2,3
2796,42.93,1,True,103.1,14728.0,0.633,Bhubaneswar -> Raipur,pharmaceuticals,22175.3,3
2797,-80.68,3,True,1354.3,227097.0,0.874,Mumbai -> Nagpur -> Raipur -> Bhubaneswar,machinery,22175.5,3
2798,-27.97,5,True,444.4,180203.0,0.613,Madurai -> Coimbatore -> Bangalore -> Hyderabad -> Nagpur -> Bhopal,fmcg,22176.0,3
2799,-73.5,2,False,381.6,30839.0,0.613,Bhopal -> Delhi -> Ludhiana,fmcg,22176.2,3
2800,-74.04,5,False,411.3,161242.0,0.524,Varanasi -> Kanpur -> Delhi -> Bhopal -> Nagpur -> Hyderabad,fmcg,22176.7,3
2801,-47.1,2,False,125.8,19555.0,0.785,Jabalpur -> Bhopal -> Indore,perishables,22180.3,3
2802,24.54,4,True,392.7,67634.0,0.336,Vadodara -> Ahmedabad -> Jaipur -> Delhi -> Kanpur,textiles,22180.7,3
2803,35.34,2,True,209.9,52455.0,0.189,Lucknow -> Patna -> Kolkata,fmcg,22180.8,3
2804,46.16,3,True,138.7,60441.0,0.302,Udaipur -> Jodhpur -> Jaipur -> Delhi,textiles,22181.1,3
2805,36.82,3,True,220.4,52867.0,1.38,Coimbatore -> Bangalore -> Hyderabad -> Nagpur,pharmaceuticals,22181.4,3
2806,11.23,6,True,555.4,225587.0,0.921,Hubli -> Bangalore -> Pune -> Mumbai -> Ahmedabad -> Udaipur -> Jodhpur,machinery,22182.0,3
2807,5.32,5,True,601.3,137192.0,0.857,Surat -> Mumbai -> Nagpur -> Raipur -> Bhubaneswar -> Kolkata,machinery,22182.4,3
2808,-57.77,3,False,251.3,64093.0,0.981,Bangalore -> Hyderabad -> Nagpur -> Bhopal,pharmaceuticals,22182.7,3
2809,-62.27,5,False,377.7,64517.0,0.613,Coimbatore -> Chennai -> Hyderabad -> Nagpur -> Bhopal -> Gwalior,fmcg,22183.2,3
2810,-42.23,4,False,135.5,53503.0,0.711,Mangalore -> Mysore -> Bangalore -> Hyderabad -> Nagpur,perishables,22183.5,3
2811,-111.65,5,False,805.1,92105.0,2.127,Chennai -> Visakhapatnam -> Bhubaneswar -> Ranchi -> Varanasi -> Kanpur,electronics,22184.0,3
2812,45.92,1,True,68.3,38826.0,0.181,Gwalior -> Agra,fmcg,22184.1,3
2813,-5.37,5,True,656.4,138531.0,1.148,Pune -> Mumbai -> Ahmedabad -> Indore -> Bhopal -> Gwalior,machinery,22184.5,3
2814,2.75,6,True,665.5,137294.0,1.179,Hubli -> Bangalore -> Hyderabad -> Nagpur -> Bhopal -> Delhi -> Chandigarh,machinery,22185.0,3
2815,45.59,1,True,79.2,13295.0,0.173,Mumbai -> Ahmedabad,fmcg,22185.2,3
2816,46.25,2,True,96.1,44994.0,0.767,Agra -> Delhi -> Ludhiana,perishables,22185.3,3
2817,-7.62,6,True,769.7,139035.0,0.963,Vadodara -> Ahmedabad -> Mumbai -> Pune -> Bangalore -> Mysore -> Mangalore,machinery,22185.8,3
2818,26.77,1,True,258.7,39456.0,0.357,Mumbai -> Nagpur,electronics,22185.9,3
2819,-76.11,2,False,388.2,30560.0,1.408,Chandigarh -> Delhi -> Bhopal,pharmaceuticals,22186.2,3
2820,27.99,5,True,389.0,85049.0,1.099,Indore -> Bhopal -> Nagpur -> Hyderabad -> Bangalore -> Kochi,machinery,22186.6,3
2821,50.98,2,True,56.1,40369.0,0.401,Bangalore -> Chennai -> Visakhapatnam,perishables,22186.8,3
2822,-62.26,3,False,264.7,50702.0,0.509,Surat -> Rajkot -> Ahmedabad -> Jaipur,perishables,22187.1,3
2823,15.93,3,True,444.5,47382.0,0.402,Varanasi -> Ranchi -> Bhubaneswar -> Visakhapatnam,textiles,22187.4,3
2824,-91.31,1,False,440.0,48090.0,0.668,Mumbai -> Nagpur,pharmaceuticals,22187.5,3
2825,-69.54,5,False,402.7,131972.0,1.944,Agra -> Gwalior -> Bhopal -> Nagpur -> Hyderabad -> Bangalore,pharmaceuticals,22187.9,3
2826,-99.73,3,False,551.0,144493.0,1.823,Ludhiana -> Delhi -> Kanpur -> Varanasi,pharmaceuticals,22188.2,3
2827,-146.96,7,True,1551.7,392215.0,2.899,Jaipur -> Indore -> Ahmedabad -> Mumbai -> Nagpur -> Hyderabad -> Bangalore -> Kochi,electronics,22188.8,3
2828,2.13,2,True,128.6,41313.0,0.561,Bhubaneswar -> Kolkata -> Guwahati,perishables,22189.1,3
2829,39.88,1,True,134.6,19189.0,0.17,Kolkata -> Guwahati,textiles,22189.2,3
2830,51.67,2,True,55.7,20172.0,0.303,Rajkot -> Ahmedabad -> Mumbai,fmcg,22189.3,3
2831,-111.67,2,False,571.5,160948.0,0.88,Visakhapatnam -> Hyderabad -> Nagpur,perishables,22189.5,3
2832,50.46,1,True,32.7,6222.0,0.164,Coimbatore -> Madurai,electronics,22189.6,3
2833,13.32,4,True,493.1,96991.0,0.918,Delhi -> Bhopal -> Nagpur -> Hyderabad -> Bangalore,machinery,22190.0,3
2834,-49.59,2,False,145.5,19146.0,0.839,Thiruvananthapuram -> Kochi -> Bangalore,perishables,22190.2,3
2835,-84.17,2,False,455.7,41616.0,1.117,Coimbatore -> Bangalore -> Pune,pharmaceuticals,22190.4,3
2836,-41.72,5,True,1084.0,89742.0,1.267,Vadodara -> Surat -> Mumbai -> Nagpur -> Raipur -> Bhubaneswar,machinery,22190.8,3
2837,26.72,5,True,408.1,75742.0,0.411,Coimbatore -> Bangalore -> Hyderabad -> Nagpur -> Bhopal -> Gwalior,textiles,22191.3,3
2838,-96.54,4,False,587.4,160343.0,0.511,Kolkata -> Bhubaneswar -> Visakhapatnam -> Hyderabad -> Nagpur,fmcg,22191.6,3
2839,-49.56,2,False,143.2,30399.0,0.709,Rajkot -> Surat -> Mumbai,perishables,22191.8,3
2840,20.03,4,True,435.9,73565.0,0.357,Udaipur -> Indore -> Bhopal -> Delhi -> Ludhiana,textiles,22192.2,3
2841,30.98,3,True,295.2,44268.0,0.332,Jodhpur -> Udaipur -> Ahmedabad -> Nashik,textiles,22192.4,3
2842,-110.25,3,False,777.5,67914.0,1.88,Coimbatore -> Chennai -> Visakhapatnam -> Bhubaneswar,electronics,22192.7,3
2843,48.03,1,True,55.4,8071.0,0.394,Kochi -> Thiruvananthapuram,machinery,22192.8,3
2844,-73.23,3,False,343.2,57247.0,1.103,Ludhiana -> Delhi -> Jaipur -> Ahmedabad,perishables,22193.1,3
2845,45.2,2,True,89.7,125343.0,0.138,Mumbai -> Ahmedabad -> Jaipur,pharmaceuticals,22193.3,3
2846,22.33,4,True,412.2,75267.0,0.388,Indore -> Bhopal -> Delhi -> Lucknow -> Patna,textiles,22193.6,3
2847,44.71,1,True,84.0,27137.0,0.152,Visakhapatnam -> Bhubaneswar,fmcg,22193.7,3
2848,-4.65,7,True,698.7,238988.0,1.222,Bhubaneswar -> Kolkata -> Patna -> Varanasi -> Kanpur -> Delhi -> Ludhiana -> Amritsar,machinery,22194.3,3
2849,-161.37,2,False,950.0,174858.0,0.497,Bangalore -> Hyderabad -> Nagpur,perishables,22194.5,3
2850,51.44,1,True,22.1,4718.0,0.409,Pune -> Mumbai,electronics,22194.6,3
2851,44.82,3,True,162.0,30351.0,0.137,Pune -> Nashik -> Ahmedabad -> Rajkot,textiles,22194.8,3
2852,-103.37,5,False,724.3,97431.0,2.265,Kochi -> Bangalore -> Chennai -> Hyderabad -> Nagpur -> Bhopal,electronics,22195.3,3
2853,-60.12,2,False,249.8,30194.0,1.255,Jabalpur -> Bhopal -> Indore,pharmaceuticals,22195.5,3
2854,-103.53,5,False,733.6,83645.0,2.175,Gwalior -> Bhopal -> Jabalpur -> Nagpur -> Hyderabad -> Bangalore,electronics,22195.9,3
2855,12.89,4,True,504.6,73556.0,0.882,Varanasi -> Kanpur -> Delhi -> Bhopal -> Jabalpur,machinery,22196.2,3
2856,35.73,4,True,277.3,74395.0,0.626,Varanasi -> Kanpur -> Delhi -> Bhopal -> Nagpur,machinery,22196.6,3
2857,32.65,2,True,235.2,54246.0,0.404,Bangalore -> Pune -> Mumbai,fmcg,22196.8,3
2858,24.73,2,True,318.1,39212.0,0.576,Nagpur -> Raipur -> Bhubaneswar,machinery,22197.0,3
2859,-56.26,1,False,163.3,38079.0,0.3,Agra -> Gwalior,perishables,22197.1,3
2860,35.26,3,True,248.4,54429.0,0.533,Mumbai -> Ahmedabad -> Udaipur -> Jodhpur,fmcg,22197.4,3
2861,4.03,6,True,668.5,92954.0,0.649,Gwalior -> Bhopal -> Nagpur -> Hyderabad -> Bangalore -> Kochi -> Thiruvananthapuram,textiles,22197.9,3
2862,46.61,5,True,216.4,48821.0,0.567,Chandigarh -> Delhi -> Jaipur -> Ahmedabad -> Vadodara -> Surat,fmcg,22198.3,3
2863,14.82,6,True,484.5,342139.0,0.942,Amritsar -> Ludhiana -> Delhi -> Bhopal -> Nagpur -> Hyderabad -> Visakhapatnam,machinery,22198.8,3
2864,13.95,4,True,494.4,71167.0,0.948,Jabalpur -> Nagpur -> Hyderabad -> Bangalore -> Kochi,machinery,22199.3,3
2865,45.72,3,True,104.0,23236.0,0.355,Jaipur -> Delhi -> Ludhiana -> Chandigarh,machinery,22199.5,3
2866,-46.78,2,False,123.3,22883.0,0.903,Raipur -> Nagpur -> Hyderabad,perishables,22199.7,3
2867,13.82,6,True,521.1,225996.0,2.39,Bhubaneswar -> Kolkata -> Patna -> Lucknow -> Delhi -> Jaipur -> Jodhpur,electronics,23652.7,3
2868,-63.25,1,False,220.4,10907.0,0.66,Thiruvananthapuram -> Kochi,perishables,23652.8,3
2869,-3.71,2,True,139.2,23635.0,0.491,Kochi -> Coimbatore -> Bangalore,perishables,23652.9,3
2870,1.22,3,True,159.0,39589.0,0.768,Varanasi -> Kanpur -> Delhi -> Ludhiana,perishables,23653.2,3
2871,-77.49,1,False,364.5,123228.0,0.193,Hubli -> Bangalore,fmcg,23653.3,3
2872,39.06,1,True,141.8,11303.0,0.84,Coimbatore -> Madurai,electronics,23653.4,3
2873,-69.23,4,False,365.7,51970.0,0.623,Amritsar -> Ludhiana -> Delhi -> Kanpur -> Varanasi,fmcg,23653.8,3
2874,-44.99,3,True,564.2,71698.0,1.418,Jodhpur -> Jaipur -> Delhi -> Bhopal,pharmaceuticals,23654.1,3
2875,-139.82,3,False,912.1,85598.0,1.278,Coimbatore -> Chennai -> Bangalore -> Pune,pharmaceuticals,23654.3,3
2876,-16.99,5,True,766.8,323376.0,1.223,Surat -> Mumbai -> Pune -> Bangalore -> Kochi -> Thiruvananthapuram,machinery,23654.8,3
2877,-3.21,3,True,194.6,40485.0,0.854,Chandigarh -> Delhi -> Jaipur -> Ahmedabad,perishables,23655.0,3
2878,-73.7,1,False,337.7,21868.0,0.9,Kochi -> Bangalore,pharmaceuticals,23655.1,3
2879,12.96,3,True,467.5,51622.0,1.477,Delhi -> Jaipur -> Ahmedabad -> Rajkot,electronics,23655.4,3
2880,-60.45,2,False,215.4,50609.0,0.544,Jodhpur -> Jaipur -> Ahmedabad,perishables,23655.6,3
2881,-0.3,7,True,664.7,165664.0,1.936,Vadodara -> Ahmedabad -> Mumbai -> Nagpur -> Hyderabad -> Bangalore -> Hubli -> Mangalore,electronics,23656.3,3
2882,42.55,1,True,108.8,13516.0,0.328,Bhubaneswar -> Visakhapatnam,pharmaceuticals,23656.4,3
2883,-102.08,3,False,622.4,82743.0,1.459,Visakhapatnam -> Hyderabad -> Nagpur -> Mumbai,pharmaceuticals,23656.7,3
2884,-67.12,2,False,309.6,38664.0,1.286,Hubli -> Bangalore -> Pune,pharmaceuticals,23656.8,3
2885,42.68,4,True,208.5,61341.0,1.254,Bhubaneswar -> Raipur -> Jabalpur -> Bhopal -> Indore,electronics,23657.2,3
2886,32.38,2,True,244.9,33235.0,0.267,Gwalior -> Bhopal -> Nagpur,textiles,23657.3,3
2887,-25.85,6,True,950.9,136420.0,1.321,Guwahati -> Kolkata -> Bhubaneswar -> Visakhapatnam -> Chennai -> Bangalore -> Pune,machinery,23657.9,3
2888,32.28,3,True,284.4,36886.0,0.357,Hyderabad -> Nagpur -> Bhopal -> Gwalior,textiles,23658.2,3
2889,13.16,5,True,536.5,90079.0,0.967,Ahmedabad -> Nashik -> Pune -> Bangalore -> Mysore -> Mangalore,machinery,23658.6,3
2890,-59.88,6,True,1254.4,102006.0,0.767,Patna -> Varanasi -> Kanpur -> Delhi -> Jaipur -> Ahmedabad -> Rajkot,textiles,23659.1,3
2891,10.32,6,True,595.3,127948.0,0.62,Bangalore -> Hyderabad -> Nagpur -> Bhopal -> Delhi -> Ludhiana -> Amritsar,textiles,23659.7,3
2892,-37.9,2,True,518.0,32598.0,0.326,Visakhapatnam -> Chennai -> Coimbatore,fmcg,23659.9,3
2893,-11.85,3,True,291.6,62679.0,1.487,Jodhpur -> Jaipur -> Delhi -> Bhopal,pharmaceuticals,23660.1,3
2894,30.73,3,True,246.4,48284.0,0.375,Agra -> Kanpur -> Delhi -> Ludhiana,machinery,23660.4,3
2895,20.65,5,True,460.1,93313.0,1.087,Pune -> Nashik -> Ahmedabad -> Jaipur -> Delhi -> Agra,machinery,23660.9,3
2896,-73.23,4,False,332.6,77946.0,0.696,Jaipur -> Delhi -> Bhopal -> Nagpur -> Hyderabad,perishables,23661.2,3
2897,51.28,1,True,21.9,8522.0,0.543,Ahmedabad -> Udaipur,pharmaceuticals,23661.3,3
2898,-60.17,2,False,247.0,29489.0,0.968,Hyderabad -> Visakhapatnam -> Bhubaneswar,pharmaceuticals,23661.5,3
2899,44.33,4,True,198.8,46203.0,0.802,Udaipur -> Ahmedabad -> Jaipur -> Delhi -> Agra,machinery,23661.8,3
2900,37.07,2,True,110.2,162178.0,0.099,Agra -> Kanpur -> Delhi,textiles,23662.0,3
2901,19.91,5,True,460.2,96251.0,2.378,Bangalore -> Hyderabad -> Nagpur -> Bhopal -> Delhi -> Kanpur,electronics,23666.3,3
2902,-84.39,4,True,1422.4,255613.0,0.976,Bhopal -> Nagpur -> Hyderabad -> Chennai -> Coimbatore,machinery,23666.7,3
2903,-84.14,4,True,1041.5,64007.0,2.177,Delhi -> Kanpur -> Varanasi -> Ranchi -> Bhubaneswar,electronics,23667.1,3
2904,-21.09,5,True,450.9,111339.0,0.676,Patna -> Lucknow -> Delhi -> Jaipur -> Jodhpur -> Udaipur,fmcg,23667.6,3
2905,-95.26,4,False,628.4,90082.0,0.696,Bangalore -> Hyderabad -> Nagpur -> Bhopal -> Delhi,fmcg,23667.9,3
2906,2.62,4,True,595.9,73711.0,1.623,Lucknow -> Delhi -> Jaipur -> Ahmedabad -> Mumbai,electronics,23668.3,3
2907,43.86,3,True,158.9,64879.0,0.6,Indore -> Bhopal -> Delhi -> Lucknow,machinery,23668.6,3
2908,-57.84,5,True,785.2,72736.0,0.894,Madurai -> Chennai -> Hyderabad -> Nagpur -> Bhopal -> Delhi,fmcg,23669.0,3
2909,42.66,4,True,212.9,59778.0,0.512,Varanasi -> Kanpur -> Delhi -> Jaipur -> Jodhpur,fmcg,23669.4,3
2910,15.88,5,True,486.4,148864.0,2.025,Kochi -> Bangalore -> Hyderabad -> Nagpur -> Bhopal -> Delhi,electronics,23669.9,3
2911,-44.43,3,False,131.9,44463.0,0.606,Guwahati -> Kolkata -> Bhubaneswar -> Visakhapatnam,perishables,23670.1,3
2912,-74.17,6,True,823.5,397647.0,2.447,Madurai -> Mysore -> Mangalore -> Hubli -> Bangalore -> Pune -> Nashik,electronics,23670.7,3
2913,-44.39,7,True,1090.2,268752.0,0.618,Agra -> Gwalior -> Bhopal -> Nagpur -> Hyderabad -> Chennai -> Madurai -> Mysore,textiles,23671.3,3
2914,39.61,4,True,247.1,41506.0,0.868,Nashik -> Pune -> Bangalore -> Mysore -> Mangalore,fmcg,23671.7,3
2915,-46.73,3,False,141.1,60189.0,0.245,Kanpur -> Delhi -> Bhopal -> Nagpur,perishables,23672.0,3
2916,-88.32,2,False,431.0,42817.0,0.723,Nashik -> Ahmedabad -> Jaipur,perishables,23672.2,3
2917,36.08,2,True,203.7,36394.0,0.925,Kolkata -> Bhubaneswar -> Visakhapatnam,electronics,23672.4,3
2918,47.92,3,True,126.2,34783.0,0.838,Rajkot -> Ahmedabad -> Jaipur -> Delhi,electronics,23672.6,3
2919,-70.38,5,True,884.3,125680.0,2.144,Ahmedabad -> Mumbai -> Nagpur -> Hyderabad -> Bangalore -> Hubli,electronics,23673.0,3
2920,41.52,2,True,151.3,39233.0,0.344,Bhopal -> Delhi -> Ludhiana,fmcg,23673.2,3
2921,43.97,4,True,201.2,41421.0,1.326,Jodhpur -> Udaipur -> Indore -> Bhopal -> Jabalpur,electronics,23673.6,3
2922,7.86,5,True,581.5,87069.0,1.89,Surat -> Mumbai -> Pune -> Bangalore -> Hubli -> Mangalore,electronics,23674.0,3
2923,44.15,3,True,163.4,43681.0,0.403,Raipur -> Bhubaneswar -> Kolkata -> Patna,fmcg,23674.3,3
2924,-59.3,1,False,191.0,10913.0,0.609,Varanasi -> Ranchi,perishables,23674.4,3
2925,-69.25,6,False,465.3,83232.0,1.019,Amritsar -> Ludhiana -> Delhi -> Bhopal -> Nagpur -> Hyderabad -> Bangalore,fmcg,23675.0,3
2926,-49.91,4,True,678.6,78479.0,0.632,Guwahati -> Kolkata -> Bhubaneswar -> Visakhapatnam -> Chennai,fmcg,23675.3,3
2927,36.51,3,True,236.7,47503.0,0.784,Chennai -> Coimbatore -> Kochi -> Thiruvananthapuram,machinery,23675.6,3
2928,10.04,5,True,550.8,157843.0,0.286,Chennai -> Hyderabad -> Nagpur -> Mumbai -> Surat -> Vadodara,textiles,23676.0,3
2929,24.76,3,True,356.0,48471.0,0.369,Coimbatore -> Bangalore -> Pune -> Nashik,textiles,23676.3,3
2930,-51.18,3,False,173.7,58607.0,0.866,Hubli -> Bangalore -> Hyderabad -> Nagpur,perishables,23676.6,3
2931,-3.16,8,True,759.4,123142.0,1.064,Mangalore -> Mysore -> Bangalore -> Pune -> Nashik -> Ahmedabad -> Jaipur -> Delhi -> Ludhiana,textiles,23677.3,3
2932,41.82,2,True,145.4,50467.0,0.249,Pune -> Bangalore -> Mysore,textiles,23677.5,3
2933,39.78,3,True,184.2,123660.0,0.192,Mangalore -> Hubli -> Bangalore -> Hyderabad,textiles,23677.8,3
2934,43.73,2,True,79.8,31988.0,0.662,Chennai -> Coimbatore -> Bangalore,perishables,23678.0,3
2935,-59.79,3,False,276.2,57581.0,1.277,Hubli -> Bangalore -> Hyderabad -> Nagpur,pharmaceuticals,23678.2,3
2936,12.82,6,True,566.6,134752.0,0.961,Coimbatore -> Bangalore -> Hyderabad -> Nagpur -> Bhopal -> Delhi -> Ludhiana,machinery,23678.9,3
2937,44.31,5,True,189.9,42260.0,0.866,Gwalior -> Bhopal -> Indore -> Ahmedabad -> Vadodara -> Surat,fmcg,23679.3,3
2938,33.55,2,True,227.3,45202.0,0.739,Delhi -> Jaipur -> Indore,electronics,23679.5,3
2939,-44.33,4,True,1071.6,85415.0,1.215,Mangalore -> Hubli -> Bangalore -> Pune -> Mumbai,machinery,23679.9,3
2940,-81.95,4,False,526.8,60550.0,0.813,Udaipur -> Indore -> Bhopal -> Nagpur -> Hyderabad,fmcg,23680.2,3
2941,-67.14,3,False,190.9,30918.0,1.107,Varanasi -> Kanpur -> Lucknow -> Patna,perishables,23680.5,3
2942,21.11,1,True,297.3,83925.0,0.271,Chandigarh -> Delhi,fmcg,23680.6,3
2943,37.68,3,True,175.7,48297.0,0.607,Bangalore -> Pune -> Nashik -> Mumbai,machinery,23680.9,3
2944,-121.59,4,False,916.5,91859.0,1.788,Ranchi -> Bhubaneswar -> Raipur -> Nagpur -> Mumbai,electronics,23681.2,3
2945,42.39,2,True,145.6,29014.0,0.351,Delhi -> Kanpur -> Varanasi,fmcg,23681.4,3
2946,14.35,5,True,533.8,67308.0,0.51,Pune -> Mumbai -> Ahmedabad -> Jaipur -> Delhi -> Kanpur,textiles,23681.9,3
2947,52.61,2,True,45.6,20319.0,0.442,Udaipur -> Indore -> Bhopal,pharmaceuticals,23682.0,3
2948,29.06,5,True,388.1,65187.0,0.343,Surat -> Mumbai -> Nagpur -> Raipur -> Bhubaneswar -> Ranchi,textiles,23682.4,3
2949,-59.8,2,False,219.3,33308.0,0.701,Jabalpur -> Nagpur -> Hyderabad,perishables,23682.7,3
2950,45.79,2,True,104.5,57255.0,0.091,Visakhapatnam -> Chennai -> Bangalore,textiles,23682.9,3
2951,-76.74,1,False,383.7,25170.0,0.315,Kolkata -> Bhubaneswar,fmcg,23683.0,3
2952,-108.41,5,False,811.7,95413.0,1.985,Thiruvananthapuram -> Kochi -> Bangalore -> Hyderabad -> Nagpur -> Bhopal,electronics,23683.4,3
2953,-115.87,2,False,637.6,40413.0,0.883,Patna -> Kolkata -> Bhubaneswar,perishables,23683.6,3
2954,46.78,2,True,104.4,20611.0,0.317,Indore -> Ahmedabad -> Vadodara,machinery,23683.8,3
2955,34.86,6,True,354.7,67552.0,0.998,Mangalore -> Mysore -> Bangalore -> Pune -> Mumbai -> Ahmedabad -> Udaipur,fmcg,23684.3,3
2956,35.54,4,True,218.3,104840.0,0.954,Thiruvananthapuram -> Kochi -> Coimbatore -> Bangalore -> Mysore,machinery,23684.7,3
2957,-3.8,3,True,625.0,50152.0,1.633,Madurai -> Chennai -> Visakhapatnam -> Bhubaneswar,electronics,23684.9,3
2958,32.35,5,True,351.3,76707.0,0.423,Rajkot -> Ahmedabad -> Jaipur -> Delhi -> Ludhiana -> Amritsar,textiles,23685.4,3
2959,-80.55,5,False,393.3,78947.0,0.409,Chennai -> Hyderabad -> Nagpur -> Bhopal -> Gwalior -> Agra,fmcg,23685.9,3
2960,41.8,3,True,178.4,62702.0,0.958,Jabalpur -> Bhopal -> Delhi -> Chandigarh,electronics,23686.1,3
2961,-3.56,4,True,639.0,181142.0,0.446,Jaipur -> Delhi -> Kanpur -> Varanasi -> Ranchi,textiles,23686.5,3
2962,-12.0,2,True,261.1,62775.0,0.914,Delhi -> Bhopal -> Jabalpur,pharmaceuticals,23686.7,3
2963,33.62,3,True,256.2,80511.0,0.585,Jabalpur -> Bhopal -> Gwalior -> Agra,fmcg,23687.0,3
2964,47.33,2,True,100.4,17168.0,0.244,Ahmedabad -> Nashik -> Pune,fmcg,23687.2,3
2965,-103.17,2,False,613.3,68348.0,0.715,Hyderabad -> Nagpur -> Mumbai,pharmaceuticals,23687.3,3
2966,34.7,3,True,252.2,56691.0,0.772,Jabalpur -> Bhopal -> Delhi -> Ludhiana,machinery,23687.7,3
2967,49.46,4,True,147.7,36970.0,1.333,Udaipur -> Jodhpur -> Jaipur -> Delhi -> Agra,electronics,23688.0,3
2968,-57.68,4,True,753.1,179564.0,2.104,Guwahati -> Kolkata -> Patna -> Lucknow -> Agra,electronics,23688.3,3
2969,-4.14,5,True,699.6,121073.0,1.094,Jaipur -> Delhi -> Bhopal -> Nagpur -> Hyderabad -> Visakhapatnam,machinery,23688.8,3
2970,40.66,5,True,219.4,67173.0,0.784,Raipur -> Jabalpur -> Bhopal -> Gwalior -> Agra -> Lucknow,fmcg,23689.3,3
2971,21.97,4,True,405.5,105464.0,0.636,Delhi -> Bhopal -> Nagpur -> Hyderabad -> Bangalore,machinery,23689.7,3
2972,24.59,6,True,450.5,109380.0,2.163,Pune -> Mumbai -> Ahmedabad -> Jaipur -> Delhi -> Kanpur -> Varanasi,electronics,23690.2,3
2973,-50.29,2,False,146.2,40226.0,0.785,Rajkot -> Ahmedabad -> Jaipur,perishables,23690.3,3
2974,41.3,2,True,153.7,33868.0,0.639,Delhi -> Jaipur -> Ahmedabad,electronics,23690.5,3
2975,-126.07,2,False,849.7,50157.0,0.626,Kolkata -> Bhubaneswar -> Visakhapatnam,fmcg,23690.8,3
2976,16.07,6,True,551.5,84652.0,0.492,Ranchi -> Bhubaneswar -> Visakhapatnam -> Chennai -> Bangalore -> Mysore -> Mangalore,textiles,23691.3,3
2977,51.34,1,True,22.1,13175.0,0.102,Nashik -> Ahmedabad,perishables,23691.3,3
2978,38.13,4,True,217.7,192299.0,0.674,Kolkata -> Patna -> Lucknow -> Agra -> Gwalior,machinery,23691.7,3
2979,52.3,2,True,48.7,14453.0,0.792,Gwalior -> Agra -> Kanpur,pharmaceuticals,23691.9,3
2980,22.18,5,True,398.2,84385.0,0.944,Bangalore -> Hyderabad -> Nagpur -> Bhopal -> Indore -> Jaipur,machinery,23692.3,3
2981,50.49,1,True,32.3,8285.0,0.059,Jaipur -> Delhi,fmcg,23692.4,3
2982,36.8,4,True,267.8,63191.0,0.684,Hyderabad -> Nagpur -> Bhopal -> Gwalior -> Agra,fmcg,23692.8,3
2983,46.56,4,True,178.0,49086.0,0.335,Vadodara -> Surat -> Mumbai -> Nagpur -> Raipur,textiles,23693.2,3
2984,38.65,3,True,212.7,44969.0,1.467,Bhopal -> Nagpur -> Mumbai -> Surat,electronics,23693.4,3
2985,47.17,2,True,95.5,38460.0,0.262,Visakhapatnam -> Chennai -> Coimbatore,machinery,23693.6,3
2986,9.87,6,True,559.5,212099.0,3.01,Thiruvananthapuram -> Kochi -> Bangalore -> Pune -> Nashik -> Ahmedabad -> Jaipur,electronics,23694.1,3
2987,29.65,3,True,288.2,92229.0,1.538,Kanpur -> Varanasi -> Ranchi -> Bhubaneswar,electronics,23694.4,3
2988,-71.16,4,False,426.7,77194.0,0.465,Amritsar -> Ludhiana -> Delhi -> Jaipur -> Ahmedabad,fmcg,23694.8,3
2989,31.35,2,True,256.4,22664.0,0.651,Ahmedabad -> Udaipur -> Jodhpur,machinery,23695.0,3
2990,34.95,4,True,264.6,116634.0,2.177,Ranchi -> Varanasi -> Kanpur -> Delhi -> Jaipur,electronics,23695.3,3
2991,41.85,4,True,202.9,120943.0,0.47,Madurai -> Chennai -> Visakhapatnam -> Bhubaneswar -> Kolkata,machinery,23695.7,3
2992,-98.77,2,False,565.7,50655.0,0.311,Patna -> Lucknow -> Delhi,fmcg,23695.9,3
2993,-76.52,2,False,299.9,241680.0,0.18,Kanpur -> Delhi -> Bhopal,perishables,23696.1,3
2994,-17.89,6,True,878.1,118129.0,1.073,Thiruvananthapuram -> Kochi -> Bangalore -> Hyderabad -> Nagpur -> Bhopal -> Indore,machinery,23696.7,3
2995,39.03,2,True,175.7,44781.0,0.123,Guwahati -> Kolkata -> Bhubaneswar,textiles,23696.8,3
2996,38.45,4,True,236.6,65140.0,1.594,Jaipur -> Delhi -> Kanpur -> Varanasi -> Ranchi,pharmaceuticals,23697.2,3
2997,-6.21,5,True,711.0,99886.0,1.927,Hubli -> Bangalore -> Hyderabad -> Visakhapatnam -> Bhubaneswar -> Ranchi,electronics,23697.7,3
2998,-53.93,1,False,148.7,24284.0,0.35,Lucknow -> Delhi,perishables,23697.8,3
2999,-77.86,3,False,459.7,43262.0,0.563,Kolkata -> Bhubaneswar -> Visakhapatnam -> Chennai,fmcg,23698.0,3
3000,42.01,1,True,114.0,16205.0,0.206,Patna -> Lucknow,fmcg,23698.1,3
3001,-75.88,5,True,1399.3,189285.0,0.543,Kochi -> Bangalore -> Pune -> Mumbai -> Surat -> Vadodara,textiles,23702.2,3
3002,-14.05,4,True,297.5,62779.0,1.18,Delhi -> Kanpur -> Varanasi -> Patna -> Kolkata,pharmaceuticals,23702.5,3
3003,-10.57,6,True,745.3,145752.0,1.321,Coimbatore -> Chennai -> Bangalore -> Pune -> Nashik -> Ahmedabad -> Rajkot,machinery,23703.1,3
3004,-18.81,2,True,280.4,58107.0,0.957,Mumbai -> Pune -> Bangalore,perishables,23703.3,3
3005,32.42,4,True,297.5,98722.0,0.527,Ranchi -> Bhubaneswar -> Raipur -> Jabalpur -> Bhopal,fmcg,23703.6,3
3006,-90.94,3,False,572.4,61129.0,0.624,Mangalore -> Mysore -> Bangalore -> Pune,fmcg,23703.9,3
3007,38.47,4,True,258.3,43697.0,0.639,Ranchi -> Varanasi -> Kanpur -> Delhi -> Ludhiana,fmcg,23704.5,3
3008,49.55,1,True,35.6,28668.0,0.058,Hyderabad -> Bangalore,textiles,23704.6,3
3009,-52.53,1,False,136.9,34528.0,0.077,Ahmedabad -> Jaipur,perishables,23704.7,3
3010,-113.65,5,False,602.0,103238.0,0.639,Kanpur -> Lucknow -> Patna -> Kolkata -> Guwahati -> Kolkata,fmcg,23705.2,3
3011,-87.47,2,False,442.6,35075.0,1.173,Nagpur -> Jabalpur -> Bhopal,pharmaceuticals,23705.4,3
3012,-42.15,4,True,1047.7,105259.0,0.449,Coimbatore -> Bangalore -> Pune -> Mumbai -> Ahmedabad,textiles,23705.8,3
3013,-22.26,3,True,394.3,60449.0,0.555,Chennai -> Visakhapatnam -> Bhubaneswar -> Kolkata,fmcg,23706.1,3
3014,19.85,5,True,468.1,62781.0,2.909,Ahmedabad -> Mumbai -> Pune -> Bangalore -> Kochi -> Thiruvananthapuram,electronics,23706.6,3
3015,29.38,3,True,300.4,58343.0,0.574,Chennai -> Visakhapatnam -> Bhubaneswar -> Kolkata,fmcg,23706.9,3
3016,-69.67,4,False,369.8,66395.0,0.768,Varanasi -> Kanpur -> Delhi -> Bhopal -> Nagpur,fmcg,25158.3,3
3017,-136.01,2,False,937.0,84367.0,0.337,Nashik -> Pune -> Bangalore,fmcg,25158.5,3
3018,52.24,1,True,13.2,14232.0,0.03,Delhi -> Jaipur,perishables,25158.6,3
3019,45.62,2,True,113.9,31006.0,0.116,Mangalore -> Hubli -> Bangalore,textiles,25158.8,3
3020,-103.66,3,False,537.1,54780.0,0.405,Varanasi -> Kanpur -> Delhi -> Bhopal,perishables,25159.1,3
3021,16.45,3,True,436.5,53064.0,0.619,Mumbai -> Pune -> Bangalore -> Coimbatore,machinery,25159.4,3
3022,-76.15,2,False,342.0,34625.0,0.616,Vadodara -> Ahmedabad -> Jaipur,perishables,25159.6,3
3023,47.64,3,True,120.5,70452.0,0.389,Jabalpur -> Nagpur -> Hyderabad -> Chennai,machinery,25159.8,3
3024,-56.67,3,False,252.6,41269.0,1.527,Bhopal -> Nagpur -> Hyderabad -> Bangalore,pharmaceuticals,25160.1,3
3025,-68.86,7,True,879.2,108436.0,3.538,Indore -> Bhopal -> Jabalpur -> Nagpur -> Hyderabad -> Bangalore -> Mysore -> Madurai,electronics,25160.8,3
3026,49.03,2,True,81.7,21919.0,0.282,Chandigarh -> Delhi -> Agra,machinery,25160.9,3
3027,-57.63,3,False,257.1,55354.0,0.97,Ludhiana -> Delhi -> Bhopal -> Nagpur,pharmaceuticals,25161.2,3
3028,41.09,4,True,233.6,44125.0,0.462,Agra -> Gwalior -> Bhopal -> Jabalpur -> Raipur,fmcg,25161.6,3
3029,-65.04,7,True,1294.8,258168.0,1.617,Lucknow -> Delhi -> Bhopal -> Jabalpur -> Nagpur -> Hyderabad -> Bangalore -> Mysore,machinery,25162.2,3
3030,36.59,3,True,180.6,48944.0,1.352,Hyderabad -> Bangalore -> Pune -> Mumbai,pharmaceuticals,25162.5,3
3031,-91.66,5,False,586.8,128801.0,0.691,Agra -> Delhi -> Kanpur -> Varanasi -> Ranchi -> Bhubaneswar,fmcg,25162.9,3
3032,-57.43,3,False,260.5,48456.0,0.767,Coimbatore -> Bangalore -> Hyderabad -> Nagpur,pharmaceuticals,25163.2,3
3033,-19.75,3,True,361.2,139977.0,0.421,Ahmedabad -> Mumbai -> Pune -> Bangalore,fmcg,25163.5,3
3034,-55.03,7,True,1233.4,128049.0,1.699,Thiruvananthapuram -> Kochi -> Coimbatore -> Bangalore -> Pune -> Mumbai -> Surat -> Vadodara,machinery,25164.1,3
3035,41.36,2,True,152.7,42293.0,0.211,Varanasi -> Kanpur -> Delhi,machinery,25164.3,3
3036,44.32,2,True,129.5,19719.0,0.28,Hyderabad -> Bangalore -> Mysore,fmcg,25164.5,3
3037,32.01,3,True,283.6,36055.0,0.395,Vadodara -> Ahmedabad -> Indore -> Bhopal,fmcg,25164.7,3
3038,42.2,4,True,202.6,72004.0,1.599,Bhubaneswar -> Visakhapatnam -> Hyderabad -> Bangalore -> Hubli,pharmaceuticals,25165.1,3
3039,15.43,5,True,492.2,157354.0,1.265,Indore -> Bhopal -> Nagpur -> Hyderabad -> Chennai -> Madurai,electronics,25165.5,3
3040,35.99,3,True,243.5,43891.0,0.676,Chennai -> Hyderabad -> Nagpur -> Bhopal,machinery,25165.8,3
3041,10.3,4,True,528.2,65349.0,1.57,Udaipur -> Indore -> Bhopal -> Nagpur -> Hyderabad,electronics,25166.2,3
3042,-52.01,3,False,186.9,46231.0,1.014,Mysore -> Bangalore -> Hyderabad -> Nagpur,perishables,25166.4,3
3043,34.34,2,True,222.5,39252.0,0.451,Hubli -> Bangalore -> Kochi,machinery,25166.7,3
3044,-52.68,2,False,164.7,30693.0,0.674,Varanasi -> Ranchi -> Bhubaneswar,perishables,25166.8,3
3045,-46.41,6,True,1092.7,189356.0,0.92,Visakhapatnam -> Chennai -> Hyderabad -> Nagpur -> Bhopal -> Indore -> Udaipur,textiles,25167.5,3
3046,13.31,4,True,492.8,81445.0,1.941,Madurai -> Chennai -> Hyderabad -> Nagpur -> Bhopal,electronics,25167.8,3
3047,30.04,4,True,340.5,56452.0,0.432,Jodhpur -> Jaipur -> Delhi -> Kanpur -> Varanasi,textiles,25168.2,3
3048,-70.69,3,False,358.3,62497.0,1.543,Lucknow -> Delhi -> Bhopal -> Nagpur,pharmaceuticals,25168.5,3
3049,-113.6,2,False,598.5,140869.0,0.755,Mysore -> Bangalore -> Kochi,perishables,25168.6,3
3050,45.06,4,True,192.6,46617.0,0.56,Agra -> Delhi -> Jaipur -> Jodhpur -> Udaipur,machinery,25169.0,3
3051,50.34,1,True,32.8,9122.0,0.202,Delhi -> Jaipur,machinery,25169.2,3
3052,27.78,5,True,363.5,166037.0,1.792,Bangalore -> Hyderabad -> Nagpur -> Bhopal -> Delhi -> Kanpur,electronics,25169.6,3
3053,46.46,2,True,96.5,46562.0,0.135,Mumbai -> Nagpur -> Bhopal,perishables,25169.8,3
3054,0.15,5,True,604.3,84708.0,2.64,Chandigarh -> Ludhiana -> Delhi -> Jaipur -> Ahmedabad -> Mumbai,electronics,25170.3,3
3055,11.45,2,True,449.3,42998.0,0.667,Jabalpur -> Nagpur -> Mumbai,machinery,25170.4,3
3056,33.05,4,True,312.9,49140.0,0.382,Ludhiana -> Delhi -> Jaipur -> Ahmedabad -> Vadodara,textiles,25170.8,3
3057,31.01,2,True,248.9,58364.0,0.686,Varanasi -> Kanpur -> Lucknow,machinery,25171.1,3
3058,-60.1,5,True,1247.4,160551.0,1.094,Coimbatore -> Bangalore -> Pune -> Mumbai -> Ahmedabad -> Jaipur,machinery,25171.6,3
3059,-131.98,6,False,1060.8,129548.0,2.57,Guwahati -> Kolkata -> Bhubaneswar -> Visakhapatnam -> Hyderabad -> Bangalore -> Kochi,electronics,25172.1,3
3060,-59.48,2,True,670.3,43781.0,1.54,Kolkata -> Bhubaneswar -> Raipur,pharmaceuticals,25172.3,3
3061,-67.4,1,False,284.0,20039.0,0.945,Gwalior -> Bhopal,pharmaceuticals,25172.4,3
3062,37.48,3,True,233.4,32715.0,0.388,Kochi -> Bangalore -> Hubli -> Mangalore,fmcg,25172.7,3
3063,47.2,1,True,63.2,12447.0,0.203,Thiruvananthapuram -> Kochi,textiles,25172.8,3
3064,22.16,3,True,358.0,126303.0,0.504,Nagpur -> Hyderabad -> Chennai -> Madurai,machinery,25173.0,3
3065,-47.33,9,True,1166.5,187381.0,2.106,Lucknow -> Kanpur -> Agra -> Gwalior -> Bhopal -> Nagpur -> Hyderabad -> Bangalore -> Mysore -> Mangalore,machinery,25173.8,3
3066,-57.58,4,False,273.5,58715.0,1.922,Vadodara -> Ahmedabad -> Jaipur -> Delhi -> Kanpur,pharmaceuticals,25174.2,3
3067,49.11,3,True,113.8,39542.0,0.639,Delhi -> Jaipur -> Ahmedabad -> Nashik,pharmaceuticals,25174.5,3
3068,8.07,5,True,591.5,81336.0,0.676,Coimbatore -> Chennai -> Visakhapatnam -> Bhubaneswar -> Ranchi -> Patna,textiles,25174.9,3
3069,-98.27,4,False,554.2,54578.0,1.56,Varanasi -> Kanpur -> Agra -> Gwalior -> Bhopal,pharmaceuticals,25175.2,3
3070,42.23,4,True,213.9,68091.0,0.679,Pune -> Mumbai -> Ahmedabad -> Jaipur -> Delhi,machinery,25175.6,3
3071,39.48,2,True,147.2,119177.0,0.44,Ludhiana -> Delhi -> Bhopal,electronics,25175.8,3
3072,50.16,3,True,103.6,39215.0,0.608,Ahmedabad -> Indore -> Bhopal -> Jabalpur,pharmaceuticals,25176.0,3
3073,-89.42,2,False,500.6,42590.0,1.089,Hubli -> Bangalore -> Hyderabad,pharmaceuticals,25176.2,3
3074,8.21,5,True,577.9,128649.0,0.289,Patna -> Kolkata -> Bhubaneswar -> Raipur -> Nagpur -> Mumbai,textiles,25176.7,3
3075,44.39,6,True,261.4,98464.0,1.034,Hubli -> Bangalore -> Hyderabad -> Nagpur -> Bhopal -> Delhi -> Kanpur,machinery,25177.2,3
3076,24.67,3,True,354.2,54914.0,0.519,Thiruvananthapuram -> Kochi -> Bangalore -> Hyderabad,machinery,25177.5,3
3077,51.75,2,True,55.3,21608.0,0.152,Jaipur -> Delhi -> Agra,textiles,25177.7,3
3078,-7.35,7,True,642.9,140269.0,1.735,Ludhiana -> Amritsar -> Ludhiana -> Delhi -> Bhopal -> Nagpur -> Hyderabad -> Chennai,electronics,25178.3,3
3079,-2.42,6,True,678.6,262824.0,1.35,Kolkata -> Patna -> Lucknow -> Delhi -> Jaipur -> Jodhpur -> Udaipur,machinery,25178.8,3
3080,52.24,1,True,15.1,4333.0,0.244,Vadodara -> Surat,perishables,25178.9,3
3081,1.89,6,True,630.6,230363.0,1.881,Mysore -> Bangalore -> Hyderabad -> Nagpur -> Bhopal -> Delhi -> Ludhiana,electronics,25179.5,3
3082,48.74,3,True,113.9,58316.0,0.248,Delhi -> Jaipur -> Ahmedabad -> Mumbai,fmcg,25179.8,3
3083,-57.02,1,False,171.1,30210.0,0.215,Ahmedabad -> Mumbai,perishables,25180.0,3
3084,46.81,2,True,102.1,27722.0,0.293,Jaipur -> Delhi -> Chandigarh,machinery,25180.2,3
3085,44.82,4,True,180.9,80201.0,1.385,Jodhpur -> Udaipur -> Ahmedabad -> Nashik -> Pune,electronics,25180.6,3
3086,-70.4,2,False,324.1,106897.0,0.358,Nagpur -> Hyderabad -> Bangalore,pharmaceuticals,25180.8,3
3087,35.41,5,True,292.9,164183.0,0.741,Raipur -> Nagpur -> Hyderabad -> Bangalore -> Mysore -> Mangalore,machinery,25181.2,3
3088,-50.38,1,False,121.6,31574.0,0.03,Hyderabad -> Chennai,perishables,25181.3,3
3089,-65.46,4,False,307.5,74691.0,1.254,Kolkata -> Bhubaneswar -> Raipur -> Nagpur -> Hyderabad,pharmaceuticals,25181.7,3
3090,-48.14,2,False,135.4,21643.0,0.478,Rajkot -> Surat -> Mumbai,perishables,25181.8,3
3091,52.13,1,True,15.2,8185.0,0.203,Varanasi -> Patna,pharmaceuticals,25181.9,3
3092,35.51,3,True,231.5,83072.0,1.695,Agra -> Gwalior -> Bhopal -> Jabalpur,electronics,25182.2,3
3093,20.63,3,True,344.6,48843.0,0.896,Delhi -> Bhopal -> Jabalpur -> Nagpur,machinery,25182.5,3
3094,29.06,6,True,408.9,117608.0,1.043,Ludhiana -> Delhi -> Bhopal -> Nagpur -> Hyderabad -> Chennai -> Madurai,machinery,25183.0,3
3095,37.58,4,True,209.6,76519.0,0.335,Raipur -> Jabalpur -> Bhopal -> Indore -> Ahmedabad,textiles,25183.4,3
3096,31.49,5,True,346.9,91982.0,2.128,Mangalore -> Mysore -> Bangalore -> Pune -> Mumbai -> Ahmedabad,electronics,25183.8,3
3097,49.26,4,True,149.5,52339.0,0.434,Raipur -> Nagpur -> Hyderabad -> Bangalore -> Mysore,fmcg,25184.2,3
3098,50.01,2,True,67.7,37716.0,0.18,Jaipur -> Ahmedabad -> Mumbai,machinery,25184.3,3
3099,-0.56,4,True,630.6,64972.0,1.684,Bhubaneswar -> Visakhapatnam -> Chennai -> Coimbatore -> Kochi,electronics,25184.7,3
3100,-69.28,1,False,227.3,18563.0,0.419,Ranchi -> Varanasi,perishables,25184.8,3
3101,52.84,1,True,9.4,2766.0,0.272,Kanpur -> Lucknow,perishables,25188.7,3
3102,-67.5,4,False,143.3,44862.0,0.775,Delhi -> Bhopal -> Gwalior -> Agra -> Delhi,perishables,25189.1,3
3103,-85.52,1,False,380.1,50301.0,0.254,Bangalore -> Pune,perishables,25189.2,3
3104,-108.69,2,False,730.3,60464.0,1.181,Raipur -> Nagpur -> Mumbai,electronics,25189.4,3
3105,-147.69,2,False,874.9,49373.0,0.705,Nashik -> Mumbai -> Nagpur,perishables,25189.6,3
3106,48.73,1,True,47.4,10914.0,0.405,Ahmedabad -> Indore,electronics,25189.7,3
3107,-25.42,4,True,443.8,37735.0,2.507,Jabalpur -> Bhopal -> Indore -> Ahmedabad -> Vadodara,pharmaceuticals,25190.0,3
3108,-43.7,3,False,121.2,48435.0,0.525,Coimbatore -> Chennai -> Visakhapatnam -> Bhubaneswar,perishables,25190.3,3
3109,-53.83,4,False,245.1,61167.0,1.495,Jodhpur -> Jaipur -> Delhi -> Kanpur -> Varanasi,pharmaceuticals,25190.7,3
3110,-98.47,1,False,480.7,31190.0,0.478,Guwahati -> Kolkata,perishables,25190.8,3
3111,33.69,4,True,204.5,48910.0,0.788,Surat -> Vadodara -> Ahmedabad -> Nashik -> Pune,machinery,25191.2,3
3112,29.1,5,True,378.5,64522.0,2.232,Jabalpur -> Nagpur -> Hyderabad -> Bangalore -> Mysore -> Mangalore,electronics,25191.7,3
3113,21.39,3,True,382.8,41391.0,2.184,Visakhapatnam -> Chennai -> Coimbatore -> Kochi,electronics,25192.0,3
3114,51.51,1,True,21.9,7921.0,0.135,Ranchi -> Patna,pharmaceuticals,25192.1,3
3115,44.4,4,True,203.0,32166.0,0.67,Jabalpur -> Bhopal -> Indore -> Ahmedabad -> Rajkot,fmcg,25192.5,3
3116,-56.6,2,False,150.3,197865.0,0.549,Visakhapatnam -> Hyderabad -> Nagpur,perishables,25192.6,3
3117,-50.95,2,False,149.4,27948.0,0.448,Ludhiana -> Delhi -> Jaipur,perishables,25192.8,3
3118,-40.77,5,True,969.1,101861.0,1.616,Lucknow -> Kanpur -> Varanasi -> Patna -> Kolkata -> Guwahati,machinery,25193.3,3
3119,34.51,2,True,225.1,29165.0,0.226,Surat -> Rajkot -> Ahmedabad,fmcg,25193.5,3
3120,19.37,4,True,441.5,69672.0,0.772,Udaipur -> Indore -> Bhopal -> Delhi -> Ludhiana,machinery,25193.8,3
3121,-17.79,3,True,368.0,49549.0,0.429,Kanpur -> Delhi -> Bhopal -> Nagpur,fmcg,25194.1,3
3122,29.87,2,True,266.7,36090.0,0.738,Delhi -> Kanpur -> Varanasi,machinery,25194.3,3
3123,-65.63,2,True,761.5,52986.0,0.454,Coimbatore -> Bangalore -> Pune,fmcg,25194.5,3
3124,-58.8,2,False,240.6,37409.0,0.799,Coimbatore -> Bangalore -> Hyderabad,pharmaceuticals,25194.7,3
3125,6.51,6,True,625.8,86870.0,3.268,Bhubaneswar -> Ranchi -> Varanasi -> Kanpur -> Delhi -> Ludhiana -> Amritsar,electronics,25195.2,3
3126,48.72,2,True,83.1,20602.0,0.707,Kanpur -> Agra -> Gwalior,electronics,25195.4,3
3127,48.24,3,True,123.9,40938.0,0.27,Indore -> Jaipur -> Delhi -> Chandigarh,fmcg,25195.6,3
3128,48.62,2,True,84.2,19205.0,0.769,Hubli -> Bangalore -> Coimbatore,electronics,25195.8,3
3129,15.97,2,True,380.1,115695.0,1.1,Hyderabad -> Visakhapatnam -> Bhubaneswar,electronics,25196.0,3
3130,47.65,3,True,115.5,48646.0,0.583,Raipur -> Jabalpur -> Bhopal -> Gwalior,perishables,25196.3,3
3131,31.06,4,True,328.6,56957.0,0.745,Chandigarh -> Delhi -> Jaipur -> Ahmedabad -> Mumbai,machinery,25196.6,3
3132,43.96,1,True,92.3,12328.0,0.317,Bhubaneswar -> Ranchi,perishables,25196.7,3
3133,36.7,3,True,233.8,46310.0,1.056,Patna -> Lucknow -> Delhi -> Chandigarh,electronics,25197.0,3
3134,48.93,3,True,117.3,36004.0,0.531,Indore -> Bhopal -> Jabalpur -> Raipur,electronics,25197.3,3
3135,7.36,3,True,120.1,29888.0,0.569,Jodhpur -> Jaipur -> Delhi -> Agra,perishables,25197.5,3
3136,52.83,2,True,41.5,21228.0,0.766,Jaipur -> Ahmedabad -> Vadodara,electronics,25197.7,3
3137,-47.44,3,True,594.2,199699.0,0.472,Nagpur -> Hyderabad -> Bangalore -> Kochi,fmcg,25198.0,3
3138,47.69,3,True,110.9,91226.0,0.974,Kanpur -> Delhi -> Ludhiana -> Amritsar,pharmaceuticals,25198.3,3
3139,-62.93,2,True,617.0,31566.0,0.945,Agra -> Delhi -> Ludhiana,perishables,25198.5,3
3140,9.65,5,True,561.6,85799.0,2.581,Jodhpur -> Udaipur -> Indore -> Bhopal -> Nagpur -> Hyderabad,electronics,25198.9,3
3141,36.03,2,True,203.3,52515.0,0.145,Mumbai -> Nagpur -> Hyderabad,textiles,25199.1,3
3142,42.26,4,True,220.9,43890.0,0.656,Varanasi -> Kanpur -> Delhi -> Ludhiana -> Amritsar,fmcg,25199.5,3
3143,39.63,3,True,203.5,25084.0,1.353,Udaipur -> Ahmedabad -> Vadodara -> Surat,pharmaceuticals,25199.8,3
3144,-44.07,3,False,127.5,38077.0,0.937,Nashik -> Ahmedabad -> Jaipur -> Delhi,perishables,25200.1,3
3145,37.56,4,True,197.5,81019.0,1.539,Kanpur -> Agra -> Gwalior -> Bhopal -> Nagpur,pharmaceuticals,25200.5,3
3146,9.98,5,True,562.0,95066.0,1.293,Mysore -> Bangalore -> Pune -> Nashik -> Ahmedabad -> Jaipur,electronics,25200.9,3
3147,47.47,2,True,96.1,21004.0,0.581,Indore -> Bhopal -> Gwalior,machinery,25201.0,3
3148,-66.22,3,False,332.9,55063.0,1.07,Bangalore -> Chennai -> Visakhapatnam -> Bhubaneswar,pharmaceuticals,25201.3,3
3149,-21.69,5,True,884.4,99475.0,0.537,Mangalore -> Mysore -> Bangalore -> Hyderabad -> Visakhapatnam -> Bhubaneswar,textiles,25201.7,3
3150,33.92,4,True,297.4,49037.0,0.576,Amritsar -> Ludhiana -> Delhi -> Jaipur -> Ahmedabad,fmcg,25202.1,3
3151,25.28,3,True,339.4,67728.0,1.5,Visakhapatnam -> Chennai -> Bangalore -> Hubli,electronics,25202.4,3
3152,-28.84,9,True,842.2,499569.0,1.284,Guwahati -> Kolkata -> Patna -> Lucknow -> Agra -> Delhi -> Jaipur -> Ahmedabad -> Vadodara -> Surat,machinery,25203.1,3
3153,52.93,1,True,7.6,2942.0,0.438,Kanpur -> Lucknow,electronics,25203.2,3
3154,0.73,5,True,252.7,53072.0,1.626,Surat -> Vadodara -> Ahmedabad -> Jaipur -> Delhi -> Ludhiana,pharmaceuticals,25203.6,3
3155,-22.76,3,True,402.9,86749.0,0.37,Jabalpur -> Bhopal -> Delhi -> Ludhiana,fmcg,25203.9,3
3156,36.46,4,True,271.1,68342.0,0.332,Vadodara -> Ahmedabad -> Mumbai -> Nagpur -> Hyderabad,fmcg,25204.3,3
3157,18.38,2,True,384.9,28379.0,0.553,Indore -> Udaipur -> Jodhpur,machinery,25204.4,3
3158,-47.63,2,False,131.8,23150.0,0.306,Mysore -> Bangalore -> Chennai,perishables,25204.6,3
3159,-23.53,7,True,859.2,329066.0,1.484,Jodhpur -> Jaipur -> Delhi -> Bhopal -> Nagpur -> Hyderabad -> Bangalore -> Hubli,machinery,25205.2,3
3160,52.54,2,True,42.1,36047.0,0.337,Indore -> Ahmedabad -> Nashik,pharmaceuticals,25205.4,3
3161,36.24,1,True,174.0,7287.0,0.285,Amritsar -> Ludhiana,fmcg,25205.5,3
3162,-91.22,3,False,546.0,57802.0,1.175,Rajkot -> Surat -> Mumbai -> Nagpur,pharmaceuticals,25205.8,3
3163,28.41,4,True,309.9,43730.0,0.569,Agra -> Kanpur -> Varanasi -> Patna -> Kolkata,textiles,25206.2,3
3164,-47.5,3,False,121.5,29502.0,0.425,Patna -> Varanasi -> Kanpur -> Delhi,perishables,25206.4,3
3165,-40.42,4,False,129.2,41423.0,1.157,Amritsar -> Ludhiana -> Delhi -> Jaipur -> Ahmedabad,perishables,25206.8,3
3166,-23.12,6,True,498.7,134920.0,0.514,Kanpur -> Delhi -> Bhopal -> Nagpur -> Hyderabad -> Bangalore -> Kochi,fmcg,25207.4,3
3167,18.96,4,True,437.5,82644.0,1.631,Hyderabad -> Nagpur -> Bhopal -> Delhi -> Kanpur,electronics,25207.7,3
3168,-55.16,1,False,161.4,6767.0,0.479,Mangalore -> Mysore,perishables,25207.8,3
3169,21.8,3,True,382.9,49929.0,0.83,Hyderabad -> Nagpur -> Bhopal -> Delhi,machinery,25208.1,3
3170,-56.09,3,False,173.6,72736.0,1.139,Kanpur -> Agra -> Delhi -> Bhopal,perishables,25208.4,3
3171,-54.85,3,False,204.3,42784.0,1.239,Patna -> Kolkata -> Bhubaneswar -> Visakhapatnam,perishables,25208.7,3
3172,36.73,4,True,269.1,60023.0,0.744,Agra -> Delhi -> Jaipur -> Ahmedabad -> Nashik,fmcg,25209.0,3
3173,-66.93,2,False,308.6,41210.0,0.972,Delhi -> Bhopal -> Nagpur,pharmaceuticals,26661.8,3
3174,-109.67,5,False,767.6,131180.0,1.788,Jaipur -> Delhi -> Bhopal -> Nagpur -> Hyderabad -> Bangalore,electronics,26662.3,3
3175,34.32,3,True,256.1,52250.0,1.005,Delhi -> Jaipur -> Ahmedabad -> Mumbai,electronics,26662.5,3
3176,41.35,3,True,185.4,47182.0,1.402,Raipur -> Jabalpur -> Bhopal -> Gwalior,electronics,26662.8,3
3177,-13.81,2,True,689.0,39356.0,1.394,Kochi -> Bangalore -> Hubli,electronics,26663.0,3
3178,-51.14,4,False,167.7,45768.0,0.924,Indore -> Bhopal -> Gwalior -> Agra -> Kanpur,perishables,26663.4,3
3179,56.23,3,True,40.0,43758.0,0.912,Amritsar -> Ludhiana -> Delhi -> Agra,pharmaceuticals,26663.6,3
3180,-78.54,1,False,398.7,30951.0,0.21,Coimbatore -> Chennai,fmcg,26663.7,3
3181,-74.86,7,True,1423.2,153816.0,1.853,Indore -> Bhopal -> Nagpur -> Mumbai -> Pune -> Bangalore -> Kochi -> Thiruvananthapuram,machinery,26664.4,3
3182,-3.68,7,True,725.8,121541.0,0.898,Madurai -> Chennai -> Hyderabad -> Nagpur -> Bhopal -> Gwalior -> Agra -> Lucknow,textiles,26665.0,3
3183,-98.45,4,False,660.0,93906.0,0.632,Varanasi -> Ranchi -> Bhubaneswar -> Visakhapatnam -> Chennai,fmcg,26665.3,3
3184,-50.94,2,False,127.2,148908.0,0.638,Hubli -> Bangalore -> Pune,perishables,26665.5,3
3185,-112.31,5,False,802.9,94663.0,1.638,Rajkot -> Ahmedabad -> Mumbai -> Nagpur -> Hyderabad -> Bangalore,electronics,26665.9,3
3186,49.31,3,True,105.7,39545.0,0.42,Raipur -> Nagpur -> Hyderabad -> Bangalore,perishables,26666.2,3
3187,-8.41,7,True,805.5,177756.0,1.054,Thiruvananthapuram -> Kochi -> Coimbatore -> Chennai -> Visakhapatnam -> Bhubaneswar -> Kolkata -> Guwahati,machinery,26666.8,3
3188,-69.85,4,False,318.1,146245.0,2.235,Raipur -> Jabalpur -> Bhopal -> Indore -> Ahmedabad,pharmaceuticals,26667.1,3
3189,37.43,4,True,265.9,47516.0,1.122,Hyderabad -> Nagpur -> Bhopal -> Indore -> Udaipur,machinery,26667.5,3
3190,42.97,3,True,170.0,47110.0,1.177,Delhi -> Jaipur -> Ahmedabad -> Nashik,pharmaceuticals,26667.8,3
3191,43.11,1,True,103.9,13260.0,0.21,Indore -> Ahmedabad,textiles,26667.9,3
3192,-77.64,3,False,426.8,55743.0,1.93,Guwahati -> Kolkata -> Bhubaneswar -> Visakhapatnam,pharmaceuticals,26668.2,3
3193,-76.73,3,False,389.4,182366.0,1.251,Thiruvananthapuram -> Kochi -> Bangalore -> Pune,pharmaceuticals,26668.5,3
3194,15.91,6,True,483.5,122043.0,2.152,Bangalore -> Hyderabad -> Nagpur -> Bhopal -> Delhi -> Kanpur -> Varanasi,electronics,26669.0,3
3195,-104.52,2,False,553.8,38526.0,0.629,Kolkata -> Bhubaneswar -> Raipur,perishables,26669.2,3
3196,37.97,2,True,190.8,24990.0,0.39,Rajkot -> Ahmedabad -> Indore,fmcg,26669.5,3
3197,-88.41,4,False,461.7,84167.0,1.649,Jabalpur -> Nagpur -> Mumbai -> Pune -> Bangalore,pharmaceuticals,26669.8,3
3198,35.86,2,True,212.1,22121.0,0.525,Chennai -> Coimbatore -> Kochi,machinery,26670.0,3
3199,-64.95,2,False,294.2,27169.0,1.234,Jabalpur -> Raipur -> Bhubaneswar,pharmaceuticals,26670.2,3
3200,37.53,2,True,193.0,30588.0,0.508,Ranchi -> Varanasi -> Kanpur,machinery,26670.4,3
3201,-57.25,6,True,1245.5,201278.0,1.327,Ranchi -> Bhubaneswar -> Visakhapatnam -> Chennai -> Madurai -> Mysore -> Mangalore,machinery,26674.9,3
3202,21.92,3,True,380.9,61357.0,0.287,Nashik -> Mumbai -> Nagpur -> Raipur,textiles,26675.1,3
3203,-67.81,7,True,1354.9,150685.0,1.618,Pune -> Mumbai -> Ahmedabad -> Jaipur -> Delhi -> Kanpur -> Lucknow -> Patna,machinery,26675.8,3
3204,-117.59,5,False,904.5,110888.0,2.046,Guwahati -> Kolkata -> Bhubaneswar -> Visakhapatnam -> Chennai -> Coimbatore,electronics,26676.2,3
3205,49.12,1,True,44.4,9120.0,0.329,Kanpur -> Agra,perishables,26676.3,3
3206,20.24,4,True,426.9,94659.0,0.469,Indore -> Ahmedabad -> Nashik -> Pune -> Bangalore,machinery,26676.6,3
3207,-50.24,3,True,650.3,49518.0,0.771,Nashik -> Mumbai -> Nagpur -> Raipur,fmcg,26676.9,3
3208,44.22,3,True,158.4,59490.0,0.31,Nagpur -> Bhopal -> Delhi -> Agra,fmcg,26677.2,3
3209,-61.01,4,False,307.2,74299.0,2.237,Guwahati -> Kolkata -> Patna -> Lucknow -> Agra,pharmaceuticals,26677.7,3
3210,47.26,3,True,82.9,42807.0,0.332,Delhi -> Kanpur -> Varanasi -> Patna,fmcg,26678.0,3
3211,-105.02,3,False,729.5,61518.0,1.948,Hubli -> Bangalore -> Chennai -> Visakhapatnam,electronics,26678.3,3
3212,53.94,2,True,36.3,12926.0,0.085,Rajkot -> Ahmedabad -> Vadodara,textiles,26678.5,3
3213,45.66,1,True,79.1,10893.0,0.21,Bangalore -> Chennai,machinery,26678.6,3
3214,52.86,1,True,8.9,7600.0,0.048,Delhi -> Jaipur,textiles,26678.7,3
3215,49.14,2,True,80.9,20216.0,0.322,Indore -> Bhopal -> Jabalpur,fmcg,26678.9,3
3216,42.86,2,True,139.8,35130.0,0.208,Lucknow -> Delhi -> Chandigarh,machinery,26679.1,3
3217,39.76,3,True,200.6,60867.0,0.709,Nagpur -> Bhopal -> Delhi -> Kanpur,machinery,26679.4,3
3218,-6.5,3,True,247.8,52175.0,1.648,Kanpur -> Varanasi -> Patna -> Kolkata,pharmaceuticals,26679.7,3
3219,-47.75,3,False,120.4,41265.0,0.515,Agra -> Lucknow -> Patna -> Kolkata,perishables,26680.0,3
3220,51.45,1,True,20.4,16224.0,0.045,Jaipur -> Delhi,pharmaceuticals,26680.1,3
3221,-90.76,1,False,420.6,41965.0,0.434,Mumbai -> Nagpur,perishables,26680.2,3
3222,52.38,1,True,10.4,18650.0,0.03,Hyderabad -> Chennai,perishables,26680.3,3
3223,49.08,1,True,44.4,12117.0,0.232,Agra -> Lucknow,machinery,26680.4,3
3224,-33.65,1,True,387.6,244787.0,0.073,Mumbai -> Nagpur,fmcg,26680.5,3
3225,-66.28,6,False,394.7,102737.0,0.729,Guwahati -> Kolkata -> Bhubaneswar -> Visakhapatnam -> Hyderabad -> Nagpur -> Mumbai,fmcg,26681.1,3
3226,41.76,5,True,258.9,71524.0,0.407,Mysore -> Bangalore -> Pune -> Mumbai -> Ahmedabad -> Jaipur,textiles,26681.6,3
3227,-71.93,3,False,400.7,66829.0,0.412,Kolkata -> Bhubaneswar -> Visakhapatnam -> Chennai,fmcg,26681.8,3
3228,-79.89,1,False,390.9,20797.0,0.921,Ranchi -> Bhubaneswar,pharmaceuticals,26681.9,3
3229,-61.23,3,False,216.1,38935.0,0.943,Patna -> Varanasi -> Kanpur -> Delhi,perishables,26682.2,3
3230,44.73,2,True,119.3,40663.0,0.225,Mumbai -> Nagpur -> Jabalpur,fmcg,26682.4,3
3231,-52.96,3,False,155.4,57448.0,0.619,Delhi -> Kanpur -> Varanasi -> Patna,perishables,26682.7,3
3232,38.55,3,True,187.1,150209.0,0.466,Ludhiana -> Delhi -> Bhopal -> Nagpur,electronics,26683.0,3
3233,40.36,2,True,162.5,26069.0,1.205,Delhi -> Kanpur -> Varanasi,electronics,26683.2,3
3234,-24.51,9,True,872.4,242026.0,2.021,Mysore -> Bangalore -> Pune -> Mumbai -> Ahmedabad -> Jaipur -> Delhi -> Kanpur -> Varanasi -> Patna,machinery,26683.9,3
3235,-68.11,3,False,364.5,74252.0,0.354,Madurai -> Chennai -> Bangalore -> Pune,fmcg,26684.2,3
3236,31.39,2,True,246.9,60474.0,0.213,Pune -> Bangalore -> Hyderabad,fmcg,26684.4,3
3237,50.16,1,True,35.1,7281.0,0.223,Vadodara -> Ahmedabad,pharmaceuticals,26684.5,3
3238,-60.97,1,False,203.0,13677.0,0.598,Coimbatore -> Chennai,perishables,26684.6,3
3239,7.43,5,True,590.6,98943.0,1.073,Hubli -> Bangalore -> Hyderabad -> Nagpur -> Bhopal -> Delhi,machinery,26685.0,3
3240,-0.54,3,True,179.8,24916.0,1.014,Coimbatore -> Bangalore -> Mysore -> Mangalore,perishables,26685.3,3
3241,-8.57,6,True,794.2,94942.0,0.611,Thiruvananthapuram -> Kochi -> Coimbatore -> Chennai -> Visakhapatnam -> Bhubaneswar -> Ranchi,textiles,26685.8,3
3242,12.21,5,True,491.9,84331.0,2.136,Bangalore -> Hyderabad -> Nagpur -> Bhopal -> Indore -> Udaipur,electronics,26686.2,3
3243,41.22,2,True,154.7,39834.0,0.227,Patna -> Lucknow -> Delhi,textiles,26686.4,3
3244,39.45,2,True,171.7,27391.0,0.99,Bhopal -> Delhi -> Chandigarh,pharmaceuticals,26686.6,3
3245,-82.31,2,False,383.5,55089.0,0.65,Mumbai -> Pune -> Bangalore,perishables,26686.8,3
3246,24.15,3,True,359.8,43630.0,1.112,Nagpur -> Bhopal -> Indore -> Udaipur,machinery,26687.1,3
3247,45.93,2,True,110.3,19975.0,0.873,Udaipur -> Ahmedabad -> Nashik,electronics,26687.3,3
3248,-68.29,2,False,277.2,58265.0,0.751,Coimbatore -> Bangalore -> Pune,perishables,26687.4,3
3249,48.22,2,True,86.0,23476.0,0.96,Surat -> Mumbai -> Pune,pharmaceuticals,26687.6,3
3250,17.79,7,True,548.7,160166.0,1.079,Hubli -> Bangalore -> Hyderabad -> Nagpur -> Bhopal -> Delhi -> Ludhiana -> Amritsar,machinery,26688.2,3
3251,-72.72,1,False,276.1,82313.0,0.482,Hyderabad -> Bangalore,perishables,26688.4,3
3252,-165.45,13,True,2155.2,348416.0,2.94,Varanasi -> Kanpur -> Agra -> Lucknow -> Delhi -> Kanpur -> Agra -> Gwalior -> Bhopal -> Nagpur -> Hyderabad -> Bangalore -> Kochi -> Thiruvananthapuram,machinery,26689.6,3
3253,26.21,2,True,300.2,53679.0,0.332,Visakhapatnam -> Hyderabad -> Nagpur,machinery,26689.9,3
3254,-55.7,3,False,209.6,53636.0,0.531,Ahmedabad -> Mumbai -> Nagpur -> Raipur,perishables,26690.2,3
3255,51.11,1,True,23.2,8780.0,0.61,Amritsar -> Ludhiana,pharmaceuticals,26690.4,3
3256,45.82,1,True,76.3,11019.0,0.454,Madurai -> Coimbatore,perishables,26690.4,3
3257,49.92,1,True,34.0,12427.0,0.616,Bangalore -> Chennai,pharmaceuticals,26690.5,3
3258,-58.18,3,False,251.7,64851.0,1.053,Guwahati -> Kolkata -> Bhubaneswar -> Visakhapatnam,pharmaceuticals,26690.8,3
3259,31.25,4,True,304.6,133806.0,0.561,Mysore -> Bangalore -> Hyderabad -> Nagpur -> Raipur,machinery,26691.2,3
3260,-39.68,4,False,121.0,55864.0,0.589,Mysore -> Bangalore -> Hyderabad -> Nagpur -> Bhopal,perishables,26691.6,3
3261,-2.17,3,True,194.3,19522.0,0.958,Coimbatore -> Bangalore -> Mysore -> Mangalore,perishables,26691.8,3
3262,-46.78,2,False,123.1,25191.0,0.478,Raipur -> Bhubaneswar -> Ranchi,perishables,26692.0,3
3263,26.64,5,True,359.4,71888.0,0.53,Gwalior -> Bhopal -> Indore -> Ahmedabad -> Mumbai -> Pune,textiles,26692.5,3
3264,38.36,5,True,243.6,70726.0,0.31,Raipur -> Nagpur -> Hyderabad -> Bangalore -> Mysore -> Madurai,fmcg,26692.9,3
3265,48.83,2,True,84.6,18690.0,0.299,Jaipur -> Delhi -> Ludhiana,fmcg,26693.1,3
3266,44.42,2,True,114.0,24294.0,0.898,Chennai -> Madurai -> Mysore,perishables,26693.3,3
3267,34.83,4,True,285.7,56753.0,0.791,Hyderabad -> Nagpur -> Bhopal -> Delhi -> Ludhiana,fmcg,26693.6,3
3268,-7.96,6,True,732.8,114298.0,0.508,Udaipur -> Indore -> Bhopal -> Jabalpur -> Nagpur -> Hyderabad -> Visakhapatnam,textiles,26694.2,3
3269,30.8,5,True,313.9,84563.0,0.53,Chennai -> Hyderabad -> Visakhapatnam -> Bhubaneswar -> Ranchi -> Varanasi,textiles,26694.7,3
3270,26.24,2,True,301.4,50019.0,0.232,Nashik -> Mumbai -> Nagpur,textiles,26694.9,3
3271,-60.21,3,False,229.1,136336.0,0.623,Ludhiana -> Delhi -> Bhopal -> Nagpur,perishables,26695.2,3
3272,-52.92,1,False,143.6,9611.0,0.57,Indore -> Bhopal,perishables,26695.3,3
3273,-145.91,2,False,865.1,35008.0,0.634,Madurai -> Chennai -> Visakhapatnam,perishables,26695.5,3
3274,21.44,5,True,388.2,149714.0,0.495,Kolkata -> Ranchi -> Varanasi -> Kanpur -> Agra -> Gwalior,textiles,26695.9,3
3275,44.93,3,True,148.0,60357.0,0.924,Indore -> Ahmedabad -> Vadodara -> Surat,electronics,26696.2,3
3276,-80.38,4,True,801.9,60046.0,0.935,Hyderabad -> Nagpur -> Bhopal -> Indore -> Jaipur,perishables,26696.6,3
3277,-95.71,5,False,364.8,74589.0,0.394,Jabalpur -> Nagpur -> Hyderabad -> Chennai -> Bangalore -> Hyderabad,fmcg,26697.0,3
3278,49.7,1,True,39.6,8780.0,0.161,Mumbai -> Surat,pharmaceuticals,26697.1,3
3279,31.66,5,True,335.7,67860.0,0.715,Varanasi -> Kanpur -> Delhi -> Jaipur -> Ahmedabad -> Rajkot,fmcg,26697.5,3
3280,28.45,3,True,314.4,40231.0,1.812,Nashik -> Pune -> Bangalore -> Coimbatore,electronics,26697.8,3
3281,-48.1,2,False,131.5,35417.0,0.618,Coimbatore -> Bangalore -> Pune,perishables,26698.0,3
3282,-19.3,5,True,450.5,53797.0,0.87,Coimbatore -> Bangalore -> Pune -> Mumbai -> Surat -> Vadodara,fmcg,26698.4,3
3283,-15.38,5,True,815.0,104089.0,1.522,Chennai -> Hyderabad -> Nagpur -> Mumbai -> Surat -> Vadodara,machinery,26698.9,3
3284,-123.01,5,False,909.7,82832.0,2.53,Chandigarh -> Ludhiana -> Delhi -> Kanpur -> Varanasi -> Ranchi,electronics,26699.4,3
3285,34.79,4,True,280.3,90736.0,0.915,Rajkot -> Ahmedabad -> Mumbai -> Nagpur -> Hyderabad,machinery,26699.7,3
3286,-102.61,2,False,639.9,73050.0,0.241,Hyderabad -> Nagpur -> Mumbai,fmcg,26699.9,3
3287,43.57,1,True,97.6,19451.0,0.173,Delhi -> Bhopal,fmcg,26700.0,3
3288,52.16,3,True,85.6,38184.0,0.272,Jaipur -> Indore -> Bhopal -> Jabalpur,fmcg,26700.3,3
3289,36.69,5,True,308.9,76499.0,0.252,Chandigarh -> Delhi -> Bhopal -> Nagpur -> Mumbai -> Pune,textiles,26700.8,3
3290,44.85,2,True,111.6,24073.0,0.706,Kolkata -> Patna -> Varanasi,perishables,26701.0,3
3291,48.01,2,True,87.1,27500.0,0.898,Chandigarh -> Delhi -> Kanpur,electronics,26701.2,3
3292,50.2,3,True,104.4,39480.0,0.349,Mumbai -> Pune -> Bangalore -> Coimbatore,fmcg,26701.4,3
3293,-81.64,4,False,435.2,211069.0,0.701,Bangalore -> Hyderabad -> Nagpur -> Bhopal -> Delhi,fmcg,26701.8,3
3294,21.21,4,True,414.7,75590.0,2.1,Madurai -> Chennai -> Hyderabad -> Nagpur -> Bhopal,electronics,26702.1,3
3295,-52.74,2,False,161.4,64599.0,0.185,Mumbai -> Nagpur -> Raipur,perishables,26702.3,3
3296,16.88,5,True,454.4,83259.0,0.374,Udaipur -> Indore -> Bhopal -> Nagpur -> Hyderabad -> Bangalore,textiles,26702.8,3
3297,-11.18,3,True,255.8,40553.0,1.33,Pune -> Bangalore -> Mysore -> Madurai,perishables,26703.0,3
3298,-132.89,1,False,714.3,141148.0,0.43,Madurai -> Chennai,perishables,26703.1,3
3299,-17.97,4,True,799.4,120481.0,0.82,Guwahati -> Kolkata -> Bhubaneswar -> Raipur -> Nagpur,machinery,26703.5,3
3300,-49.57,3,False,128.6,48553.0,0.39,Nagpur -> Bhopal -> Indore -> Ahmedabad,perishables,26703.8,3
3301,-7.29,4,True,281.2,66876.0,1.716,Hyderabad -> Nagpur -> Bhopal -> Delhi -> Ludhiana,pharmaceuticals,26707.6,3
3302,5.14,6,True,640.1,84387.0,2.566,Udaipur -> Indore -> Jaipur -> Delhi -> Lucknow -> Patna -> Kolkata,electronics,26708.2,3
3303,-62.6,2,False,272.6,36009.0,1.029,Vadodara -> Ahmedabad -> Mumbai,pharmaceuticals,26708.4,3
3304,48.23,1,True,52.4,14622.0,0.18,Indore -> Jaipur,electronics,26708.5,3
3305,27.16,3,True,326.6,63966.0,0.52,Visakhapatnam -> Bhubaneswar -> Kolkata -> Patna,machinery,26708.7,3
3306,43.73,2,True,128.5,45854.0,0.084,Bangalore -> Chennai -> Visakhapatnam,fmcg,26709.0,3
3307,-53.87,2,False,134.0,48781.0,0.673,Nagpur -> Hyderabad -> Bangalore,perishables,26709.1,3
3308,48.83,2,True,80.8,34157.0,0.141,Ranchi -> Patna -> Lucknow,machinery,26709.3,3
3309,47.23,1,True,63.3,7375.0,0.423,Ahmedabad -> Vadodara,perishables,26709.4,3
3310,4.52,6,True,661.6,99553.0,0.68,Thiruvananthapuram -> Kochi -> Bangalore -> Chennai -> Visakhapatnam -> Bhubaneswar -> Kolkata,textiles,26709.9,3
3311,-60.73,2,False,256.8,37704.0,0.888,Bhopal -> Nagpur -> Hyderabad,pharmaceuticals,26710.2,3
3312,26.91,3,True,290.8,191656.0,0.524,Ahmedabad -> Mumbai -> Nagpur -> Raipur,machinery,26710.5,3
3313,44.45,2,True,123.1,33570.0,0.466,Nashik -> Mumbai -> Nagpur,machinery,26710.7,3
3314,-99.84,4,True,1086.7,252201.0,0.654,Bangalore -> Chennai -> Visakhapatnam -> Bhubaneswar -> Kolkata,fmcg,26711.1,3
3315,-84.47,2,False,456.6,51966.0,0.871,Lucknow -> Delhi -> Bhopal,pharmaceuticals,26711.3,3
3316,40.65,3,True,196.3,41135.0,0.965,Rajkot -> Surat -> Mumbai -> Pune,electronics,26711.6,3
3317,26.59,2,True,297.9,27992.0,0.538,Raipur -> Bhubaneswar -> Visakhapatnam,fmcg,26711.8,3
3318,-22.67,6,True,882.1,105450.0,0.599,Nashik -> Pune -> Bangalore -> Chennai -> Visakhapatnam -> Bhubaneswar -> Kolkata,textiles,26712.3,3
3319,-38.58,7,True,1066.8,136456.0,1.613,Udaipur -> Indore -> Bhopal -> Nagpur -> Hyderabad -> Bangalore -> Kochi -> Thiruvananthapuram,machinery,26712.9,3
3320,-68.55,1,False,295.3,13564.0,0.993,Ranchi -> Bhubaneswar,pharmaceuticals,26713.0,3
3321,33.48,4,True,251.6,56214.0,1.362,Ludhiana -> Delhi -> Jaipur -> Indore -> Ahmedabad,electronics,26713.3,3
3322,-81.29,5,False,435.8,72468.0,1.675,Ludhiana -> Delhi -> Agra -> Gwalior -> Bhopal -> Nagpur,pharmaceuticals,26713.8,3
3323,-76.53,3,False,435.5,71527.0,0.467,Hubli -> Bangalore -> Hyderabad -> Nagpur,fmcg,26714.0,3
3324,-73.12,3,False,368.3,57312.0,0.546,Mysore -> Bangalore -> Hyderabad -> Nagpur,fmcg,26714.3,3
3325,39.67,2,True,148.9,109144.0,0.334,Vadodara -> Ahmedabad -> Jaipur,fmcg,26714.5,3
3326,-40.16,6,True,1108.7,97779.0,0.712,Surat -> Mumbai -> Nagpur -> Raipur -> Bhubaneswar -> Kolkata -> Guwahati,textiles,26715.5,3
3327,-67.31,3,False,299.6,55079.0,1.014,Mangalore -> Mysore -> Bangalore -> Pune,pharmaceuticals,26715.7,3
3328,-105.79,3,False,708.5,52751.0,0.577,Ahmedabad -> Jaipur -> Delhi -> Kanpur,fmcg,26716.0,3
3329,-8.19,3,True,682.9,56721.0,0.405,Visakhapatnam -> Chennai -> Coimbatore -> Kochi,textiles,26716.3,3
3330,-103.19,5,True,1203.4,96366.0,2.144,Delhi -> Kanpur -> Varanasi -> Patna -> Kolkata -> Guwahati,electronics,26716.7,3
3331,46.69,2,True,100.9,37951.0,0.171,Bhopal -> Delhi -> Lucknow,fmcg,26716.9,3
3332,0.36,5,True,601.7,71229.0,3.08,Kanpur -> Agra -> Delhi -> Jaipur -> Ahmedabad -> Vadodara,electronics,28168.7,3
3333,-97.12,3,False,556.2,37720.0,1.784,Lucknow -> Agra -> Gwalior -> Bhopal,pharmaceuticals,28169.1,3
3334,38.2,2,True,182.1,34217.0,0.666,Pune -> Mumbai -> Ahmedabad,pharmaceuticals,28169.3,3
3335,42.77,5,True,251.3,54852.0,0.9,Amritsar -> Ludhiana -> Delhi -> Jaipur -> Jodhpur -> Udaipur,machinery,28169.7,3
3336,-77.56,4,False,450.6,58540.0,2.09,Amritsar -> Ludhiana -> Delhi -> Bhopal -> Nagpur,pharmaceuticals,28170.1,3
3337,-61.34,2,False,254.1,57625.0,0.6,Chennai -> Hyderabad -> Nagpur,pharmaceuticals,28170.3,3
3338,40.4,3,True,199.5,51295.0,0.212,Hyderabad -> Nagpur -> Mumbai -> Surat,textiles,28170.6,3
3339,-111.9,3,False,624.8,68697.0,1.004,Lucknow -> Delhi -> Jaipur -> Ahmedabad,perishables,28170.9,3
3340,-82.92,1,False,368.4,9377.0,0.63,Ludhiana -> Delhi,perishables,28171.0,3
3341,31.62,3,True,288.2,29056.0,0.569,Coimbatore -> Bangalore -> Mysore -> Mangalore,fmcg,28171.3,3
3342,54.83,2,True,24.5,22645.0,0.075,Lucknow -> Kanpur -> Varanasi,fmcg,28171.5,3
3343,-189.33,4,True,2011.9,164111.0,1.683,Jabalpur -> Nagpur -> Hyderabad -> Bangalore -> Kochi,electronics,28171.9,3
3344,-81.85,3,False,481.7,76901.0,0.539,Mangalore -> Hubli -> Bangalore -> Pune,fmcg,28172.2,3
3345,-18.56,7,True,814.8,312993.0,1.373,Jodhpur -> Jaipur -> Delhi -> Kanpur -> Varanasi -> Patna -> Ranchi -> Bhubaneswar,machinery,28172.8,3
3346,-23.24,5,True,881.8,157561.0,0.666,Pune -> Bangalore -> Chennai -> Visakhapatnam -> Bhubaneswar -> Kolkata,textiles,28173.2,3
3347,38.39,3,True,212.8,74736.0,0.169,Nashik -> Ahmedabad -> Jaipur -> Jodhpur,textiles,28173.5,3
3348,-15.99,4,True,348.9,74636.0,1.489,Hubli -> Bangalore -> Hyderabad -> Nagpur -> Raipur,pharmaceuticals,28173.8,3
3349,-51.22,11,True,1027.2,217496.0,1.939,Kanpur -> Lucknow -> Delhi -> Agra -> Kanpur -> Delhi -> Bhopal -> Nagpur -> Hyderabad -> Bangalore -> Chennai -> Madurai,machinery,28174.8,3
3350,-47.73,3,False,150.8,37144.0,0.541,Nagpur -> Bhopal -> Indore -> Udaipur,perishables,28175.0,3
3351,47.2,2,True,96.0,11933.0,0.346,Mangalore -> Mysore -> Bangalore,perishables,28175.2,3
3352,48.67,1,True,48.1,10206.0,0.44,Mumbai -> Pune,machinery,28175.3,3
3353,51.74,1,True,17.7,8512.0,0.485,Surat -> Rajkot,pharmaceuticals,28175.4,3
3354,16.73,2,True,391.9,48081.0,1.265,Lucknow -> Patna -> Kolkata,electronics,28175.6,3
3355,47.06,2,True,74.6,111639.0,0.27,Visakhapatnam -> Hyderabad -> Bangalore,machinery,28175.8,3
3356,9.9,4,True,494.0,213634.0,0.582,Varanasi -> Kanpur -> Delhi -> Jaipur -> Indore,machinery,28176.2,3
3357,26.21,3,True,341.1,44449.0,0.701,Jodhpur -> Udaipur -> Ahmedabad -> Mumbai,machinery,28176.4,3
3358,37.64,1,True,159.0,9442.0,0.36,Surat -> Rajkot,machinery,28176.5,3
3359,38.17,6,True,313.2,98993.0,0.731,Ranchi -> Varanasi -> Kanpur -> Delhi -> Jaipur -> Ahmedabad -> Vadodara,fmcg,28177.0,3
3360,23.35,5,True,438.6,78723.0,0.852,Pune -> Mumbai -> Ahmedabad -> Jaipur -> Delhi -> Ludhiana,machinery,28177.5,3
3361,-49.53,11,True,1184.8,150771.0,1.051,Agra -> Kanpur -> Lucknow -> Delhi -> Jaipur -> Indore -> Bhopal -> Nagpur -> Hyderabad -> Bangalore -> Mysore -> Mangalore,textiles,28178.6,3
3362,34.35,2,True,201.2,88033.0,0.673,Madurai -> Mysore -> Mangalore,pharmaceuticals,28178.8,3
3363,38.56,4,True,246.2,74345.0,1.173,Raipur -> Nagpur -> Mumbai -> Surat -> Vadodara,electronics,28179.1,3
3364,29.07,5,True,386.4,66830.0,0.583,Vadodara -> Ahmedabad -> Jaipur -> Delhi -> Ludhiana -> Amritsar,textiles,28179.7,3
3365,-46.86,3,True,1071.8,49542.0,0.397,Ranchi -> Patna -> Lucknow -> Agra,textiles,28180.0,3
3366,-64.85,5,False,400.8,70479.0,0.889,Mangalore -> Mysore -> Bangalore -> Pune -> Mumbai -> Surat,fmcg,28180.5,3
3367,45.18,6,True,264.1,65631.0,0.615,Jodhpur -> Udaipur -> Indore -> Bhopal -> Nagpur -> Hyderabad -> Visakhapatnam,fmcg,28181.0,3
3368,-32.11,3,True,479.0,77234.0,0.395,Nagpur -> Bhopal -> Delhi -> Lucknow,fmcg,28181.3,3
3369,35.77,4,True,206.5,147455.0,0.305,Nagpur -> Bhopal -> Gwalior -> Agra -> Kanpur,fmcg,28181.7,3
3370,15.72,4,True,421.6,96460.0,0.463,Chennai -> Hyderabad -> Nagpur -> Mumbai -> Nashik,textiles,28182.0,3
3371,54.87,2,True,25.6,15533.0,0.212,Amritsar -> Ludhiana -> Delhi,machinery,28182.2,3
3372,49.33,2,True,78.0,22648.0,0.385,Nashik -> Ahmedabad -> Rajkot,machinery,28182.4,3
3373,30.97,3,True,286.1,69296.0,0.676,Mumbai -> Pune -> Bangalore -> Kochi,machinery,28182.7,3
3374,53.4,3,True,72.7,22331.0,1.33,Madurai -> Coimbatore -> Kochi -> Thiruvananthapuram,pharmaceuticals,28182.9,3
3375,48.74,4,True,151.8,62488.0,0.405,Pune -> Mumbai -> Nagpur -> Bhopal -> Delhi,textiles,28183.3,3
3376,-13.85,7,True,454.7,93323.0,0.898,Ludhiana -> Delhi -> Bhopal -> Nagpur -> Hyderabad -> Bangalore -> Mysore -> Mangalore,fmcg,28184.1,3
3377,51.97,1,True,18.7,3670.0,0.093,Gwalior -> Agra,fmcg,28184.2,3
3378,-28.87,2,True,435.2,38608.0,0.313,Mysore -> Bangalore -> Hyderabad,fmcg,28184.4,3
3379,-104.79,6,False,728.2,118485.0,2.199,Thiruvananthapuram -> Kochi -> Coimbatore -> Bangalore -> Hyderabad -> Nagpur -> Mumbai,electronics,28184.9,3
3380,-62.56,2,False,272.6,29440.0,1.352,Pune -> Nashik -> Ahmedabad,pharmaceuticals,28185.1,3
3381,43.06,4,True,191.5,88139.0,1.513,Patna -> Kolkata -> Bhubaneswar -> Visakhapatnam -> Chennai,pharmaceuticals,28185.5,3
3382,26.22,3,True,338.1,54892.0,0.634,Jabalpur -> Bhopal -> Indore -> Jaipur,machinery,28185.7,3
3383,-97.12,3,False,632.8,45273.0,0.497,Surat -> Vadodara -> Ahmedabad -> Jaipur,fmcg,28186.0,3
3384,51.62,2,True,56.3,13445.0,0.681,Delhi -> Ludhiana -> Amritsar,electronics,28186.2,3
3385,-13.84,2,True,242.5,28929.0,0.733,Patna -> Ranchi -> Bhubaneswar,perishables,28186.3,3
3386,51.34,1,True,23.1,7772.0,0.238,Surat -> Vadodara,electronics,28186.5,3
3387,-62.28,5,False,371.4,83156.0,0.789,Rajkot -> Surat -> Mumbai -> Pune -> Bangalore -> Mysore,fmcg,28186.9,3
3388,-74.44,2,False,374.0,35750.0,1.07,Kochi -> Coimbatore -> Chennai,pharmaceuticals,28187.1,3
3389,-82.47,5,False,455.9,95334.0,0.648,Madurai -> Chennai -> Coimbatore -> Bangalore -> Hyderabad -> Nagpur,fmcg,28187.5,3
3390,14.98,4,True,487.9,64622.0,0.583,Visakhapatnam -> Hyderabad -> Nagpur -> Bhopal -> Indore,textiles,28187.9,3
3391,-3.66,2,True,174.3,31632.0,0.528,Bhubaneswar -> Ranchi -> Varanasi,perishables,28188.1,3
3392,51.6,1,True,19.6,11032.0,0.226,Delhi -> Agra,electronics,28188.2,3
3393,-60.81,2,False,176.3,261366.0,0.539,Mumbai -> Pune -> Bangalore,perishables,28188.3,3
3394,13.61,4,True,505.7,51436.0,0.545,Udaipur -> Jodhpur -> Jaipur -> Delhi -> Kanpur,textiles,28188.8,3
3395,-75.46,1,False,351.6,30940.0,0.616,Hyderabad -> Bangalore,pharmaceuticals,28188.9,3
3396,37.67,2,True,190.1,38937.0,0.292,Nagpur -> Bhopal -> Gwalior,machinery,28189.0,3
3397,45.69,1,True,79.8,6104.0,0.303,Pune -> Nashik,fmcg,28189.1,3
3398,21.8,3,True,378.6,74702.0,0.197,Kochi -> Bangalore -> Hyderabad -> Visakhapatnam,textiles,28189.4,3
3399,-60.55,5,False,291.5,100139.0,1.523,Amritsar -> Ludhiana -> Chandigarh -> Delhi -> Bhopal -> Nagpur,pharmaceuticals,28189.9,3
3400,38.54,3,True,220.6,37931.0,0.53,Rajkot -> Ahmedabad -> Indore -> Bhopal,fmcg,28190.2,3
3401,-62.15,3,False,264.3,43257.0,0.823,Kanpur -> Varanasi -> Ranchi -> Bhubaneswar,perishables,28194.1,3
3402,40.14,5,True,180.8,54673.0,0.272,Bhopal -> Gwalior -> Agra -> Kanpur -> Varanasi -> Patna,textiles,28194.5,3
3403,-116.71,1,False,778.6,36629.0,0.441,Visakhapatnam -> Chennai,electronics,28194.6,3
3404,43.25,1,True,94.5,30364.0,0.09,Bhubaneswar -> Raipur,perishables,28194.7,3
3405,-89.61,5,False,509.1,68257.0,1.899,Vadodara -> Ahmedabad -> Jaipur -> Delhi -> Agra -> Kanpur,pharmaceuticals,28195.2,3
3406,41.78,2,True,152.5,29925.0,0.145,Mysore -> Bangalore -> Hubli,textiles,28195.3,3
3407,46.71,2,True,102.4,25774.0,0.552,Agra -> Lucknow -> Patna,electronics,28195.5,3
3408,-62.44,2,False,267.5,55761.0,0.716,Patna -> Lucknow -> Delhi,pharmaceuticals,28195.7,3
3409,36.22,4,True,271.9,57220.0,1.733,Agra -> Gwalior -> Bhopal -> Nagpur -> Hyderabad,electronics,28196.1,3
3410,41.43,2,True,152.6,42389.0,0.088,Ranchi -> Bhubaneswar -> Visakhapatnam,textiles,28196.2,3
3411,36.64,5,True,303.6,71314.0,1.724,Bhopal -> Nagpur -> Hyderabad -> Bangalore -> Kochi -> Thiruvananthapuram,electronics,28196.7,3
3412,-50.0,1,False,120.4,14601.0,0.606,Udaipur -> Ahmedabad,perishables,28196.8,3
3413,-58.09,7,True,1148.2,363044.0,0.756,Coimbatore -> Chennai -> Hyderabad -> Nagpur -> Bhopal -> Delhi -> Lucknow -> Patna,textiles,28197.4,3
3414,-50.59,3,False,171.3,44693.0,0.601,Nashik -> Ahmedabad -> Jaipur -> Delhi,perishables,28197.7,3
3415,-52.6,5,True,1187.9,114512.0,0.759,Surat -> Mumbai -> Nagpur -> Raipur -> Bhubaneswar -> Ranchi,textiles,28198.1,3
3416,-3.56,3,True,615.9,119937.0,0.758,Chennai -> Visakhapatnam -> Bhubaneswar -> Ranchi,machinery,28198.4,3
3417,24.27,5,True,431.7,78297.0,0.425,Pune -> Nashik -> Ahmedabad -> Jaipur -> Delhi -> Kanpur,textiles,28198.8,3
3418,-79.47,2,False,417.4,31774.0,1.242,Mangalore -> Hubli -> Bangalore,pharmaceuticals,28199.0,3
3419,-56.78,3,False,248.5,52195.0,0.938,Bangalore -> Hyderabad -> Nagpur -> Bhopal,pharmaceuticals,28199.3,3
3420,-53.42,1,False,146.0,18979.0,0.345,Ranchi -> Varanasi,perishables,28199.4,3
3421,-49.56,2,False,145.9,23660.0,0.384,Agra -> Gwalior -> Bhopal,perishables,28199.6,3
3422,38.92,2,True,180.8,30832.0,0.15,Rajkot -> Ahmedabad -> Indore,textiles,28199.8,3
3423,51.25,1,True,25.0,5546.0,0.177,Indore -> Bhopal,fmcg,28200.0,3
3424,50.38,4,True,142.7,40123.0,0.281,Jodhpur -> Jaipur -> Indore -> Bhopal -> Nagpur,textiles,28200.3,3
3425,-75.45,2,False,382.9,30407.0,1.352,Kolkata -> Patna -> Lucknow,pharmaceuticals,28200.5,3
3426,-35.77,4,True,997.2,60616.0,0.463,Surat -> Mumbai -> Pune -> Bangalore -> Coimbatore,textiles,28200.9,3
3427,48.71,5,True,192.3,60384.0,0.478,Chandigarh -> Delhi -> Jaipur -> Ahmedabad -> Mumbai -> Pune,textiles,28201.3,3
3428,39.05,3,True,216.9,36520.0,0.327,Raipur -> Jabalpur -> Bhopal -> Gwalior,textiles,28201.6,3
3429,36.44,4,True,273.3,56353.0,0.602,Patna -> Lucknow -> Delhi -> Ludhiana -> Amritsar,fmcg,28202.0,3
3430,25.95,6,True,433.7,119085.0,2.216,Madurai -> Chennai -> Hyderabad -> Nagpur -> Bhopal -> Gwalior -> Agra,electronics,28202.5,3
3431,-64.34,2,False,282.1,55766.0,1.103,Hubli -> Bangalore -> Pune,pharmaceuticals,28202.7,3
3432,-110.77,6,False,802.1,179903.0,2.678,Coimbatore -> Madurai -> Chennai -> Hyderabad -> Nagpur -> Bhopal -> Delhi,electronics,28203.2,3
3433,40.87,3,True,194.8,49433.0,0.33,Hyderabad -> Nagpur -> Bhopal -> Gwalior,textiles,28203.5,3
3434,-36.36,4,True,987.4,111007.0,0.578,Guwahati -> Kolkata -> Patna -> Lucknow -> Delhi,textiles,28203.8,3
3435,10.55,6,True,585.2,105748.0,2.358,Thiruvananthapuram -> Kochi -> Bangalore -> Hyderabad -> Nagpur -> Bhopal -> Indore,electronics,28204.4,3
3436,30.23,4,True,331.5,73129.0,0.843,Mysore -> Bangalore -> Chennai -> Visakhapatnam -> Bhubaneswar,machinery,28204.7,3
3437,-62.85,2,False,221.9,124993.0,0.627,Ludhiana -> Delhi -> Bhopal,perishables,28204.9,3
3438,-139.25,2,True,1350.9,50276.0,1.776,Pune -> Bangalore -> Kochi,pharmaceuticals,28205.1,3
3439,-23.22,3,True,418.4,42662.0,0.514,Nagpur -> Bhopal -> Indore -> Udaipur,fmcg,28205.4,3
3440,-61.72,4,True,752.2,64141.0,1.674,Mangalore -> Mysore -> Bangalore -> Chennai -> Visakhapatnam,pharmaceuticals,28205.7,3
3441,-47.45,4,False,179.3,57437.0,0.903,Amritsar -> Ludhiana -> Delhi -> Bhopal -> Nagpur,perishables,28206.1,3
3442,48.09,2,True,92.1,16875.0,0.403,Ludhiana -> Delhi -> Agra,machinery,28206.3,3
3443,-12.89,5,True,749.0,79421.0,1.214,Agra -> Kanpur -> Varanasi -> Ranchi -> Kolkata -> Guwahati,machinery,28206.7,3
3444,-126.3,4,False,918.5,202070.0,2.059,Madurai -> Chennai -> Hyderabad -> Nagpur -> Bhopal,electronics,28207.0,3
3445,30.4,4,True,279.4,59166.0,1.772,Mumbai -> Ahmedabad -> Indore -> Bhopal -> Gwalior,electronics,28207.4,3
3446,-52.07,4,False,134.2,70833.0,0.823,Rajkot -> Ahmedabad -> Vadodara -> Surat -> Mumbai,perishables,28207.9,3
3447,27.34,6,True,380.6,103494.0,0.99,Visakhapatnam -> Bhubaneswar -> Ranchi -> Varanasi -> Kanpur -> Delhi -> Ludhiana,machinery,28208.4,3
3448,51.89,1,True,19.3,5178.0,0.054,Mumbai -> Nashik,textiles,28208.5,3
3449,54.33,2,True,27.9,27801.0,0.09,Indore -> Ahmedabad -> Mumbai,pharmaceuticals,28208.7,3
3450,46.95,2,True,96.3,39212.0,0.477,Raipur -> Bhubaneswar -> Visakhapatnam,electronics,28208.9,3
3451,43.17,3,True,174.2,25979.0,1.264,Jabalpur -> Bhopal -> Gwalior -> Agra,electronics,28209.2,3
3452,-49.58,3,False,175.3,27740.0,0.346,Gwalior -> Agra -> Delhi -> Jaipur,perishables,28209.5,3
3453,43.67,3,True,163.5,51412.0,0.863,Patna -> Lucknow -> Delhi -> Jaipur,pharmaceuticals,28209.8,3
3454,1.75,3,True,541.4,192616.0,0.669,Varanasi -> Ranchi -> Bhubaneswar -> Visakhapatnam,machinery,28210.0,3
3455,33.83,4,True,300.7,62240.0,0.461,Jabalpur -> Nagpur -> Hyderabad -> Bangalore -> Mysore,machinery,28210.5,3
3456,-58.54,2,False,209.4,38669.0,0.512,Vadodara -> Ahmedabad -> Jaipur,perishables,28210.6,3
3457,24.32,1,True,291.5,15754.0,0.113,Hubli -> Mangalore,textiles,28210.7,3
3458,38.98,4,True,241.6,85027.0,0.612,Ahmedabad -> Mumbai -> Pune -> Bangalore -> Hubli,machinery,28211.1,3
3459,-99.04,2,False,579.9,49739.0,1.388,Mysore -> Bangalore -> Pune,pharmaceuticals,28211.2,3
3460,-129.24,2,False,930.9,38625.0,1.231,Rajkot -> Ahmedabad -> Jaipur,electronics,28211.4,3
3461,-72.31,6,False,413.3,92895.0,0.814,Pune -> Mumbai -> Nagpur -> Bhopal -> Gwalior -> Agra -> Kanpur,fmcg,28212.0,3
3462,-138.23,4,False,1036.2,51681.0,0.706,Agra -> Gwalior -> Bhopal -> Nagpur -> Hyderabad,fmcg,28212.3,3
3463,48.45,1,True,48.9,11285.0,0.629,Gwalior -> Bhopal,pharmaceuticals,28212.4,3
3464,52.65,1,True,10.8,7791.0,0.059,Delhi -> Jaipur,fmcg,28212.5,3
3465,-67.97,2,False,278.9,20907.0,1.214,Surat -> Rajkot -> Ahmedabad,pharmaceuticals,28212.7,3
3466,54.42,3,True,59.1,49007.0,0.401,Patna -> Lucknow -> Agra -> Gwalior,perishables,28213.0,3
3467,-16.92,6,True,878.9,89257.0,0.717,Jodhpur -> Udaipur -> Indore -> Bhopal -> Jabalpur -> Raipur -> Bhubaneswar,textiles,28213.5,3
3468,34.27,4,True,290.1,64824.0,0.7,Mysore -> Bangalore -> Hyderabad -> Nagpur -> Raipur,fmcg,28213.8,3
3469,-64.21,2,False,278.6,69238.0,0.861,Coimbatore -> Chennai -> Visakhapatnam,pharmaceuticals,28214.0,3
3470,-5.66,5,True,717.7,116639.0,0.778,Raipur -> Nagpur -> Hyderabad -> Bangalore -> Kochi -> Thiruvananthapuram,machinery,28214.4,3
3471,42.13,4,True,218.8,63479.0,0.157,Amritsar -> Ludhiana -> Delhi -> Lucknow -> Patna,textiles,28214.8,3
3472,-100.42,5,False,509.0,93224.0,1.66,Ludhiana -> Delhi -> Kanpur -> Agra -> Delhi -> Bhopal,pharmaceuticals,28215.2,3
3473,6.13,5,True,547.1,292402.0,0.785,Vadodara -> Ahmedabad -> Mumbai -> Nagpur -> Hyderabad -> Visakhapatnam,machinery,28215.7,3
3474,3.39,5,True,634.3,82198.0,1.432,Chennai -> Hyderabad -> Nagpur -> Mumbai -> Surat -> Vadodara,machinery,28216.1,3
3475,47.18,2,True,95.4,33011.0,0.569,Bangalore -> Chennai -> Visakhapatnam,pharmaceuticals,28216.3,3
3476,51.1,1,True,24.7,4227.0,0.605,Pune -> Mumbai,perishables,28216.4,3
3477,-28.06,4,True,906.5,100094.0,0.814,Varanasi -> Ranchi -> Bhubaneswar -> Visakhapatnam -> Hyderabad,machinery,28216.7,3
3478,50.34,1,True,34.3,6578.0,0.071,Vadodara -> Ahmedabad,textiles,28216.8,3
3479,-54.29,4,False,258.3,57527.0,1.413,Pune -> Mumbai -> Nagpur -> Raipur -> Bhubaneswar,pharmaceuticals,28217.2,3
3480,31.49,3,True,280.3,70477.0,0.727,Ahmedabad -> Nashik -> Pune -> Bangalore,machinery,28217.5,3
3481,42.25,3,True,183.8,34440.0,0.659,Ranchi -> Varanasi -> Kanpur -> Agra,machinery,28217.8,3
3482,33.76,4,True,278.4,139599.0,0.434,Mysore -> Bangalore -> Hyderabad -> Nagpur -> Jabalpur,textiles,28218.1,3
3483,-55.81,2,False,189.1,39833.0,0.394,Nagpur -> Bhopal -> Gwalior,perishables,28218.3,3
3484,49.79,1,True,38.0,11924.0,0.097,Jodhpur -> Udaipur,fmcg,28218.4,3
3485,-9.79,4,True,706.3,70506.0,2.102,Thiruvananthapuram -> Kochi -> Bangalore -> Hyderabad -> Nagpur,electronics,28218.8,3
3486,-60.23,3,False,281.0,52693.0,1.33,Bhubaneswar -> Raipur -> Jabalpur -> Bhopal,pharmaceuticals,28219.0,3
3487,50.56,2,True,69.7,11067.0,0.277,Kochi -> Coimbatore -> Madurai,textiles,28219.2,3
3488,-20.44,3,True,360.1,98217.0,0.553,Mumbai -> Nagpur -> Hyderabad -> Visakhapatnam,pharmaceuticals,29663.6,3
3489,30.49,3,True,289.6,57288.0,1.651,Raipur -> Bhubaneswar -> Kolkata -> Patna,electronics,29663.9,3
3490,53.32,2,True,37.5,30077.0,0.068,Delhi -> Jaipur -> Jodhpur,machinery,29664.0,3
3491,36.09,3,True,238.4,32225.0,2.2,Nashik -> Ahmedabad -> Udaipur -> Jodhpur,electronics,29664.3,3
3492,-57.38,4,False,275.7,77339.0,1.116,Vadodara -> Ahmedabad -> Mumbai -> Nagpur -> Raipur,pharmaceuticals,29664.7,3
3493,43.37,3,True,170.4,36369.0,1.001,Jabalpur -> Bhopal -> Indore -> Udaipur,electronics,29665.0,3
3494,9.35,7,True,643.4,120605.0,1.398,Amritsar -> Ludhiana -> Delhi -> Bhopal -> Nagpur -> Hyderabad -> Bangalore -> Mysore,machinery,29665.6,3
3495,-77.15,1,False,322.3,31143.0,0.09,Guwahati -> Kolkata,perishables,29665.7,3
3496,0.9,6,True,687.6,123495.0,1.274,Guwahati -> Kolkata -> Bhubaneswar -> Raipur -> Nagpur -> Mumbai -> Nashik,machinery,29666.2,3
3497,48.48,2,True,84.8,30443.0,0.241,Surat -> Mumbai -> Nagpur,fmcg,29666.4,3
3498,-43.33,3,False,124.4,34512.0,1.003,Mysore -> Bangalore -> Hyderabad -> Nagpur,perishables,29666.7,3
3499,31.26,5,True,351.6,85295.0,2.038,Nashik -> Ahmedabad -> Jaipur -> Delhi -> Lucknow -> Patna,electronics,29667.2,3
3500,-59.99,3,False,173.4,29771.0,1.011,Patna -> Lucknow -> Agra -> Gwalior,perishables,29667.4,3
3501,-66.61,1,False,276.7,29387.0,0.478,Lucknow -> Patna,pharmaceuticals,29671.8,3
3502,2.05,4,True,623.5,44129.0,0.553,Coimbatore -> Bangalore -> Pune -> Mumbai -> Surat,textiles,29672.3,3
3503,47.73,3,True,117.4,34960.0,0.739,Visakhapatnam -> Chennai -> Bangalore -> Mysore,perishables,29672.5,3
3504,-74.14,2,True,1299.6,63061.0,0.569,Mysore -> Bangalore -> Pune,machinery,29672.7,3
3505,18.74,4,True,454.3,48689.0,0.735,Agra -> Gwalior -> Bhopal -> Nagpur -> Hyderabad,machinery,29673.1,3
3506,-52.29,2,False,126.7,34822.0,0.308,Bhopal -> Jabalpur -> Raipur,perishables,29673.3,3
3507,-60.85,4,False,280.8,41427.0,1.298,Raipur -> Jabalpur -> Bhopal -> Indore -> Ahmedabad,pharmaceuticals,29673.6,3
3508,5.11,9,True,670.5,112297.0,0.94,Thiruvananthapuram -> Kochi -> Coimbatore -> Bangalore -> Hyderabad -> Nagpur -> Bhopal -> Indore -> Udaipur -> Jodhpur,textiles,29674.6,3
3509,45.66,3,True,145.4,53926.0,0.367,Guwahati -> Kolkata -> Bhubaneswar -> Visakhapatnam,fmcg,29674.9,3
3510,-35.7,4,True,537.8,113964.0,0.455,Visakhapatnam -> Hyderabad -> Nagpur -> Bhopal -> Delhi,fmcg,29675.3,3
3511,44.44,3,True,161.5,27337.0,1.174,Vadodara -> Surat -> Mumbai -> Pune,electronics,29675.5,3
3512,-63.82,3,False,274.7,60104.0,0.376,Mumbai -> Ahmedabad -> Jaipur -> Delhi,perishables,29675.8,3
3513,-1.81,2,True,577.3,62690.0,0.394,Pune -> Bangalore -> Coimbatore,machinery,29676.0,3
3514,38.63,2,True,183.0,18716.0,1.017,Kochi -> Coimbatore -> Chennai,electronics,29676.2,3
3515,52.82,2,True,43.0,17441.0,0.712,Bangalore -> Coimbatore -> Madurai,perishables,29676.4,3
3516,-54.59,2,False,171.5,42750.0,0.573,Guwahati -> Kolkata -> Bhubaneswar,perishables,29676.6,3
3517,-71.74,2,False,218.4,275582.0,0.316,Mysore -> Bangalore -> Pune,perishables,29676.8,3
3518,46.8,3,True,135.4,36843.0,1.105,Amritsar -> Ludhiana -> Delhi -> Jaipur,electronics,29677.0,3
3519,25.62,3,True,334.7,90075.0,0.428,Guwahati -> Kolkata -> Patna -> Varanasi,textiles,29677.3,3
3520,-58.72,4,False,292.2,79599.0,0.749,Delhi -> Bhopal -> Nagpur -> Hyderabad -> Bangalore,pharmaceuticals,29677.6,3
3521,45.59,1,True,77.2,13300.0,0.59,Kolkata -> Bhubaneswar,perishables,29677.8,3
3522,48.89,1,True,44.9,16614.0,0.243,Bangalore -> Hyderabad,perishables,29677.9,3
3523,-27.23,5,True,917.6,165679.0,1.008,Kolkata -> Bhubaneswar -> Visakhapatnam -> Chennai -> Bangalore -> Hubli,machinery,29678.3,3
3524,28.79,4,True,337.0,75600.0,0.595,Chandigarh -> Delhi -> Lucknow -> Patna -> Kolkata,fmcg,29678.7,3
3525,25.86,2,True,308.4,39597.0,0.231,Coimbatore -> Bangalore -> Pune,textiles,29678.9,3
3526,43.22,2,True,137.6,31608.0,0.136,Patna -> Kolkata -> Guwahati,textiles,29679.1,3
3527,-0.67,4,True,632.4,42422.0,1.517,Amritsar -> Ludhiana -> Delhi -> Agra -> Gwalior,electronics,29679.5,3
3528,22.31,4,True,417.3,54039.0,0.677,Hyderabad -> Nagpur -> Bhopal -> Gwalior -> Agra,machinery,29679.9,3
3529,42.83,2,True,141.4,31751.0,0.167,Ludhiana -> Delhi -> Kanpur,textiles,29680.1,3
3530,49.83,1,True,34.2,24069.0,0.06,Ranchi -> Bhubaneswar,machinery,29680.3,3
3531,-107.08,5,False,814.8,80079.0,2.38,Amritsar -> Ludhiana -> Delhi -> Bhopal -> Nagpur -> Hyderabad,electronics,29680.8,3
3532,51.31,3,True,92.9,41003.0,0.338,Nagpur -> Bhopal -> Gwalior -> Agra,machinery,29681.1,3
3533,36.13,3,True,230.0,48493.0,0.758,Patna -> Lucknow -> Delhi -> Ludhiana,pharmaceuticals,29681.4,3
3534,-117.66,1,False,627.3,16389.0,0.656,Visakhapatnam -> Hyderabad,perishables,29681.5,3
3535,46.77,4,True,124.3,43256.0,1.016,Hyderabad -> Nagpur -> Bhopal -> Indore -> Ahmedabad,electronics,29681.8,3
3536,50.62,1,True,31.2,6236.0,0.148,Jodhpur -> Udaipur,textiles,29681.9,3
3537,-67.87,5,False,424.2,108496.0,0.557,Mangalore -> Mysore -> Bangalore -> Hyderabad -> Visakhapatnam -> Bhubaneswar,fmcg,29682.4,3
3538,-29.28,3,True,466.9,60973.0,0.742,Chandigarh -> Delhi -> Jaipur -> Ahmedabad,fmcg,29682.7,3
3539,-77.98,5,True,1446.1,89179.0,1.38,Kochi -> Bangalore -> Pune -> Mumbai -> Ahmedabad -> Indore,machinery,29683.1,3
3540,-74.12,2,False,386.1,29413.0,0.472,Guwahati -> Kolkata -> Bhubaneswar,fmcg,29683.3,3
3541,-75.83,4,False,379.5,58972.0,0.66,Ahmedabad -> Mumbai -> Pune -> Bangalore -> Kochi,fmcg,29683.7,3
3542,33.62,3,True,257.8,60637.0,1.556,Delhi -> Bhopal -> Nagpur -> Hyderabad,electronics,29684.0,3
3543,35.5,3,True,252.1,29580.0,0.79,Thiruvananthapuram -> Kochi -> Coimbatore -> Madurai,machinery,29684.3,3
3544,40.06,1,True,134.8,12843.0,0.156,Mangalore -> Mysore,fmcg,29684.4,3
3545,36.71,4,True,266.1,66232.0,1.38,Nagpur -> Bhopal -> Delhi -> Kanpur -> Varanasi,electronics,29684.8,3
3546,-56.99,2,False,199.8,23387.0,0.916,Varanasi -> Ranchi -> Bhubaneswar,perishables,29685.0,3
3547,-113.9,2,False,697.2,53396.0,1.391,Ludhiana -> Delhi -> Bhopal,pharmaceuticals,29685.2,3
3548,-18.02,4,True,390.0,84401.0,0.655,Lucknow -> Delhi -> Jaipur -> Ahmedabad -> Rajkot,fmcg,29685.5,3
3549,-40.01,4,True,978.4,89846.0,0.949,Indore -> Bhopal -> Nagpur -> Mumbai -> Pune,machinery,29685.9,3
3550,-63.71,4,False,361.9,65697.0,0.652,Kolkata -> Bhubaneswar -> Raipur -> Nagpur -> Mumbai,fmcg,29686.2,3
3551,6.51,5,True,602.7,99149.0,0.498,Nashik -> Mumbai -> Nagpur -> Raipur -> Bhubaneswar -> Kolkata,textiles,29686.7,3
3552,-75.2,4,False,463.0,77557.0,0.469,Raipur -> Nagpur -> Hyderabad -> Bangalore -> Kochi,fmcg,29687.1,3
3553,-1.8,4,True,653.9,70734.0,0.575,Thiruvananthapuram -> Kochi -> Coimbatore -> Chennai -> Visakhapatnam,textiles,29687.5,3
3554,-10.22,4,True,729.5,101290.0,0.458,Bhubaneswar -> Kolkata -> Patna -> Lucknow -> Delhi,textiles,29687.8,3
3555,-82.21,2,False,427.1,59909.0,0.907,Hubli -> Bangalore -> Pune,pharmaceuticals,29688.0,3
3556,-59.57,2,False,220.0,24659.0,0.584,Amritsar -> Ludhiana -> Delhi,perishables,29688.2,3
3557,36.59,2,True,197.8,24450.0,0.8,Agra -> Delhi -> Ludhiana,pharmaceuticals,29688.4,3
3558,-51.79,2,False,159.7,28630.0,0.894,Kochi -> Bangalore -> Hyderabad,perishables,29688.6,3
3559,-6.07,3,True,248.0,34092.0,1.829,Gwalior -> Agra -> Delhi -> Ludhiana,pharmaceuticals,29688.9,3
3560,-1.22,4,True,200.8,56677.0,0.775,Amritsar -> Ludhiana -> Delhi -> Lucknow -> Patna,perishables,29689.3,3
3561,-9.93,2,True,248.9,37731.0,0.874,Raipur -> Bhubaneswar -> Ranchi,pharmaceuticals,29689.5,3
3562,34.35,2,True,197.5,127614.0,0.141,Patna -> Kolkata -> Guwahati,machinery,29689.7,3
3563,-54.44,1,False,156.0,7557.0,0.441,Mangalore -> Mysore,perishables,29689.8,3
3564,16.56,5,True,495.3,115922.0,0.854,Rajkot -> Ahmedabad -> Mumbai -> Nagpur -> Hyderabad -> Chennai,machinery,29690.3,3
3565,-53.82,4,True,1171.5,73275.0,0.936,Kanpur -> Varanasi -> Ranchi -> Bhubaneswar -> Raipur,machinery,29690.8,3
3566,-73.91,2,False,366.2,52611.0,0.802,Kochi -> Bangalore -> Pune,pharmaceuticals,29691.0,3
3567,-72.24,2,False,375.8,34190.0,0.516,Hyderabad -> Nagpur -> Bhopal,fmcg,29691.2,3
3568,52.57,3,True,80.0,31918.0,0.943,Gwalior -> Agra -> Kanpur -> Varanasi,electronics,29691.5,3
3569,-22.16,3,True,339.9,38558.0,0.975,Amritsar -> Ludhiana -> Delhi -> Lucknow,perishables,29691.8,3
3570,45.09,1,True,76.9,31166.0,0.553,Raipur -> Bhubaneswar,electronics,29691.9,3
3571,-69.85,2,False,332.6,50266.0,0.669,Ranchi -> Bhubaneswar -> Raipur,pharmaceuticals,29692.1,3
3572,46.1,2,True,111.9,18250.0,0.313,Bhopal -> Jabalpur -> Raipur,fmcg,29692.3,3
3573,-52.17,1,False,134.9,28343.0,0.266,Hyderabad -> Nagpur,perishables,29692.4,3
3574,-98.84,4,True,1608.5,116647.0,0.984,Indore -> Ahmedabad -> Nashik -> Pune -> Bangalore,machinery,29692.8,3
3575,54.45,2,True,30.6,13934.0,0.143,Varanasi -> Kanpur -> Lucknow,textiles,29693.0,3
3576,50.6,4,True,135.2,38339.0,1.455,Amritsar -> Ludhiana -> Delhi -> Agra -> Gwalior,electronics,29693.3,3
3577,-66.54,3,False,246.8,63009.0,1.309,Madurai -> Chennai -> Hyderabad -> Nagpur,pharmaceuticals,29693.6,3
3578,-67.56,5,True,909.3,118831.0,1.623,Kolkata -> Patna -> Lucknow -> Delhi -> Jaipur -> Ahmedabad,electronics,29694.0,3
3579,21.65,5,True,456.5,68651.0,1.28,Vadodara -> Ahmedabad -> Nashik -> Pune -> Bangalore -> Chennai,machinery,29694.4,3
3580,50.52,1,True,29.1,15095.0,0.236,Delhi -> Kanpur,perishables,29694.5,3
3581,51.28,2,True,48.1,56701.0,0.421,Raipur -> Jabalpur -> Bhopal,pharmaceuticals,29694.7,3
3582,-95.65,1,True,1051.5,33899.0,0.88,Visakhapatnam -> Chennai,electronics,29694.8,3
3583,-1.31,4,True,623.2,158404.0,0.477,Kolkata -> Patna -> Lucknow -> Delhi -> Ludhiana,textiles,29695.2,3
3584,-75.28,2,False,398.4,52921.0,0.456,Madurai -> Chennai -> Hyderabad,fmcg,29695.4,3
3585,18.11,3,True,401.9,111611.0,0.7,Bhubaneswar -> Raipur -> Jabalpur -> Bhopal,electronics,29695.6,3
3586,-73.95,3,False,419.4,66704.0,0.298,Lucknow -> Delhi -> Bhopal -> Nagpur,fmcg,29695.9,3
3587,51.15,2,True,61.0,18458.0,0.397,Ahmedabad -> Nashik -> Pune,electronics,29696.1,3
3588,-63.2,2,False,273.7,50293.0,1.129,Nashik -> Ahmedabad -> Jaipur,pharmaceuticals,29696.3,3
3589,45.35,4,True,187.0,61135.0,0.236,Bhopal -> Delhi -> Kanpur -> Varanasi -> Ranchi,textiles,29696.6,3
3590,-133.8,3,False,1004.5,59146.0,1.604,Guwahati -> Kolkata -> Bhubaneswar -> Visakhapatnam,electronics,29696.9,3
3591,-26.33,4,True,466.7,83562.0,0.615,Hyderabad -> Visakhapatnam -> Bhubaneswar -> Kolkata -> Patna,fmcg,29697.2,3
3592,33.47,3,True,264.0,60098.0,0.39,Guwahati -> Kolkata -> Bhubaneswar -> Visakhapatnam,fmcg,29697.5,3
3593,-62.4,3,False,290.3,92194.0,1.119,Indore -> Bhopal -> Nagpur -> Hyderabad,pharmaceuticals,29697.8,3
3594,-7.27,3,True,248.5,62936.0,1.059,Hyderabad -> Visakhapatnam -> Bhubaneswar -> Kolkata,pharmaceuticals,29698.0,3
3595,0.98,6,True,700.0,90063.0,0.639,Ranchi -> Varanasi -> Kanpur -> Delhi -> Jaipur -> Jodhpur -> Udaipur,textiles,29698.6,3
3596,52.1,2,True,50.2,23383.0,0.354,Lucknow -> Delhi -> Chandigarh,perishables,29698.8,3
3597,48.14,1,True,53.1,15614.0,0.162,Mumbai -> Ahmedabad,textiles,29698.9,3
3598,-57.7,1,False,162.6,90332.0,0.231,Raipur -> Nagpur,perishables,29699.0,3
3599,-80.66,5,False,529.1,92984.0,0.464,Kolkata -> Patna -> Lucknow -> Delhi -> Jaipur -> Indore,fmcg,29699.4,3
3600,-77.53,4,False,292.6,47200.0,1.561,Indore -> Bhopal -> Delhi -> Agra -> Gwalior,pharmaceuticals,29699.8,3
3601,33.2,4,True,294.9,83796.0,1.599,Kolkata -> Bhubaneswar -> Visakhapatnam -> Chennai -> Coimbatore,electronics,29704.0,3
3602,51.24,2,True,59.5,17500.0,0.566,Mysore -> Bangalore -> Hubli,pharmaceuticals,29704.2,3
3603,-64.72,2,False,278.5,49717.0,1.547,Kolkata -> Bhubaneswar -> Visakhapatnam,pharmaceuticals,29704.4,3
3604,20.06,4,True,389.0,54919.0,0.779,Nagpur -> Bhopal -> Indore -> Ahmedabad -> Vadodara,machinery,29704.8,3
3605,-60.98,4,False,307.3,112422.0,1.11,Kanpur -> Delhi -> Jaipur -> Ahmedabad -> Mumbai,pharmaceuticals,29705.2,3
3606,43.44,4,True,157.7,46311.0,0.797,Jabalpur -> Bhopal -> Gwalior -> Agra -> Kanpur,machinery,29705.5,3
3607,-61.96,5,False,345.9,86352.0,1.656,Ranchi -> Varanasi -> Kanpur -> Delhi -> Jaipur -> Ahmedabad,pharmaceuticals,29706.0,3
3608,-83.99,1,False,372.4,29249.0,0.505,Chennai -> Hyderabad,perishables,29706.0,3
3609,-113.68,6,False,853.2,133899.0,2.509,Chandigarh -> Delhi -> Jaipur -> Ahmedabad -> Mumbai -> Pune -> Bangalore,electronics,29706.6,3
3610,-65.54,4,False,317.4,41106.0,2.143,Chandigarh -> Delhi -> Agra -> Kanpur -> Varanasi,pharmaceuticals,29707.3,3
3611,26.29,4,True,371.7,60558.0,1.433,Bhopal -> Nagpur -> Hyderabad -> Bangalore -> Kochi,electronics,29707.7,3
3612,-91.22,5,False,563.2,70935.0,1.8,Kanpur -> Agra -> Gwalior -> Bhopal -> Nagpur -> Hyderabad,pharmaceuticals,29708.1,3
3613,-78.72,5,False,484.8,101612.0,1.9,Jodhpur -> Udaipur -> Ahmedabad -> Mumbai -> Pune -> Bangalore,pharmaceuticals,29708.6,3
3614,48.58,1,True,46.4,25584.0,0.026,Hubli -> Bangalore,textiles,29708.7,3
3615,46.11,2,True,104.5,42527.0,0.331,Bhubaneswar -> Kolkata -> Patna,pharmaceuticals,29708.8,3
3616,35.13,2,True,221.0,21678.0,0.247,Ludhiana -> Delhi -> Jaipur,fmcg,29709.1,3
3617,-64.89,3,False,318.4,60573.0,1.285,Kochi -> Coimbatore -> Chennai -> Visakhapatnam,pharmaceuticals,29709.3,3
3618,41.1,2,True,148.8,57567.0,0.584,Kolkata -> Bhubaneswar -> Raipur,electronics,29709.5,3
3619,47.67,1,True,58.4,9996.0,0.375,Chennai -> Bangalore,pharmaceuticals,29709.6,3
3620,31.9,5,True,339.4,126454.0,0.731,Kanpur -> Delhi -> Jaipur -> Ahmedabad -> Mumbai -> Pune,machinery,29710.1,3
3621,-7.62,4,True,709.8,78377.0,0.577,Visakhapatnam -> Hyderabad -> Nagpur -> Mumbai -> Nashik,textiles,29710.5,3
3622,49.43,2,True,74.1,17800.0,1.253,Madurai -> Coimbatore -> Kochi,pharmaceuticals,29710.6,3
3623,-24.57,3,True,393.2,59815.0,2.251,Hyderabad -> Visakhapatnam -> Bhubaneswar -> Kolkata,pharmaceuticals,29710.9,3
3624,49.07,3,True,96.5,105333.0,0.23,Kolkata -> Patna -> Lucknow -> Kanpur,textiles,29711.3,3
3625,35.22,3,True,235.1,51601.0,1.221,Varanasi -> Ranchi -> Bhubaneswar -> Raipur,pharmaceuticals,29711.5,3
3626,-57.47,5,True,1182.3,285703.0,1.33,Rajkot -> Surat -> Mumbai -> Pune -> Bangalore -> Kochi,machinery,29712.0,3
3627,-45.7,3,True,984.3,292078.0,1.008,Bangalore -> Pune -> Mumbai -> Surat,machinery,29712.3,3
3628,-12.77,5,True,384.8,83126.0,0.478,Chennai -> Hyderabad -> Nagpur -> Bhopal -> Indore -> Jaipur,fmcg,29712.7,3
3629,46.74,3,True,138.7,41116.0,0.321,Ahmedabad -> Indore -> Bhopal -> Gwalior,textiles,29712.9,3
3630,-137.94,1,False,933.4,28960.0,0.33,Visakhapatnam -> Hyderabad,fmcg,29713.0,3
3631,-61.14,3,False,285.4,64778.0,1.41,Ludhiana -> Delhi -> Bhopal -> Nagpur,pharmaceuticals,29713.3,3
3632,46.43,3,True,144.6,32275.0,0.284,Jodhpur -> Jaipur -> Delhi -> Lucknow,textiles,29713.6,3
3633,44.97,1,True,87.1,8862.0,0.119,Hubli -> Mangalore,textiles,29713.7,3
3634,47.72,3,True,129.6,38689.0,0.322,Rajkot -> Ahmedabad -> Jaipur -> Delhi,textiles,29713.9,3
3635,22.42,4,True,366.0,60690.0,0.321,Lucknow -> Patna -> Kolkata -> Ranchi -> Bhubaneswar,textiles,29714.3,3
3636,53.39,1,True,4.4,3436.0,0.122,Ahmedabad -> Vadodara,pharmaceuticals,29714.5,3
3637,44.06,4,True,201.7,52814.0,0.386,Rajkot -> Ahmedabad -> Jaipur -> Delhi -> Kanpur,fmcg,29714.8,3
3638,46.91,1,True,65.1,18291.0,0.066,Visakhapatnam -> Hyderabad,fmcg,29714.9,3
3639,2.87,4,True,569.3,154811.0,2.381,Vadodara -> Ahmedabad -> Mumbai -> Nagpur -> Hyderabad,electronics,29715.3,3
3640,-29.99,1,True,342.1,32906.0,0.384,Bhopal -> Delhi,perishables,29715.4,3
3641,-101.36,4,False,681.0,138420.0,0.688,Kolkata -> Bhubaneswar -> Raipur -> Nagpur -> Mumbai,fmcg,29715.8,3
3642,36.95,2,True,193.6,51572.0,0.298,Ludhiana -> Delhi -> Bhopal,fmcg,29715.9,3
3643,-24.87,4,True,455.8,58599.0,0.871,Pune -> Mumbai -> Ahmedabad -> Udaipur -> Jodhpur,fmcg,29716.3,3
3644,41.13,4,True,230.0,54035.0,0.503,Rajkot -> Surat -> Mumbai -> Nagpur -> Raipur,fmcg,29716.7,3
3645,-55.8,2,False,193.2,21723.0,0.377,Udaipur -> Indore -> Bhopal,perishables,29716.9,3
3646,42.66,3,True,180.7,33229.0,0.55,Jabalpur -> Bhopal -> Indore -> Ahmedabad,fmcg,29717.1,3
3647,-50.21,2,False,149.3,32475.0,0.256,Vadodara -> Ahmedabad -> Nashik,perishables,29717.3,3
3648,48.28,1,True,50.3,21125.0,0.128,Bangalore -> Chennai,textiles,29717.4,3
3649,27.27,3,True,332.0,44482.0,0.392,Raipur -> Nagpur -> Mumbai -> Nashik,textiles,29717.7,3
3650,-21.34,6,True,864.9,117789.0,0.616,Indore -> Bhopal -> Nagpur -> Mumbai -> Pune -> Bangalore -> Mysore,textiles,29718.2,3
3651,33.54,4,True,273.1,158976.0,0.759,Mysore -> Bangalore -> Chennai -> Visakhapatnam -> Bhubaneswar,machinery,29718.8,3
3652,-112.56,2,False,615.4,28403.0,0.912,Mysore -> Bangalore -> Pune,perishables,29719.0,3
3653,42.39,3,True,175.9,58469.0,0.53,Pune -> Bangalore -> Hyderabad -> Visakhapatnam,electronics,29719.2,3
3654,50.29,2,True,59.2,55696.0,0.235,Jodhpur -> Udaipur -> Indore,fmcg,29719.4,3
3655,-25.54,6,True,943.3,145229.0,1.71,Chandigarh -> Delhi -> Bhopal -> Nagpur -> Hyderabad -> Bangalore -> Kochi,machinery,29719.9,3
3656,44.87,1,True,85.1,17370.0,0.193,Lucknow -> Agra,electronics,29720.0,3
3657,38.24,4,True,257.6,51478.0,0.906,Vadodara -> Surat -> Mumbai -> Pune -> Bangalore,machinery,30867.8,3
3658,-58.22,7,True,834.8,128558.0,2.983,Amritsar -> Ludhiana -> Delhi -> Kanpur -> Varanasi -> Patna -> Kolkata -> Guwahati,electronics,30868.3,3
3659,-71.93,3,False,396.3,76141.0,0.237,Bhubaneswar -> Raipur -> Nagpur -> Mumbai,fmcg,30868.5,3
3660,-0.54,4,True,634.4,89560.0,0.82,Visakhapatnam -> Hyderabad -> Nagpur -> Mumbai -> Nashik,machinery,30868.8,3
3661,28.82,5,True,329.4,90388.0,1.058,Chandigarh -> Delhi -> Kanpur -> Varanasi -> Patna -> Kolkata,machinery,30869.2,3
3662,-77.41,5,False,470.0,74471.0,0.962,Gwalior -> Agra -> Kanpur -> Varanasi -> Patna -> Kolkata,fmcg,30869.5,3
3663,47.83,2,True,94.2,19759.0,0.311,Nashik -> Ahmedabad -> Udaipur,fmcg,30869.7,3
3664,31.34,5,True,306.2,71716.0,0.579,Gwalior -> Agra -> Kanpur -> Varanasi -> Patna -> Kolkata,fmcg,30870.1,3
3665,49.74,3,True,111.4,34097.0,0.194,Delhi -> Kanpur -> Varanasi -> Ranchi,fmcg,30870.3,3
3666,45.24,5,True,227.1,55233.0,0.78,Amritsar -> Ludhiana -> Delhi -> Kanpur -> Varanasi -> Ranchi,machinery,30870.6,3
3667,-18.4,1,True,288.7,43161.0,0.444,Visakhapatnam -> Chennai,pharmaceuticals,30870.7,3
3668,33.53,3,True,264.9,55022.0,0.377,Bhopal -> Nagpur -> Hyderabad -> Bangalore,fmcg,30870.9,3
3669,48.26,2,True,88.1,23830.0,0.442,Lucknow -> Patna -> Ranchi,pharmaceuticals,30871.1,3
3670,44.48,2,True,126.8,24571.0,0.211,Nashik -> Ahmedabad -> Vadodara,fmcg,30871.2,3
3671,-55.2,4,False,260.5,72604.0,0.981,Guwahati -> Kolkata -> Patna -> Lucknow -> Delhi,pharmaceuticals,30871.5,3
3672,-57.2,4,False,241.8,55926.0,0.719,Kanpur -> Lucknow -> Patna -> Kolkata -> Bhubaneswar,pharmaceuticals,30871.8,3
3673,6.18,4,True,571.3,82589.0,0.415,Hubli -> Bangalore -> Hyderabad -> Nagpur -> Raipur,textiles,30872.1,3
3674,14.07,5,True,520.2,115399.0,0.887,Mumbai -> Ahmedabad -> Jaipur -> Delhi -> Kanpur -> Varanasi,machinery,30872.4,3
3675,47.71,1,True,59.2,4905.0,0.43,Mysore -> Bangalore,perishables,30872.5,3
3676,-36.4,2,True,473.4,48727.0,1.011,Pune -> Bangalore -> Hubli,pharmaceuticals,30872.7,3
3677,-39.8,3,True,467.9,55284.0,0.932,Bhopal -> Nagpur -> Hyderabad -> Chennai,perishables,30873.0,3
3678,-26.97,7,True,983.7,193929.0,1.549,Coimbatore -> Chennai -> Hyderabad -> Nagpur -> Bhopal -> Delhi -> Ludhiana -> Amritsar,machinery,30873.5,3
3679,16.1,3,True,439.6,59021.0,0.344,Mumbai -> Pune -> Bangalore -> Kochi,textiles,30873.7,3
3680,50.88,3,True,99.4,22920.0,0.98,Jaipur -> Delhi -> Agra -> Gwalior,pharmaceuticals,30873.9,3
3681,11.47,4,True,475.9,57795.0,0.405,Patna -> Varanasi -> Kanpur -> Delhi -> Chandigarh,textiles,30874.2,3
3682,46.01,1,True,73.3,17417.0,0.271,Ahmedabad -> Jaipur,pharmaceuticals,30874.2,3
3683,-57.81,2,False,204.9,34128.0,0.521,Kochi -> Bangalore -> Pune,perishables,30874.4,3
3684,48.29,4,True,159.5,53098.0,0.34,Ahmedabad -> Mumbai -> Pune -> Bangalore -> Coimbatore,fmcg,30874.7,3
3685,33.56,3,True,263.3,63352.0,0.412,Jaipur -> Ahmedabad -> Mumbai -> Pune,machinery,30874.9,3
3686,-43.49,3,False,125.3,33437.0,0.754,Vadodara -> Ahmedabad -> Jaipur -> Delhi,perishables,30875.1,3
3687,-55.48,3,False,240.5,50204.0,1.429,Hyderabad -> Nagpur -> Bhopal -> Delhi,pharmaceuticals,30875.3,3
3688,48.72,1,True,47.2,8698.0,0.607,Delhi -> Jaipur,electronics,30875.4,3
3689,-11.33,5,True,774.7,106307.0,1.343,Chennai -> Hyderabad -> Nagpur -> Bhopal -> Gwalior -> Agra,machinery,30875.7,3
3690,-100.71,4,False,566.2,73844.0,1.396,Rajkot -> Ahmedabad -> Mumbai -> Pune -> Bangalore,perishables,30876.0,3
3691,41.86,4,True,174.0,49662.0,0.499,Lucknow -> Agra -> Gwalior -> Bhopal -> Jabalpur,fmcg,30876.3,3
3692,39.59,2,True,164.3,54982.0,0.659,Vadodara -> Surat -> Mumbai,machinery,30876.5,3
3693,-85.31,2,False,491.4,47827.0,0.154,Bhubaneswar -> Visakhapatnam -> Chennai,fmcg,30876.6,3
3694,-134.23,4,False,994.1,71941.0,0.689,Patna -> Kolkata -> Bhubaneswar -> Visakhapatnam -> Chennai,fmcg,30876.9,3
3695,-47.08,2,False,126.0,24213.0,0.697,Varanasi -> Kanpur -> Delhi,perishables,30877.1,3
3696,52.07,1,True,17.0,7113.0,0.03,Mumbai -> Pune,textiles,30877.2,3
3697,-3.35,3,True,616.1,115448.0,0.559,Raipur -> Nagpur -> Hyderabad -> Bangalore,machinery,30877.4,3
3698,-71.21,3,False,393.5,72291.0,0.233,Raipur -> Jabalpur -> Bhopal -> Delhi,fmcg,30877.6,3
3699,20.87,3,True,388.6,56675.0,1.146,Guwahati -> Kolkata -> Patna -> Lucknow,electronics,30877.8,3
3700,55.55,3,True,54.4,22202.0,0.683,Indore -> Bhopal -> Gwalior -> Agra,electronics,30878.0,3
3701,29.62,3,True,300.2,62323.0,0.967,Chennai -> Visakhapatnam -> Bhubaneswar -> Kolkata,electronics,30881.2,3
3702,-90.43,2,False,533.2,59679.0,0.391,Jaipur -> Ahmedabad -> Mumbai,fmcg,30881.4,3
3703,43.39,4,True,201.1,60722.0,1.343,Pune -> Mumbai -> Ahmedabad -> Jaipur -> Delhi,electronics,30881.6,3
3704,-46.57,2,False,121.3,24794.0,0.899,Delhi -> Jaipur -> Jodhpur,perishables,30881.8,3
3705,25.59,4,True,374.0,76303.0,1.445,Gwalior -> Bhopal -> Nagpur -> Hyderabad -> Chennai,electronics,30882.1,3
3706,44.02,2,True,111.7,57578.0,0.31,Visakhapatnam -> Chennai -> Madurai,perishables,30882.2,3
3707,-16.94,4,True,801.6,82482.0,0.598,Jabalpur -> Nagpur -> Hyderabad -> Bangalore -> Hubli,textiles,30882.5,3
3708,-75.01,1,False,308.5,14989.0,0.463,Raipur -> Bhubaneswar,perishables,30882.6,3
3709,8.04,6,True,607.5,150557.0,1.374,Rajkot -> Surat -> Mumbai -> Nagpur -> Hyderabad -> Chennai -> Madurai,machinery,30882.9,3
3710,43.1,4,True,204.9,62848.0,1.057,Patna -> Lucknow -> Delhi -> Bhopal -> Indore,electronics,30883.2,3
3711,14.75,6,True,503.3,84149.0,2.777,Bhubaneswar -> Visakhapatnam -> Chennai -> Madurai -> Coimbatore -> Kochi -> Thiruvananthapuram,electronics,30883.6,3
3712,-46.26,3,False,139.1,37817.0,0.982,Patna -> Kolkata -> Bhubaneswar -> Visakhapatnam,perishables,30883.8,3
3713,-52.76,2,False,164.9,24416.0,0.641,Visakhapatnam -> Bhubaneswar -> Ranchi,perishables,30884.0,3
3714,14.43,4,True,478.3,103953.0,1.256,Rajkot -> Ahmedabad -> Jaipur -> Delhi -> Lucknow,machinery,30884.3,3
3715,26.84,4,True,344.1,93541.0,0.601,Udaipur -> Jodhpur -> Jaipur -> Delhi -> Ludhiana,fmcg,30884.6,3
3716,-70.87,2,False,282.9,125223.0,0.38,Surat -> Mumbai -> Nagpur,perishables,30884.7,3
3717,55.62,3,True,55.3,21225.0,0.422,Jaipur -> Delhi -> Agra -> Gwalior,perishables,30884.9,3
3718,44.51,2,True,123.6,15879.0,1.309,Nagpur -> Bhopal -> Indore,electronics,30885.1,3
3719,25.91,4,True,366.2,83999.0,1.902,Amritsar -> Ludhiana -> Delhi -> Bhopal -> Gwalior,electronics,30885.3,3
3720,-6.06,6,True,759.1,121920.0,0.984,Kolkata -> Bhubaneswar -> Raipur -> Nagpur -> Mumbai -> Surat -> Rajkot,machinery,30885.8,3
3721,-3.3,5,True,706.2,78126.0,0.679,Kochi -> Bangalore -> Pune -> Nashik -> Ahmedabad -> Udaipur,textiles,30886.1,3
3722,52.44,1,True,12.9,5400.0,0.21,Agra -> Gwalior,machinery,30886.2,3
3723,-10.09,3,True,266.9,57688.0,1.281,Ahmedabad -> Jaipur -> Delhi -> Ludhiana,pharmaceuticals,30886.4,3
3724,28.55,3,True,307.7,58012.0,0.638,Nagpur -> Bhopal -> Delhi -> Chandigarh,fmcg,30886.6,3
3725,46.3,3,True,138.8,41859.0,1.122,Surat -> Mumbai -> Nagpur -> Raipur,electronics,30886.8,3
3726,-69.69,3,False,382.1,62156.0,0.34,Mangalore -> Mysore -> Bangalore -> Pune,fmcg,30887.0,3
3727,-53.77,8,True,1101.3,175228.0,0.761,Kochi -> Bangalore -> Hyderabad -> Visakhapatnam -> Chennai -> Hyderabad -> Nagpur -> Bhopal -> Gwalior,textiles,30887.6,3
3728,38.49,2,True,177.7,51718.0,0.38,Kochi -> Bangalore -> Hyderabad,machinery,30887.8,3
3729,-26.99,2,True,391.3,49155.0,1.333,Ranchi -> Kolkata -> Guwahati,pharmaceuticals,30887.9,3
3730,51.34,2,True,60.6,17082.0,0.181,Indore -> Ahmedabad -> Vadodara,textiles,30888.1,3
3731,51.94,1,True,18.0,6127.0,0.157,Lucknow -> Kanpur,machinery,30888.2,3
3732,-89.71,3,False,560.8,67945.0,0.302,Rajkot -> Ahmedabad -> Mumbai -> Nagpur,fmcg,30888.4,3
3733,36.32,2,True,197.0,31424.0,1.113,Visakhapatnam -> Hyderabad -> Nagpur,pharmaceuticals,30888.6,3
3734,24.65,5,True,373.5,67120.0,1.977,Bhubaneswar -> Raipur -> Jabalpur -> Bhopal -> Indore -> Ahmedabad,electronics,30889.0,3
3735,-32.87,3,True,502.4,47935.0,0.612,Surat -> Mumbai -> Nagpur -> Raipur,fmcg,30889.2,3
3736,5.4,3,True,542.3,70074.0,0.536,Surat -> Mumbai -> Nagpur -> Jabalpur,machinery,30889.4,3
3737,-53.79,1,False,147.5,27672.0,0.186,Hyderabad -> Bangalore,perishables,30889.5,3
3738,-27.4,4,True,906.8,80063.0,0.639,Chennai -> Hyderabad -> Nagpur -> Bhopal -> Indore,textiles,30889.8,3
3739,-6.38,5,True,727.0,103833.0,1.119,Ranchi -> Bhubaneswar -> Visakhapatnam -> Hyderabad -> Bangalore -> Hubli,machinery,30890.2,3
3740,-0.98,4,True,193.6,64490.0,0.466,Lucknow -> Delhi -> Bhopal -> Jabalpur -> Raipur,perishables,30890.5,3
3741,46.58,2,True,103.3,34602.0,0.098,Nashik -> Ahmedabad -> Jaipur,machinery,30890.7,3
3742,42.12,2,True,141.9,51694.0,0.262,Delhi -> Bhopal -> Nagpur,machinery,30890.8,3
3743,-9.61,5,True,759.4,98129.0,1.459,Mangalore -> Hubli -> Bangalore -> Hyderabad -> Nagpur -> Jabalpur,machinery,30891.2,3
3744,26.03,4,True,373.4,82663.0,0.305,Visakhapatnam -> Hyderabad -> Nagpur -> Mumbai -> Surat,textiles,30891.5,3
3745,36.91,3,True,220.4,44252.0,1.684,Rajkot -> Surat -> Mumbai -> Nagpur,pharmaceuticals,30891.7,3
3746,52.28,2,True,48.5,26139.0,0.177,Surat -> Mumbai -> Ahmedabad,machinery,30891.8,3
3747,-68.35,8,False,402.7,94139.0,1.163,Lucknow -> Kanpur -> Agra -> Gwalior -> Bhopal -> Nagpur -> Hyderabad -> Visakhapatnam -> Chennai,fmcg,30892.4,3
3748,-48.37,2,False,134.5,26804.0,0.852,Nashik -> Mumbai -> Nagpur,perishables,30892.5,3
3749,21.09,4,True,428.8,60198.0,0.45,Visakhapatnam -> Hyderabad -> Nagpur -> Mumbai -> Nashik,textiles,30892.8,3
3750,2.39,5,True,643.3,83887.0,1.514,Udaipur -> Ahmedabad -> Mumbai -> Pune -> Bangalore -> Coimbatore,machinery,30893.2,3
3751,-93.36,2,False,562.0,51849.0,0.335,Ranchi -> Bhubaneswar -> Visakhapatnam,fmcg,30893.4,3
3752,-100.8,1,False,481.7,104870.0,0.455,Nagpur -> Bhopal,perishables,30893.4,3
3753,-68.55,2,False,281.9,45163.0,0.83,Mysore -> Bangalore -> Pune,perishables,30893.6,3
3754,-64.79,4,False,263.7,59665.0,0.92,Jaipur -> Delhi -> Kanpur -> Varanasi -> Ranchi,perishables,30893.9,3
3755,-55.79,4,False,232.4,59741.0,1.057,Mysore -> Bangalore -> Pune -> Mumbai -> Ahmedabad,perishables,30894.2,3
3756,-6.91,6,True,702.6,77178.0,3.509,Ranchi -> Varanasi -> Kanpur -> Agra -> Delhi -> Ludhiana -> Amritsar,electronics,30894.6,3
3757,-51.83,1,False,135.1,9192.0,0.677,Mangalore -> Hubli,perishables,30894.7,3
3758,37.7,4,True,262.8,55089.0,0.495,Jaipur -> Delhi -> Bhopal -> Jabalpur -> Raipur,fmcg,30895.0,3
3759,46.41,1,True,69.7,14981.0,0.356,Hubli -> Bangalore,pharmaceuticals,30895.0,3
3760,39.32,2,True,175.4,28313.0,0.588,Jodhpur -> Udaipur -> Ahmedabad,electronics,30895.2,3
3761,-53.0,2,False,165.7,34802.0,0.7,Visakhapatnam -> Hyderabad -> Nagpur,perishables,30895.3,3
3762,-119.62,2,False,761.5,37131.0,0.927,Thiruvananthapuram -> Kochi -> Bangalore,pharmaceuticals,30895.5,3
3763,-0.53,5,True,654.9,102603.0,1.938,Indore -> Bhopal -> Nagpur -> Hyderabad -> Chennai -> Madurai,electronics,30895.8,3
3764,31.61,3,True,280.6,72401.0,0.309,Nashik -> Mumbai -> Nagpur -> Hyderabad,textiles,30896.1,3
3765,-65.82,4,False,374.5,68800.0,0.568,Madurai -> Chennai -> Hyderabad -> Nagpur -> Mumbai,fmcg,30896.3,3
3766,-93.36,3,False,588.3,70498.0,0.466,Kanpur -> Delhi -> Jaipur -> Ahmedabad,fmcg,30896.6,3
3767,35.0,5,True,327.4,68643.0,0.401,Bhubaneswar -> Raipur -> Jabalpur -> Bhopal -> Delhi -> Jaipur,textiles,30896.9,3
3768,-166.76,4,False,1285.3,79951.0,0.699,Rajkot -> Surat -> Mumbai -> Pune -> Bangalore,fmcg,30897.2,3
3769,38.65,1,True,148.2,14812.0,0.178,Coimbatore -> Chennai,textiles,30897.3,3
3770,-60.59,2,False,258.2,20476.0,1.317,Thiruvananthapuram -> Kochi -> Bangalore,pharmaceuticals,30897.4,3
3771,51.8,2,True,57.2,14199.0,0.109,Mysore -> Bangalore -> Chennai,fmcg,30897.6,3
3772,5.14,6,True,609.4,88266.0,0.543,Mysore -> Bangalore -> Pune -> Nashik -> Ahmedabad -> Jaipur -> Delhi,textiles,30898.0,3
3773,51.97,1,True,16.8,10237.0,0.079,Lucknow -> Agra,machinery,30898.1,3
3774,-60.93,2,False,229.4,25547.0,0.761,Udaipur -> Jodhpur -> Jaipur,perishables,30898.2,3
3775,28.74,3,True,309.5,67150.0,0.585,Lucknow -> Patna -> Kolkata -> Guwahati,electronics,30898.4,3
3776,37.97,3,True,223.9,39102.0,0.937,Thiruvananthapuram -> Kochi -> Bangalore -> Hubli,machinery,30898.6,3
3777,51.9,2,True,53.8,21414.0,0.154,Rajkot -> Ahmedabad -> Indore,pharmaceuticals,30898.8,3
3778,-46.79,3,False,150.1,40106.0,0.763,Amritsar -> Ludhiana -> Delhi -> Bhopal,perishables,30899.0,3
3779,40.81,2,True,160.9,18962.0,1.071,Kanpur -> Varanasi -> Patna,pharmaceuticals,30899.2,3
3780,50.32,2,True,68.4,25231.0,0.167,Jodhpur -> Jaipur -> Delhi,electronics,30899.3,3
3781,25.85,3,True,347.0,41335.0,0.408,Patna -> Lucknow -> Delhi -> Chandigarh,textiles,30899.5,3
3782,34.55,3,True,258.1,44836.0,0.465,Kochi -> Bangalore -> Pune -> Mumbai,fmcg,30899.7,3
3783,50.45,1,True,30.9,14205.0,0.058,Ahmedabad -> Nashik,machinery,30899.8,3
3784,20.78,4,True,434.7,50286.0,0.492,Mangalore -> Mysore -> Bangalore -> Pune -> Nashik,textiles,30900.2,3
3785,-64.85,4,False,307.1,59743.0,1.866,Kanpur -> Agra -> Delhi -> Bhopal -> Nagpur,pharmaceuticals,30900.8,3
3786,9.52,4,True,538.4,75375.0,0.754,Amritsar -> Ludhiana -> Delhi -> Bhopal -> Indore,machinery,30901.1,3
3787,-31.01,5,True,525.9,115037.0,0.725,Madurai -> Chennai -> Visakhapatnam -> Bhubaneswar -> Kolkata -> Guwahati,fmcg,30901.4,3
3788,47.56,5,True,209.5,39620.0,0.593,Chandigarh -> Delhi -> Jaipur -> Ahmedabad -> Vadodara -> Surat,fmcg,30901.8,3
3789,26.12,5,True,403.5,97164.0,1.227,Amritsar -> Ludhiana -> Delhi -> Lucknow -> Patna -> Kolkata,machinery,30902.1,3
3790,17.2,3,True,428.9,42380.0,1.275,Jabalpur -> Bhopal -> Indore -> Ahmedabad,electronics,30902.4,3
3791,45.53,3,True,144.1,62354.0,0.378,Bhopal -> Delhi -> Kanpur -> Varanasi,machinery,30902.6,3
3792,-54.29,3,False,195.6,53571.0,0.906,Kolkata -> Bhubaneswar -> Visakhapatnam -> Chennai,perishables,30902.8,3
3793,-24.96,5,True,903.5,134142.0,1.171,Varanasi -> Ranchi -> Bhubaneswar -> Visakhapatnam -> Chennai -> Coimbatore,machinery,30903.1,3
3794,49.03,2,True,79.9,15147.0,1.053,Chennai -> Bangalore -> Mysore,electronics,30903.3,3
3795,21.04,6,True,403.8,240891.0,0.696,Ludhiana -> Chandigarh -> Delhi -> Jaipur -> Ahmedabad -> Vadodara -> Surat,textiles,30903.7,3
3796,-15.91,6,True,864.0,107746.0,0.554,Varanasi -> Kanpur -> Delhi -> Jaipur -> Ahmedabad -> Vadodara -> Surat,textiles,30904.2,3
3797,45.57,2,True,112.5,17438.0,1.322,Jaipur -> Delhi -> Chandigarh,electronics,30904.3,3
3798,38.9,3,True,214.6,44675.0,0.616,Mumbai -> Pune -> Bangalore -> Chennai,machinery,30904.5,3
3799,39.43,3,True,207.9,55444.0,0.242,Jabalpur -> Bhopal -> Delhi -> Jaipur,textiles,30904.7,3
3800,5.07,4,True,581.0,86670.0,0.458,Coimbatore -> Chennai -> Visakhapatnam -> Bhubaneswar -> Kolkata,textiles,30905.0,3
3801,43.35,7,True,238.1,66671.0,3.007,Surat -> Vadodara -> Ahmedabad -> Jaipur -> Delhi -> Kanpur -> Varanasi -> Patna,pharmaceuticals,30908.7,3
3802,51.18,2,True,58.1,26417.0,0.431,Ludhiana -> Delhi -> Lucknow,machinery,30908.9,3
3803,-72.63,5,False,431.9,53139.0,0.918,Bhubaneswar -> Ranchi -> Varanasi -> Kanpur -> Agra -> Delhi,fmcg,30909.2,3
3804,24.78,6,True,459.1,85816.0,1.47,Indore -> Bhopal -> Nagpur -> Hyderabad -> Bangalore -> Mysore -> Mangalore,machinery,30909.7,3
3805,-50.73,2,False,147.2,35585.0,0.321,Varanasi -> Ranchi -> Bhubaneswar,perishables,30909.8,3
3806,31.15,2,True,252.7,49779.0,0.161,Kolkata -> Bhubaneswar -> Raipur,textiles,30910.0,3
3807,6.93,3,True,537.2,40662.0,0.275,Ahmedabad -> Indore -> Bhopal -> Jabalpur,textiles,30910.2,3
3808,-111.64,3,False,794.3,65292.0,1.274,Kochi -> Bangalore -> Hyderabad -> Nagpur,electronics,30910.4,3
3809,19.9,3,True,399.6,56349.0,0.888,Visakhapatnam -> Bhubaneswar -> Ranchi -> Patna,electronics,30910.6,3
3810,-54.26,5,True,779.2,104458.0,2.234,Madurai -> Chennai -> Hyderabad -> Nagpur -> Mumbai -> Ahmedabad,electronics,30911.0,3
3811,27.5,5,True,345.3,50936.0,0.809,Varanasi -> Kanpur -> Agra -> Gwalior -> Bhopal -> Nagpur,fmcg,31916.9,3
3812,26.29,4,True,369.8,76875.0,0.861,Patna -> Ranchi -> Bhubaneswar -> Raipur -> Jabalpur,machinery,31917.1,3
3813,-65.5,3,True,831.5,66040.0,1.089,Mysore -> Madurai -> Chennai -> Visakhapatnam,electronics,31917.1,3
3814,34.42,3,True,255.7,45906.0,1.257,Delhi -> Jaipur -> Ahmedabad -> Nashik,electronics,31917.2,3
3815,-116.07,3,False,743.4,57256.0,0.907,Jodhpur -> Jaipur -> Indore -> Bhopal,electronics,31917.3,3
3816,-64.19,3,False,317.4,48910.0,0.999,Kanpur -> Varanasi -> Ranchi -> Bhubaneswar,pharmaceuticals,31917.3,3
3817,-55.3,1,False,159.9,17722.0,0.511,Jabalpur -> Bhopal,perishables,31917.3,3
3818,-1.59,7,True,641.7,113757.0,2.486,Hubli -> Bangalore -> Pune -> Mumbai -> Nashik -> Ahmedabad -> Jaipur -> Delhi,electronics,31917.5,3
3819,-5.39,1,True,157.7,34378.0,0.26,Bangalore -> Hyderabad,perishables,31917.5,3
3820,31.0,4,True,324.8,73402.0,0.619,Kolkata -> Patna -> Lucknow -> Delhi -> Jaipur,electronics,31917.6,3
3821,-76.93,2,False,407.6,50203.0,0.387,Guwahati -> Kolkata -> Patna,fmcg,31917.6,3
3822,50.85,1,True,27.5,12567.0,0.04,Hyderabad -> Nagpur,electronics,31917.7,3
3823,20.19,5,True,462.7,77879.0,2.419,Varanasi -> Kanpur -> Delhi -> Jaipur -> Ahmedabad -> Nashik,electronics,31917.8,3
3824,40.43,3,True,200.9,39738.0,0.569,Gwalior -> Agra -> Delhi -> Ludhiana,machinery,31917.8,3
3825,46.09,2,True,107.9,28614.0,0.542,Mumbai -> Surat -> Rajkot,electronics,31917.9,3
3826,-76.02,6,True,999.8,139421.0,2.506,Mangalore -> Mysore -> Bangalore -> Hyderabad -> Nagpur -> Bhopal -> Delhi,electronics,31918.0,3
3827,42.41,1,True,109.2,12233.0,0.62,Kochi -> Bangalore,electronics,31918.0,3
3828,-81.0,2,False,385.6,54564.0,0.36,Kochi -> Bangalore -> Pune,pharmaceuticals,31918.1,3
3829,38.82,2,True,183.3,24924.0,0.2,Chennai -> Bangalore -> Mysore,fmcg,31918.1,3
3830,-28.15,9,True,1041.8,138711.0,1.629,Amritsar -> Ludhiana -> Delhi -> Bhopal -> Nagpur -> Hyderabad -> Bangalore -> Coimbatore -> Kochi -> Thiruvananthapuram,machinery,31918.3,3
3831,-60.5,2,False,254.4,33754.0,1.201,Mumbai -> Pune -> Bangalore,pharmaceuticals,31918.3,3
3832,36.65,2,True,201.5,30099.0,0.58,Hubli -> Bangalore -> Coimbatore,machinery,31918.4,3
3833,-127.33,5,False,1013.9,68633.0,2.099,Jodhpur -> Udaipur -> Indore -> Bhopal -> Nagpur -> Hyderabad,electronics,31918.5,3
3834,44.23,3,True,157.6,51446.0,0.936,Bhopal -> Nagpur -> Hyderabad -> Chennai,electronics,31918.5,3
3835,49.2,1,True,44.0,12008.0,0.086,Udaipur -> Ahmedabad,fmcg,31918.6,3
3836,-59.15,2,False,242.2,42503.0,0.346,Mumbai -> Ahmedabad -> Jaipur,pharmaceuticals,31918.6,3
3837,-59.96,2,False,247.8,35379.0,1.588,Jabalpur -> Nagpur -> Hyderabad,pharmaceuticals,31918.6,3
3838,-62.92,4,False,240.9,70905.0,1.782,Ahmedabad -> Jaipur -> Delhi -> Kanpur -> Varanasi,pharmaceuticals,31918.7,3
3839,-66.7,3,True,718.1,60764.0,1.779,Jabalpur -> Raipur -> Nagpur -> Mumbai,pharmaceuticals,31918.8,3
3840,26.81,4,True,350.9,67850.0,0.482,Hyderabad -> Visakhapatnam -> Bhubaneswar -> Ranchi -> Patna,fmcg,31918.9,3
3841,46.45,3,True,141.3,26564.0,1.241,Indore -> Bhopal -> Jabalpur -> Raipur,electronics,31919.0,3
3842,49.02,2,True,71.5,51657.0,0.545,Mumbai -> Surat -> Vadodara,pharmaceuticals,31919.1,3
3843,-9.7,2,True,212.5,41594.0,0.598,Visakhapatnam -> Hyderabad -> Nagpur,perishables,31919.1,3
3844,38.63,4,True,250.5,72215.0,0.318,Bangalore -> Hyderabad -> Nagpur -> Bhopal -> Indore,fmcg,31919.2,3
3845,-3.63,3,True,627.0,83322.0,0.857,Hyderabad -> Nagpur -> Mumbai -> Ahmedabad,machinery,31919.3,3
3846,29.44,4,True,329.9,64757.0,0.459,Patna -> Lucknow -> Delhi -> Jaipur -> Jodhpur,fmcg,31919.4,3
3847,-71.6,3,False,335.4,34850.0,1.157,Gwalior -> Bhopal -> Nagpur -> Hyderabad,perishables,31919.4,3
3848,36.71,3,True,224.1,41459.0,1.341,Lucknow -> Delhi -> Jaipur -> Jodhpur,pharmaceuticals,31919.5,3
3849,54.74,4,True,91.2,52707.0,1.101,Mysore -> Bangalore -> Hyderabad -> Nagpur -> Raipur,electronics,31919.6,3
3850,-78.54,5,False,520.5,105409.0,0.472,Amritsar -> Ludhiana -> Delhi -> Bhopal -> Nagpur -> Hyderabad,fmcg,31919.7,3
3851,8.17,4,True,553.3,74601.0,0.526,Patna -> Kolkata -> Bhubaneswar -> Visakhapatnam -> Chennai,textiles,31919.8,3
3852,-50.99,2,False,153.4,24160.0,0.661,Ludhiana -> Delhi -> Lucknow,perishables,31919.8,3
3853,33.29,4,True,254.1,69258.0,0.454,Thiruvananthapuram -> Kochi -> Coimbatore -> Madurai -> Mysore,textiles,31919.9,3
3854,-100.88,1,False,567.2,39736.0,0.629,Chennai -> Visakhapatnam,pharmaceuticals,31919.9,3
3855,40.66,3,True,202.5,33368.0,0.165,Gwalior -> Agra -> Kanpur -> Varanasi,textiles,31920.0,3
3856,32.88,3,True,275.5,33683.0,0.596,Lucknow -> Patna -> Ranchi -> Bhubaneswar,fmcg,31920.0,3
3857,47.62,1,True,59.7,11021.0,0.157,Hubli -> Mangalore,machinery,31920.1,3
3858,41.75,1,True,111.9,32331.0,0.176,Ahmedabad -> Jaipur,fmcg,31920.1,3
3859,44.55,4,True,197.3,52521.0,0.299,Jabalpur -> Bhopal -> Delhi -> Kanpur -> Varanasi,textiles,31920.2,3
3860,-22.49,4,True,424.2,59432.0,0.632,Surat -> Mumbai -> Nagpur -> Raipur -> Bhubaneswar,fmcg,31920.3,3
3861,53.53,2,True,36.9,16269.0,0.566,Chennai -> Bangalore -> Mysore,pharmaceuticals,31920.4,3
3862,-49.71,4,True,598.4,54836.0,3.103,Jabalpur -> Bhopal -> Gwalior -> Agra -> Lucknow,pharmaceuticals,31920.4,3
3863,32.26,3,True,271.6,78358.0,0.466,Udaipur -> Indore -> Bhopal -> Jabalpur,machinery,31920.5,3
3864,32.79,3,True,225.1,157151.0,0.851,Surat -> Mumbai -> Nagpur -> Raipur,pharmaceuticals,31920.6,3
3865,51.48,3,True,88.4,40368.0,0.923,Nagpur -> Mumbai -> Surat -> Rajkot,electronics,31920.6,3
3866,46.8,2,True,101.8,16060.0,1.075,Vadodara -> Surat -> Mumbai,pharmaceuticals,31920.7,3
3867,42.88,1,True,99.9,14721.0,0.314,Hyderabad -> Nagpur,perishables,31920.7,3
3868,-26.07,2,True,388.4,25490.0,1.59,Hubli -> Mangalore -> Mysore,pharmaceuticals,31920.7,3
3869,-57.24,2,False,154.7,51453.0,0.177,Jaipur -> Ahmedabad -> Indore,perishables,31920.8,3
3870,-89.47,5,False,295.7,66820.0,1.541,Gwalior -> Bhopal -> Nagpur -> Jabalpur -> Bhopal -> Gwalior,pharmaceuticals,31920.9,3
3871,19.93,4,True,426.5,93004.0,1.251,Lucknow -> Patna -> Kolkata -> Bhubaneswar -> Visakhapatnam,electronics,31921.0,3
3872,-49.97,4,False,130.0,35772.0,0.744,Kanpur -> Lucknow -> Agra -> Gwalior -> Bhopal,perishables,31921.1,3
3873,-116.66,2,False,638.0,43477.0,1.23,Jaipur -> Delhi -> Bhopal,perishables,31921.1,3
3874,-18.15,2,True,279.1,29902.0,0.622,Bhubaneswar -> Visakhapatnam -> Hyderabad,perishables,31921.2,3
3875,-91.32,2,False,542.1,54114.0,0.53,Coimbatore -> Chennai -> Visakhapatnam,fmcg,31921.2,3
3876,24.44,4,True,388.8,65634.0,1.417,Chennai -> Hyderabad -> Nagpur -> Bhopal -> Gwalior,electronics,31921.3,3
3877,35.27,2,True,204.8,26756.0,0.735,Delhi -> Bhopal -> Indore,pharmaceuticals,31921.4,3
3878,-11.32,3,True,294.5,46783.0,0.727,Ludhiana -> Delhi -> Bhopal -> Jabalpur,pharmaceuticals,31921.5,3
3879,32.48,3,True,275.0,44162.0,1.373,Nagpur -> Bhopal -> Delhi -> Agra,electronics,31921.5,3
3880,-79.7,4,False,454.5,82492.0,1.934,Rajkot -> Surat -> Mumbai -> Pune -> Bangalore,pharmaceuticals,31921.6,3
3881,-50.34,2,False,145.7,48590.0,0.531,Hyderabad -> Nagpur -> Bhopal,perishables,31921.7,3
3882,33.66,5,True,330.7,73697.0,2.119,Amritsar -> Ludhiana -> Delhi -> Jaipur -> Ahmedabad -> Nashik,electronics,31921.8,3
3883,-3.26,3,True,184.3,103463.0,0.774,Pune -> Mumbai -> Surat -> Rajkot,perishables,31921.8,3
3884,52.4,1,True,13.2,4670.0,0.282,Amritsar -> Ludhiana,fmcg,31921.9,3
3885,50.9,1,True,26.1,11059.0,0.319,Chennai -> Bangalore,pharmaceuticals,31921.9,3
3886,37.95,5,True,284.6,110678.0,0.548,Amritsar -> Ludhiana -> Delhi -> Bhopal -> Nagpur -> Hyderabad,textiles,31922.0,3
3887,-24.43,6,True,894.8,118527.0,0.789,Visakhapatnam -> Chennai -> Hyderabad -> Nagpur -> Mumbai -> Surat -> Vadodara,textiles,31922.2,3
3888,-69.24,3,False,314.3,58616.0,1.22,Bhopal -> Jabalpur -> Nagpur -> Hyderabad,pharmaceuticals,31922.3,3
3889,50.09,2,True,71.2,21724.0,0.275,Jaipur -> Delhi -> Lucknow,pharmaceuticals,31922.4,3
3890,-89.45,2,False,438.0,40848.0,0.951,Kolkata -> Patna -> Lucknow,perishables,31922.4,3
3891,51.65,1,True,20.0,10431.0,0.077,Ahmedabad -> Indore,fmcg,31922.4,3
3892,52.48,2,True,47.2,12535.0,0.847,Surat -> Vadodara -> Ahmedabad,pharmaceuticals,31922.5,3
3893,-66.62,2,False,299.2,46051.0,1.487,Patna -> Lucknow -> Delhi,pharmaceuticals,31922.5,3
3894,27.29,3,True,331.9,45321.0,0.327,Mangalore -> Hubli -> Bangalore -> Chennai,textiles,31922.6,3
3895,46.57,1,True,66.4,24146.0,0.145,Nagpur -> Hyderabad,fmcg,31922.6,3
3896,38.79,2,True,180.7,32145.0,0.342,Mangalore -> Mysore -> Madurai,fmcg,31922.7,3
3897,31.63,5,True,336.5,99492.0,0.677,Kolkata -> Bhubaneswar -> Raipur -> Nagpur -> Mumbai -> Surat,fmcg,31922.8,3
3898,41.78,3,True,184.0,45663.0,0.904,Varanasi -> Patna -> Kolkata -> Guwahati,machinery,31922.9,3
3899,-35.39,2,True,485.6,67547.0,0.289,Hyderabad -> Nagpur -> Mumbai,fmcg,31922.9,3
3900,4.87,5,True,606.7,73547.0,2.926,Madurai -> Chennai -> Hyderabad -> Nagpur -> Bhopal -> Indore,electronics,31923.0,3
3901,-91.44,2,False,510.7,61237.0,1.628,Mumbai -> Pune -> Bangalore,pharmaceuticals,31924.3,3
3902,-60.16,1,False,198.3,7810.0,0.563,Mumbai -> Pune,perishables,31924.3,3
3903,-17.09,4,True,381.9,70053.0,0.477,Jodhpur -> Jaipur -> Delhi -> Bhopal -> Jabalpur,fmcg,31924.4,3
3904,20.72,4,True,427.8,68373.0,0.892,Vadodara -> Ahmedabad -> Jaipur -> Delhi -> Ludhiana,machinery,31924.5,3
3905,51.04,4,True,136.3,40950.0,0.205,Udaipur -> Jodhpur -> Jaipur -> Delhi -> Ludhiana,textiles,31924.6,3
3906,-69.46,3,False,317.2,55561.0,0.592,Patna -> Kolkata -> Bhubaneswar -> Visakhapatnam,perishables,31924.6,3
3907,41.37,3,True,185.0,64170.0,0.414,Surat -> Mumbai -> Nagpur -> Hyderabad,fmcg,31924.7,3
3908,32.73,2,True,243.0,25908.0,0.4,Thiruvananthapuram -> Kochi -> Bangalore,fmcg,31924.7,3
3909,44.4,3,True,160.8,31915.0,1.117,Bhopal -> Indore -> Udaipur -> Jodhpur,electronics,31924.8,3
3910,34.78,1,True,185.1,17315.0,0.391,Ludhiana -> Delhi,electronics,31924.8,3
3911,-81.03,3,False,457.9,65300.0,0.914,Mangalore -> Mysore -> Bangalore -> Pune,pharmaceuticals,31924.9,3
3912,-49.13,2,False,140.0,33382.0,0.537,Chandigarh -> Delhi -> Bhopal,perishables,31924.9,3
3913,28.66,3,True,321.1,36565.0,0.266,Mangalore -> Mysore -> Bangalore -> Coimbatore,textiles,31925.1,3
3914,54.86,2,True,23.5,21581.0,0.277,Vadodara -> Ahmedabad -> Rajkot,machinery,31925.1,3
3915,34.05,4,True,282.5,114979.0,0.497,Udaipur -> Jodhpur -> Jaipur -> Delhi -> Agra,textiles,31925.2,3
3916,-73.32,2,False,364.0,39552.0,0.924,Vadodara -> Ahmedabad -> Jaipur,pharmaceuticals,31925.2,3
3917,-1.2,3,True,177.2,55751.0,0.603,Visakhapatnam -> Bhubaneswar -> Kolkata -> Guwahati,perishables,31925.3,3
3918,52.21,2,True,49.2,19174.0,0.582,Agra -> Delhi -> Chandigarh,perishables,31925.3,3
3919,42.02,2,True,149.8,25035.0,0.494,Varanasi -> Kanpur -> Delhi,machinery,31925.4,3
3920,27.75,4,True,354.9,74595.0,1.035,Amritsar -> Ludhiana -> Delhi -> Bhopal -> Nagpur,machinery,31925.5,3
3921,52.97,1,True,8.7,2890.0,0.15,Lucknow -> Kanpur,electronics,31925.5,3
3922,40.3,4,True,220.0,72574.0,1.328,Kochi -> Bangalore -> Hyderabad -> Nagpur -> Jabalpur,pharmaceuticals,31925.6,3
3923,44.03,2,True,125.8,28406.0,1.074,Ahmedabad -> Udaipur -> Jodhpur,pharmaceuticals,31925.6,3
3924,45.17,3,True,154.6,31274.0,0.862,Rajkot -> Ahmedabad -> Udaipur -> Jodhpur,pharmaceuticals,31925.7,3
3925,-52.73,3,False,189.5,46679.0,0.643,Indore -> Ahmedabad -> Nashik -> Pune,perishables,31925.7,3
3926,28.2,4,True,358.1,60075.0,0.374,Guwahati -> Kolkata -> Bhubaneswar -> Visakhapatnam -> Hyderabad,textiles,31925.8,3
3927,25.73,5,True,412.0,87535.0,0.871,Bhubaneswar -> Ranchi -> Varanasi -> Kanpur -> Delhi -> Jaipur,machinery,31925.9,3
3928,52.16,1,True,15.7,6314.0,0.17,Ahmedabad -> Rajkot,perishables,31926.0,3
3929,30.91,4,True,314.0,81485.0,0.616,Visakhapatnam -> Chennai -> Madurai -> Mysore -> Mangalore,fmcg,31926.1,3
3930,12.74,4,True,502.6,76451.0,1.408,Kochi -> Bangalore -> Pune -> Mumbai -> Surat,electronics,31926.2,3
3931,-83.37,3,False,503.5,66691.0,0.451,Thiruvananthapuram -> Kochi -> Bangalore -> Pune,fmcg,31926.3,3
3932,-132.0,2,False,864.2,51218.0,0.89,Bangalore -> Chennai -> Visakhapatnam,pharmaceuticals,31926.3,3
3933,-70.22,3,False,379.4,53670.0,0.487,Kochi -> Bangalore -> Pune -> Mumbai,fmcg,31926.4,3
3934,32.75,2,True,225.4,78871.0,0.673,Ranchi -> Varanasi -> Kanpur,electronics,31926.4,3
3935,-59.45,3,False,233.5,69701.0,0.98,Pune -> Mumbai -> Ahmedabad -> Jaipur,perishables,31926.7,3
3936,14.78,2,True,415.1,48551.0,0.498,Bangalore -> Hyderabad -> Nagpur,machinery,31926.8,3
3937,8.97,3,True,507.7,65994.0,0.555,Jabalpur -> Bhopal -> Delhi -> Chandigarh,machinery,31927.1,3
3938,52.4,1,True,13.2,7031.0,0.122,Udaipur -> Jodhpur,machinery,31927.1,3
3939,47.07,4,True,172.4,50481.0,0.363,Patna -> Lucknow -> Delhi -> Ludhiana -> Amritsar,textiles,31927.4,3
3940,53.49,2,True,39.1,14223.0,0.34,Varanasi -> Kanpur -> Lucknow,machinery,31927.6,3
3941,52.19,1,True,16.3,4273.0,0.09,Bangalore -> Mysore,textiles,31927.7,3
3942,50.22,6,True,208.9,88960.0,0.451,Chandigarh -> Delhi -> Bhopal -> Nagpur -> Hyderabad -> Chennai -> Madurai,fmcg,31928.1,3
3943,35.59,2,True,213.2,34344.0,0.117,Bhopal -> Nagpur -> Mumbai,fmcg,31928.2,3
3944,-6.36,6,True,692.7,112537.0,1.548,Kanpur -> Agra -> Gwalior -> Bhopal -> Nagpur -> Mumbai -> Pune,electronics,31928.7,3
3945,48.55,2,True,84.6,31252.0,0.096,Ludhiana -> Delhi -> Kanpur,fmcg,31928.8,3
3946,-23.31,5,True,391.5,57232.0,0.778,Bhopal -> Gwalior -> Agra -> Kanpur -> Varanasi -> Patna,fmcg,31929.2,3
3947,42.98,4,True,157.3,74115.0,0.126,Delhi -> Kanpur -> Varanasi -> Patna -> Kolkata,textiles,31929.5,3
3948,-58.68,4,False,249.4,97387.0,0.87,Chandigarh -> Delhi -> Bhopal -> Nagpur -> Mumbai,pharmaceuticals,31929.8,3
3949,14.43,4,True,477.9,112452.0,0.802,Kolkata -> Bhubaneswar -> Raipur -> Nagpur -> Mumbai,machinery,31930.0,3
3950,-7.45,6,True,769.0,140879.0,0.634,Guwahati -> Kolkata -> Bhubaneswar -> Raipur -> Nagpur -> Mumbai -> Pune,textiles,31930.5,3
3951,34.99,5,True,310.9,97676.0,0.681,Rajkot -> Ahmedabad -> Jaipur -> Delhi -> Kanpur -> Varanasi,fmcg,31930.9,3
3952,-13.62,3,True,313.1,47114.0,0.954,Varanasi -> Ranchi -> Bhubaneswar -> Visakhapatnam,pharmaceuticals,31931.1,3
3953,-55.92,2,False,156.8,14623.0,0.743,Thiruvananthapuram -> Kochi -> Coimbatore,perishables,31931.2,3
3954,-145.65,4,False,1016.1,165746.0,1.873,Udaipur -> Ahmedabad -> Nashik -> Pune -> Bangalore,pharmaceuticals,31931.5,3
3955,-65.31,1,False,265.6,30790.0,0.405,Chennai -> Hyderabad,pharmaceuticals,31931.6,3
3956,53.12,6,True,184.2,72579.0,0.575,Agra -> Gwalior -> Bhopal -> Nagpur -> Hyderabad -> Bangalore -> Mysore,fmcg,31932.0,3
3957,-99.94,5,False,492.6,92197.0,0.488,Ludhiana -> Delhi -> Jaipur -> Indore -> Bhopal -> Delhi,fmcg,31932.3,3
3958,21.73,5,True,452.0,88870.0,0.802,Amritsar -> Ludhiana -> Delhi -> Kanpur -> Varanasi -> Ranchi,machinery,31932.7,3
3959,37.88,2,True,192.7,20271.0,0.466,Thiruvananthapuram -> Kochi -> Coimbatore,fmcg,31932.9,3
3960,11.74,5,True,549.8,101900.0,0.464,Chennai -> Hyderabad -> Nagpur -> Bhopal -> Delhi -> Jaipur,textiles,31933.2,3
3961,18.67,6,True,508.7,141073.0,0.46,Udaipur -> Jodhpur -> Jaipur -> Delhi -> Lucknow -> Patna -> Kolkata,textiles,31933.7,3
3962,-73.85,1,False,339.2,31620.0,0.255,Guwahati -> Kolkata,pharmaceuticals,31933.8,3
3963,-1.22,1,True,129.9,17067.0,0.374,Ranchi -> Patna,perishables,31933.9,3
3964,41.3,2,True,159.7,15950.0,0.512,Indore -> Bhopal -> Nagpur,fmcg,31934.1,3
3965,50.17,1,True,31.8,10527.0,0.676,Jaipur -> Delhi,pharmaceuticals,31934.1,3
3966,55.42,2,True,21.0,14471.0,0.086,Gwalior -> Agra -> Kanpur,machinery,31934.3,3
3967,-82.98,4,False,457.4,191106.0,0.444,Hubli -> Bangalore -> Pune -> Mumbai -> Nagpur,fmcg,31934.6,3
3968,-2.51,3,True,181.9,41952.0,1.222,Nagpur -> Raipur -> Bhubaneswar -> Ranchi,perishables,31934.8,3
3969,-64.46,1,False,227.7,18996.0,0.66,Chennai -> Visakhapatnam,perishables,31934.9,3
3970,17.15,5,True,451.5,53586.0,2.193,Varanasi -> Kanpur -> Agra -> Gwalior -> Bhopal -> Nagpur,electronics,31935.3,3
3971,-68.77,4,True,1278.8,222710.0,0.416,Ludhiana -> Delhi -> Lucknow -> Patna -> Kolkata,textiles,31935.6,3
3972,42.46,2,True,143.0,37885.0,0.213,Mumbai -> Ahmedabad -> Udaipur,textiles,31935.7,3
3973,49.47,2,True,76.3,28687.0,0.066,Ahmedabad -> Jaipur -> Jodhpur,textiles,31935.9,3
3974,-42.9,4,False,141.0,51955.0,0.72,Pune -> Mumbai -> Ahmedabad -> Jaipur -> Delhi,perishables,31936.2,3
3975,-0.79,4,True,633.2,54734.0,1.967,Kanpur -> Varanasi -> Ranchi -> Bhubaneswar -> Raipur,electronics,31936.5,3
3976,31.26,4,True,297.3,136808.0,0.637,Surat -> Mumbai -> Pune -> Bangalore -> Mysore,fmcg,31936.8,3
3977,-61.41,3,False,293.5,39099.0,1.593,Surat -> Mumbai -> Pune -> Bangalore,pharmaceuticals,31937.0,3
3978,47.64,2,True,92.5,19448.0,1.057,Indore -> Bhopal -> Gwalior,pharmaceuticals,31937.1,3
3979,-47.71,3,False,150.3,36990.0,0.699,Kolkata -> Bhubaneswar -> Raipur -> Nagpur,perishables,31937.3,3
3980,-61.49,2,False,255.5,50824.0,1.194,Delhi -> Bhopal -> Nagpur,pharmaceuticals,31937.5,3
3981,-68.12,1,False,290.5,23498.0,0.638,Hubli -> Bangalore,pharmaceuticals,31937.6,3
3982,14.65,3,True,446.8,61573.0,1.652,Ahmedabad -> Mumbai -> Nagpur -> Raipur,electronics,31937.8,3
3983,-68.25,1,False,292.4,18218.0,0.776,Bhopal -> Nagpur,pharmaceuticals,32649.5,3
3984,47.74,2,True,93.1,18947.0,0.76,Mangalore -> Mysore -> Madurai,pharmaceuticals,32649.6,3
3985,-5.89,3,True,647.6,52919.0,1.486,Indore -> Jaipur -> Delhi -> Kanpur,electronics,32649.6,3
3986,-54.18,4,False,261.5,52538.0,1.791,Varanasi -> Kanpur -> Delhi -> Jaipur -> Ahmedabad,pharmaceuticals,32649.7,3
3987,49.62,4,True,138.3,58148.0,1.613,Mysore -> Bangalore -> Hyderabad -> Nagpur -> Bhopal,pharmaceuticals,32649.8,3
3988,29.57,4,True,341.0,71299.0,0.384,Mysore -> Madurai -> Chennai -> Visakhapatnam -> Bhubaneswar,textiles,32649.9,3
3989,30.65,4,True,286.1,52161.0,0.343,Hyderabad -> Nagpur -> Bhopal -> Indore -> Ahmedabad,textiles,32650.0,3
3990,56.05,3,True,48.5,25796.0,0.653,Udaipur -> Indore -> Bhopal -> Jabalpur,pharmaceuticals,32650.1,3
3991,-48.88,3,False,128.1,42500.0,0.657,Delhi -> Bhopal -> Indore -> Ahmedabad,perishables,32650.1,3
3992,47.36,3,True,127.5,32101.0,1.843,Ahmedabad -> Indore -> Bhopal -> Jabalpur,pharmaceuticals,32650.2,3
3993,52.17,1,True,15.0,8708.0,0.128,Bhopal -> Jabalpur,electronics,32650.2,3
3994,25.4,3,True,335.6,97501.0,0.231,Bangalore -> Chennai -> Visakhapatnam -> Bhubaneswar,textiles,32650.3,3
3995,33.73,2,True,226.7,33552.0,1.191,Jaipur -> Ahmedabad -> Mumbai,electronics,32650.3,3
3996,3.88,4,True,174.4,37935.0,1.058,Udaipur -> Jodhpur -> Jaipur -> Delhi -> Agra,perishables,32650.4,3
3997,-72.0,2,False,366.7,47070.0,0.321,Kochi -> Bangalore -> Hyderabad,fmcg,32650.5,3
3998,40.17,5,True,270.0,75483.0,0.739,Coimbatore -> Bangalore -> Hyderabad -> Nagpur -> Bhopal -> Indore,fmcg,32650.6,3
3999,-46.96,3,False,154.1,32330.0,0.502,Udaipur -> Indore -> Bhopal -> Jabalpur,perishables,32650.7,3
4000,-60.68,1,False,165.6,5133.0,0.498,Kochi -> Coimbatore,perishables,32650.7,3
4001,-47.14,3,False,154.2,38635.0,0.437,Jabalpur -> Bhopal -> Indore -> Jaipur,perishables,32652.0,3
4002,-69.36,2,True,794.4,57585.0,0.338,Hyderabad -> Nagpur -> Mumbai,fmcg,32652.0,3
4003,-73.86,2,False,393.0,25072.0,0.488,Kolkata -> Bhubaneswar -> Raipur,fmcg,32652.1,3
4004,-86.64,2,False,417.6,44342.0,0.861,Kolkata -> Patna -> Lucknow,perishables,32652.1,3
4005,42.46,2,True,148.8,13444.0,0.496,Jodhpur -> Udaipur -> Ahmedabad,fmcg,32652.2,3
4006,21.39,4,True,406.6,119338.0,0.754,Jaipur -> Ahmedabad -> Mumbai -> Nagpur -> Hyderabad,machinery,32652.3,3
4007,44.63,2,True,122.5,30002.0,0.439,Kolkata -> Patna -> Varanasi,pharmaceuticals,32652.4,3
4008,17.09,4,True,421.4,209866.0,0.957,Ahmedabad -> Mumbai -> Pune -> Bangalore -> Chennai,machinery,32652.5,3
4009,-133.6,3,False,795.6,67994.0,0.549,Hyderabad -> Nagpur -> Mumbai -> Ahmedabad,perishables,32652.5,3
4010,-71.95,5,False,422.4,75428.0,0.894,Patna -> Varanasi -> Kanpur -> Delhi -> Jaipur -> Ahmedabad,fmcg,32652.6,3
4011,48.2,2,True,90.2,14808.0,0.663,Jabalpur -> Bhopal -> Indore,electronics,32652.7,3
4012,-10.97,4,True,307.1,72848.0,1.785,Patna -> Lucknow -> Delhi -> Bhopal -> Indore,pharmaceuticals,32652.8,3
4013,50.95,1,True,26.5,9622.0,0.224,Surat -> Vadodara,fmcg,32652.8,3
4014,41.51,2,True,154.4,29001.0,0.363,Rajkot -> Ahmedabad -> Jaipur,machinery,32652.9,3
4015,33.66,2,True,229.2,41522.0,0.361,Nagpur -> Mumbai -> Surat,machinery,32652.9,3
4016,-81.33,3,False,453.3,53630.0,1.951,Ludhiana -> Delhi -> Bhopal -> Nagpur,pharmaceuticals,32653.0,3
4017,1.13,3,True,589.1,58822.0,0.383,Varanasi -> Ranchi -> Bhubaneswar -> Visakhapatnam,textiles,32653.0,3
4018,-55.6,1,False,162.1,21893.0,0.255,Hubli -> Bangalore,perishables,32653.1,3
4019,54.06,2,True,34.8,11849.0,0.215,Surat -> Vadodara -> Ahmedabad,textiles,32653.1,3
4020,-65.45,3,False,320.8,61681.0,0.833,Ludhiana -> Delhi -> Lucknow -> Patna,pharmaceuticals,32653.2,3
4021,15.23,4,True,475.9,83934.0,1.32,Guwahati -> Kolkata -> Bhubaneswar -> Visakhapatnam -> Chennai,electronics,32653.3,3
4022,4.82,3,True,556.0,45292.0,0.433,Patna -> Lucknow -> Agra -> Gwalior,textiles,32653.3,3
4023,-71.17,3,False,332.1,43573.0,0.785,Rajkot -> Surat -> Mumbai -> Nagpur,perishables,32653.4,3
4024,18.29,3,True,417.2,57925.0,0.5,Pune -> Mumbai -> Nagpur -> Jabalpur,textiles,32653.5,3
4025,-60.5,4,False,308.7,66884.0,1.854,Madurai -> Chennai -> Hyderabad -> Nagpur -> Bhopal,pharmaceuticals,32653.6,3
4026,42.51,3,True,171.5,58657.0,1.148,Jaipur -> Indore -> Bhopal -> Nagpur,electronics,32653.6,3
4027,47.08,2,True,94.8,40560.0,0.447,Ludhiana -> Delhi -> Bhopal,electronics,32653.7,3
4028,43.18,3,True,178.4,25659.0,0.426,Gwalior -> Bhopal -> Indore -> Udaipur,fmcg,32653.7,3
4029,-50.45,3,False,136.5,45709.0,0.577,Visakhapatnam -> Bhubaneswar -> Ranchi -> Varanasi,perishables,32653.8,3
4030,45.75,2,True,94.3,78056.0,0.262,Mangalore -> Mysore -> Bangalore,perishables,32653.8,3
4031,26.93,3,True,335.7,32363.0,1.059,Rajkot -> Ahmedabad -> Udaipur -> Jodhpur,machinery,32653.9,3
4032,19.02,3,True,409.5,50895.0,1.014,Varanasi -> Ranchi -> Bhubaneswar -> Visakhapatnam,machinery,32654.0,3
4033,38.83,6,True,317.4,97305.0,1.032,Pune -> Nashik -> Ahmedabad -> Jaipur -> Delhi -> Kanpur -> Varanasi,machinery,32654.1,3
4034,19.05,3,True,405.4,74527.0,0.348,Chennai -> Visakhapatnam -> Bhubaneswar -> Kolkata,textiles,32654.2,3
4035,27.28,4,True,337.9,160409.0,0.248,Delhi -> Bhopal -> Nagpur -> Hyderabad -> Bangalore,textiles,32654.3,3
4036,21.48,5,True,444.1,109444.0,1.648,Kolkata -> Bhubaneswar -> Raipur -> Nagpur -> Mumbai -> Ahmedabad,electronics,32654.4,3
4037,9.98,3,True,495.7,72661.0,0.541,Chennai -> Bangalore -> Pune -> Nashik,machinery,32654.4,3
4038,-8.45,6,True,782.6,130197.0,0.572,Lucknow -> Delhi -> Bhopal -> Nagpur -> Hyderabad -> Bangalore -> Kochi,textiles,32654.6,3
4039,-6.86,3,True,253.8,46147.0,1.337,Lucknow -> Delhi -> Jaipur -> Ahmedabad,pharmaceuticals,32654.7,3
4040,32.19,5,True,343.3,86528.0,1.768,Surat -> Vadodara -> Ahmedabad -> Jaipur -> Delhi -> Ludhiana,electronics,32654.8,3
4041,-18.61,4,True,397.9,95201.0,0.603,Surat -> Mumbai -> Nagpur -> Hyderabad -> Visakhapatnam,fmcg,32654.9,3
4042,30.37,3,True,267.3,154906.0,0.512,Rajkot -> Ahmedabad -> Mumbai -> Nagpur,machinery,32654.9,3
4043,-54.08,2,False,178.0,26975.0,0.677,Amritsar -> Ludhiana -> Delhi,perishables,32655.0,3
4044,-98.53,2,False,607.2,56339.0,0.345,Kochi -> Bangalore -> Pune,fmcg,32655.0,3
4045,4.99,3,True,546.1,68284.0,0.714,Delhi -> Bhopal -> Jabalpur -> Raipur,machinery,32655.1,3
4046,26.85,6,True,434.3,110909.0,0.786,Jodhpur -> Jaipur -> Delhi -> Bhopal -> Nagpur -> Hyderabad -> Chennai,machinery,32655.2,3
4047,44.27,2,True,116.0,30743.0,0.274,Jaipur -> Jodhpur -> Udaipur,perishables,32655.3,3
4048,49.01,2,True,81.5,20146.0,0.476,Jodhpur -> Jaipur -> Delhi,machinery,32655.4,3
4049,-85.07,3,False,476.1,57019.0,0.519,Visakhapatnam -> Hyderabad -> Nagpur -> Bhopal,fmcg,32655.5,3
4050,-46.98,2,False,122.2,37493.0,0.706,Raipur -> Nagpur -> Hyderabad,perishables,32655.5,3
4051,26.72,3,True,328.0,71859.0,0.646,Mumbai -> Pune -> Bangalore -> Coimbatore,machinery,32655.6,3
4052,-52.22,7,True,1238.3,184787.0,1.687,Vadodara -> Ahmedabad -> Mumbai -> Nagpur -> Raipur -> Bhubaneswar -> Kolkata -> Guwahati,machinery,32655.7,3
4053,31.23,4,True,326.9,39527.0,1.797,Amritsar -> Ludhiana -> Delhi -> Agra -> Gwalior,electronics,32655.9,3
4054,6.21,5,True,595.0,92900.0,1.986,Surat -> Vadodara -> Ahmedabad -> Jaipur -> Delhi -> Lucknow,electronics,32656.0,3
4055,46.09,2,True,102.3,47978.0,0.488,Chennai -> Hyderabad -> Nagpur,electronics,32656.1,3
4056,0.84,2,True,558.2,34560.0,0.607,Ranchi -> Kolkata -> Guwahati,machinery,32656.1,3
4057,33.73,5,True,333.0,64342.0,2.081,Agra -> Gwalior -> Bhopal -> Nagpur -> Hyderabad -> Bangalore,electronics,32656.2,3
4058,33.88,3,True,253.8,79764.0,0.704,Ludhiana -> Delhi -> Bhopal -> Nagpur,machinery,32656.3,3
4059,-73.5,2,False,389.1,30457.0,0.306,Visakhapatnam -> Hyderabad -> Nagpur,fmcg,32656.3,3
4060,35.4,4,True,281.6,59051.0,0.43,Raipur -> Nagpur -> Hyderabad -> Bangalore -> Mysore,fmcg,32656.4,3
4061,-62.99,4,False,286.4,60174.0,1.248,Ranchi -> Kolkata -> Bhubaneswar -> Raipur -> Nagpur,pharmaceuticals,32656.5,3
4062,52.32,1,True,13.8,6084.0,0.239,Mumbai -> Pune,machinery,32656.5,3
4063,43.64,1,True,99.5,11340.0,0.127,Coimbatore -> Madurai,textiles,32656.6,3
4064,54.24,2,True,31.1,17487.0,0.266,Jabalpur -> Bhopal -> Indore,machinery,32656.6,3
4065,-53.59,5,True,1194.2,111651.0,1.638,Amritsar -> Ludhiana -> Delhi -> Jaipur -> Ahmedabad -> Nashik,machinery,32656.7,3
4066,-68.28,4,False,391.6,69603.0,0.7,Ahmedabad -> Mumbai -> Pune -> Bangalore -> Mysore,fmcg,32656.8,3
4067,10.98,3,True,488.2,58987.0,0.873,Lucknow -> Patna -> Kolkata -> Guwahati,electronics,32656.9,3
4068,-56.23,3,False,245.2,62607.0,1.089,Raipur -> Jabalpur -> Bhopal -> Delhi,pharmaceuticals,32657.0,3
4069,47.17,2,True,98.1,20120.0,0.838,Gwalior -> Agra -> Delhi,electronics,32657.0,3
4070,24.68,5,True,419.3,78809.0,2.057,Varanasi -> Kanpur -> Delhi -> Jaipur -> Ahmedabad -> Vadodara,electronics,32657.1,3
4071,43.06,1,True,101.7,22715.0,0.177,Ahmedabad -> Nashik,fmcg,32657.2,3
4072,-47.16,3,False,152.9,28138.0,0.923,Udaipur -> Jodhpur -> Jaipur -> Delhi,perishables,32657.3,3
4073,-60.79,2,False,226.2,39262.0,0.285,Kochi -> Bangalore -> Hyderabad,perishables,32657.4,3
4074,27.94,4,True,348.7,72865.0,2.011,Bangalore -> Pune -> Mumbai -> Surat -> Vadodara,electronics,32657.4,3
4075,-99.81,6,False,735.9,97669.0,2.01,Pune -> Mumbai -> Nagpur -> Hyderabad -> Visakhapatnam -> Bhubaneswar -> Ranchi,electronics,32657.6,3
4076,-63.55,3,False,306.4,75899.0,0.636,Rajkot -> Surat -> Mumbai -> Nagpur,pharmaceuticals,32657.6,3
4077,37.68,4,True,268.4,42925.0,0.388,Udaipur -> Jodhpur -> Jaipur -> Delhi -> Agra,textiles,32657.8,3
4078,49.15,2,True,76.8,32124.0,0.419,Mumbai -> Nagpur -> Raipur,electronics,32657.9,3
4079,-85.94,3,False,500.3,45312.0,2.019,Raipur -> Nagpur -> Hyderabad -> Bangalore,pharmaceuticals,32658.0,3
4080,-60.96,2,False,221.0,31650.0,0.768,Visakhapatnam -> Hyderabad -> Nagpur,perishables,32658.0,3
4081,-197.88,5,True,2197.5,176745.0,0.728,Patna -> Kolkata -> Bhubaneswar -> Visakhapatnam -> Chennai -> Madurai,textiles,32658.2,3
4082,-62.63,3,False,303.5,43547.0,1.44,Thiruvananthapuram -> Kochi -> Coimbatore -> Chennai,pharmaceuticals,32658.3,3
4083,34.41,4,True,296.5,54382.0,0.626,Raipur -> Nagpur -> Bhopal -> Gwalior -> Agra,machinery,32658.4,3
4084,-117.1,2,False,766.0,70713.0,0.477,Hubli -> Bangalore -> Pune,fmcg,32658.4,3
4085,-63.72,3,False,277.3,33986.0,1.047,Amritsar -> Ludhiana -> Delhi -> Jaipur,perishables,32658.5,3
4086,35.99,5,True,312.2,49591.0,2.604,Vadodara -> Ahmedabad -> Jaipur -> Delhi -> Ludhiana -> Amritsar,electronics,32658.6,3
4087,31.33,4,True,318.8,87525.0,0.325,Bhopal -> Nagpur -> Hyderabad -> Chennai -> Madurai,textiles,32658.7,3
4088,45.43,2,True,112.4,39311.0,0.317,Pune -> Bangalore -> Hubli,electronics,32658.7,3
4089,-26.09,5,True,456.2,111147.0,2.453,Vadodara -> Ahmedabad -> Mumbai -> Nagpur -> Hyderabad -> Visakhapatnam,pharmaceuticals,32658.9,3
4090,16.1,6,True,442.6,104239.0,1.04,Bhubaneswar -> Raipur -> Jabalpur -> Bhopal -> Indore -> Ahmedabad -> Nashik,machinery,32659.0,3
4091,49.37,1,True,42.6,6172.0,0.376,Pune -> Nashik,perishables,32659.0,3
4092,31.55,6,True,394.0,86458.0,0.922,Mysore -> Bangalore -> Hyderabad -> Nagpur -> Bhopal -> Delhi -> Lucknow,machinery,32659.2,3
4093,37.85,5,True,294.4,65332.0,0.545,Visakhapatnam -> Hyderabad -> Nagpur -> Bhopal -> Gwalior -> Agra,fmcg,32659.3,3
4094,45.17,1,True,85.4,6316.0,0.21,Madurai -> Coimbatore,textiles,32659.3,3
4095,49.59,1,True,39.4,7343.0,0.496,Mysore -> Mangalore,perishables,32659.3,3
4096,-67.57,4,False,385.6,74577.0,0.427,Jodhpur -> Jaipur -> Delhi -> Kanpur -> Varanasi,fmcg,32659.4,3
4097,-82.73,3,False,472.2,54671.0,1.617,Amritsar -> Ludhiana -> Delhi -> Kanpur,pharmaceuticals,32659.5,3
4098,-48.48,3,False,162.2,44030.0,0.676,Ludhiana -> Delhi -> Jaipur -> Ahmedabad,perishables,32659.5,3
4099,51.68,3,True,87.8,41992.0,0.306,Bhopal -> Delhi -> Kanpur -> Varanasi,perishables,32659.6,3
4100,39.7,4,True,226.4,114011.0,0.472,Lucknow -> Delhi -> Jaipur -> Jodhpur -> Udaipur,machinery,32660.0,3
4101,-18.98,6,True,889.9,113594.0,1.172,Thiruvananthapuram -> Kochi -> Bangalore -> Hyderabad -> Visakhapatnam -> Bhubaneswar -> Kolkata,machinery,32662.7,3
4102,-70.82,4,False,409.5,71852.0,0.767,Hubli -> Bangalore -> Hyderabad -> Nagpur -> Bhopal,fmcg,32662.8,3
4103,-0.49,3,True,176.3,52340.0,0.427,Kolkata -> Patna -> Lucknow -> Agra,perishables,32662.9,3
4104,24.25,3,True,350.0,44008.0,0.696,Hubli -> Bangalore -> Pune -> Nashik,fmcg,32663.0,3
4105,52.43,1,True,12.8,5992.0,0.219,Lucknow -> Kanpur,machinery,32663.0,3
4106,49.23,2,True,79.4,24749.0,0.174,Hyderabad -> Bangalore -> Coimbatore,textiles,32663.1,3
4107,53.87,2,True,36.0,12546.0,0.308,Ahmedabad -> Vadodara -> Surat,textiles,32663.1,3
4108,-37.9,4,True,575.7,62540.0,1.014,Thiruvananthapuram -> Kochi -> Coimbatore -> Chennai -> Visakhapatnam,fmcg,32663.2,3
4109,-60.4,3,True,1204.6,59447.0,0.309,Patna -> Lucknow -> Delhi -> Chandigarh,textiles,32663.3,3
4110,-117.02,8,False,502.0,76113.0,1.753,Chandigarh -> Delhi -> Kanpur -> Agra -> Lucknow -> Kanpur -> Agra -> Gwalior -> Bhopal,perishables,32663.5,3
4111,-76.06,3,False,435.7,71894.0,0.572,Ranchi -> Bhubaneswar -> Visakhapatnam -> Chennai,fmcg,32663.5,3
4112,21.63,3,True,379.4,70640.0,0.614,Varanasi -> Ranchi -> Bhubaneswar -> Raipur,machinery,32663.6,3
4113,37.38,3,True,221.9,60439.0,1.222,Raipur -> Bhubaneswar -> Kolkata -> Patna,electronics,32663.6,3
4114,55.85,3,True,49.2,29831.0,0.667,Indore -> Ahmedabad -> Nashik -> Pune,electronics,32663.7,3
4115,-79.59,1,False,389.2,27555.0,0.315,Coimbatore -> Chennai,pharmaceuticals,32663.7,3
4116,49.35,4,True,144.4,53725.0,1.205,Mumbai -> Ahmedabad -> Jaipur -> Delhi -> Kanpur,pharmaceuticals,32663.8,3
4117,-38.43,2,True,510.4,38266.0,0.372,Raipur -> Bhubaneswar -> Kolkata,fmcg,32663.9,3
4118,51.1,1,True,25.3,10441.0,0.122,Delhi -> Agra,fmcg,32663.9,3
4119,-152.12,4,False,1203.4,77302.0,2.374,Surat -> Mumbai -> Pune -> Bangalore -> Kochi,electronics,32664.0,3
4120,40.46,2,True,160.6,26617.0,1.354,Jaipur -> Delhi -> Ludhiana,pharmaceuticals,32664.1,3
4121,-72.95,2,False,375.8,61159.0,0.31,Visakhapatnam -> Hyderabad -> Nagpur,fmcg,32664.1,3
4122,-103.97,5,False,722.9,129039.0,2.764,Jodhpur -> Udaipur -> Indore -> Bhopal -> Nagpur -> Hyderabad,electronics,32664.3,3
4123,45.7,2,True,111.4,34373.0,0.27,Indore -> Ahmedabad -> Nashik,electronics,32664.3,3
4124,-38.38,8,True,1093.8,173010.0,1.616,Thiruvananthapuram -> Kochi -> Bangalore -> Hyderabad -> Nagpur -> Bhopal -> Delhi -> Kanpur -> Varanasi,machinery,32664.5,3
4125,-65.0,1,False,260.7,32729.0,0.809,Lucknow -> Patna,pharmaceuticals,32664.5,3
4126,36.4,2,True,198.9,53749.0,0.206,Pune -> Bangalore -> Mysore,fmcg,32664.5,3
4127,17.28,7,True,510.9,132201.0,1.321,Varanasi -> Kanpur -> Agra -> Delhi -> Bhopal -> Nagpur -> Mumbai -> Surat,machinery,32664.7,3
4128,-46.22,7,True,1136.0,158607.0,1.73,Coimbatore -> Bangalore -> Hyderabad -> Nagpur -> Bhopal -> Gwalior -> Agra -> Kanpur,machinery,32664.8,3
4129,35.06,2,True,223.2,16456.0,0.257,Coimbatore -> Kochi -> Thiruvananthapuram,textiles,32664.9,3
4130,-136.92,7,False,380.4,97714.0,0.778,Kanpur -> Agra -> Lucknow -> Kanpur -> Agra -> Lucknow -> Kanpur -> Agra,fmcg,32665.0,3
4131,50.24,2,True,70.4,17114.0,0.413,Mysore -> Madurai -> Coimbatore,electronics,32665.0,3
4132,51.2,1,True,22.8,17034.0,0.01,Jaipur -> Ahmedabad,textiles,32665.1,3
4133,47.54,2,True,97.2,22508.0,0.122,Delhi -> Jaipur -> Indore,textiles,32665.2,3
4134,41.04,1,True,117.4,38674.0,0.12,Mumbai -> Surat,textiles,32665.2,3
4135,-21.12,6,True,911.7,118701.0,0.778,Amritsar -> Ludhiana -> Delhi -> Kanpur -> Varanasi -> Ranchi -> Bhubaneswar,textiles,32665.3,3
4136,-88.13,3,False,551.2,47929.0,0.482,Indore -> Bhopal -> Nagpur -> Hyderabad,fmcg,32665.4,3
4137,43.95,3,True,163.4,32522.0,1.464,Jaipur -> Ahmedabad -> Vadodara -> Surat,electronics,32665.5,3
4138,-46.83,5,True,1129.0,109025.0,1.317,Pune -> Mumbai -> Ahmedabad -> Jaipur -> Delhi -> Ludhiana,machinery,32665.6,3
4139,41.8,3,True,182.4,46115.0,1.14,Amritsar -> Ludhiana -> Delhi -> Lucknow,electronics,32665.7,3
4140,21.04,5,True,447.3,102563.0,2.294,Chennai -> Hyderabad -> Nagpur -> Bhopal -> Delhi -> Kanpur,electronics,32665.8,3
4141,40.34,1,True,127.6,18556.0,0.679,Varanasi -> Kanpur,pharmaceuticals,32665.9,3
4142,10.53,3,True,481.1,86606.0,1.514,Bhubaneswar -> Visakhapatnam -> Hyderabad -> Bangalore,electronics,32666.0,3
4143,26.46,3,True,335.6,55376.0,0.647,Mangalore -> Hubli -> Bangalore -> Pune,machinery,33147.6,3
4144,-29.46,5,True,524.7,124799.0,0.425,Lucknow -> Patna -> Kolkata -> Bhubaneswar -> Visakhapatnam -> Chennai,fmcg,33147.9,3
4145,5.47,6,True,633.8,120015.0,1.668,Jodhpur -> Udaipur -> Ahmedabad -> Nashik -> Pune -> Bangalore -> Hubli,electronics,33148.3,3
4146,-83.59,3,False,509.3,53554.0,0.408,Gwalior -> Bhopal -> Indore -> Ahmedabad,fmcg,33148.6,3
4147,47.92,3,True,123.7,45384.0,0.693,Chennai -> Hyderabad -> Nagpur -> Jabalpur,electronics,33148.8,3
4148,-111.98,3,False,721.4,54224.0,1.965,Thiruvananthapuram -> Kochi -> Bangalore -> Pune,pharmaceuticals,33149.0,3
4149,1.59,4,True,619.8,74348.0,0.388,Mysore -> Bangalore -> Pune -> Nashik -> Ahmedabad,textiles,33149.3,3
4150,41.85,2,True,150.7,24978.0,0.656,Jabalpur -> Raipur -> Bhubaneswar,electronics,33149.5,3
4151,45.13,1,True,81.4,23145.0,0.071,Kolkata -> Ranchi,fmcg,33149.7,3
4152,22.76,4,True,398.6,99211.0,0.801,Surat -> Mumbai -> Nagpur -> Hyderabad -> Chennai,machinery,33149.9,3
4153,-54.09,2,False,176.3,36521.0,0.57,Bangalore -> Hyderabad -> Visakhapatnam,perishables,33150.1,3
4154,-61.07,3,False,260.2,126953.0,1.472,Jabalpur -> Nagpur -> Hyderabad -> Bangalore,pharmaceuticals,33150.3,3
4155,-49.04,2,False,139.8,26513.0,0.829,Kolkata -> Bhubaneswar -> Visakhapatnam,perishables,33150.5,3
4156,30.15,3,True,298.8,38895.0,0.57,Agra -> Gwalior -> Bhopal -> Jabalpur,fmcg,33150.7,3
4157,-97.75,4,False,621.9,62205.0,0.622,Chandigarh -> Delhi -> Jaipur -> Ahmedabad -> Mumbai,fmcg,33151.0,3
4158,35.59,3,True,245.2,44928.0,1.085,Indore -> Ahmedabad -> Nashik -> Pune,electronics,33151.2,3
4159,-68.39,1,False,259.9,8821.0,0.548,Raipur -> Jabalpur,perishables,33151.3,3
4160,-47.86,4,False,179.6,82537.0,0.483,Ahmedabad -> Mumbai -> Nagpur -> Raipur -> Bhubaneswar,perishables,33151.5,3
4161,-79.49,4,False,420.9,63408.0,2.5,Vadodara -> Ahmedabad -> Jaipur -> Delhi -> Kanpur,pharmaceuticals,33151.8,3
4162,-140.39,5,False,1124.0,108430.0,2.578,Hubli -> Bangalore -> Hyderabad -> Nagpur -> Bhopal -> Delhi,electronics,33152.2,3
4163,-33.69,2,True,901.4,37044.0,0.88,Bhubaneswar -> Ranchi -> Varanasi,machinery,33152.3,3
4164,-108.24,2,False,579.8,42910.0,0.873,Rajkot -> Ahmedabad -> Jaipur,perishables,33152.5,3
4165,21.2,3,True,378.6,89458.0,0.5,Raipur -> Nagpur -> Mumbai -> Ahmedabad,machinery,33152.7,3
4166,41.33,3,True,189.3,56811.0,0.072,Chennai -> Hyderabad -> Nagpur -> Raipur,textiles,33152.9,3
4167,23.81,5,True,383.2,88212.0,0.443,Hyderabad -> Nagpur -> Bhopal -> Gwalior -> Agra -> Lucknow,textiles,33153.3,3
4168,32.05,4,True,315.8,53199.0,1.557,Mangalore -> Mysore -> Madurai -> Chennai -> Visakhapatnam,electronics,33153.5,3
4169,-3.3,6,True,741.9,95715.0,0.47,Vadodara -> Ahmedabad -> Jaipur -> Delhi -> Kanpur -> Varanasi -> Ranchi,textiles,33154.1,3
4170,-9.52,6,True,797.0,118979.0,0.513,Ranchi -> Bhubaneswar -> Visakhapatnam -> Chennai -> Bangalore -> Hubli -> Mangalore,textiles,33154.5,3
4171,-113.48,3,False,729.6,63492.0,1.693,Kochi -> Bangalore -> Hyderabad -> Visakhapatnam,pharmaceuticals,33154.7,3
4172,-32.23,7,True,1008.9,127057.0,1.06,Hubli -> Bangalore -> Chennai -> Hyderabad -> Nagpur -> Bhopal -> Delhi -> Chandigarh,textiles,33155.2,3
4173,-63.79,2,False,243.5,35785.0,0.935,Kolkata -> Bhubaneswar -> Visakhapatnam,perishables,33155.4,3
4174,30.67,2,True,259.2,38510.0,0.351,Hubli -> Bangalore -> Pune,fmcg,33155.5,3
4175,41.8,1,True,96.8,79172.0,0.295,Bhubaneswar -> Raipur,electronics,33155.6,3
4176,-5.95,3,True,211.8,56425.0,0.664,Nagpur -> Hyderabad -> Chennai -> Madurai,perishables,33155.8,3
4177,-9.55,8,True,820.1,134043.0,1.053,Vadodara -> Ahmedabad -> Jaipur -> Delhi -> Kanpur -> Varanasi -> Patna -> Kolkata -> Guwahati,textiles,33156.5,3
4178,-1.85,6,True,694.2,102658.0,3.217,Coimbatore -> Bangalore -> Pune -> Mumbai -> Ahmedabad -> Udaipur -> Jodhpur,electronics,33156.9,3
4179,51.1,2,True,58.9,31766.0,0.095,Nagpur -> Hyderabad -> Bangalore,textiles,33157.0,3
4180,-61.89,2,False,197.3,34576.0,0.689,Mysore -> Bangalore -> Pune,perishables,33157.2,3
4181,44.35,1,True,92.7,10161.0,0.148,Hubli -> Mangalore,textiles,33157.3,3
4182,50.22,2,True,70.9,16169.0,0.403,Bhopal -> Indore -> Udaipur,perishables,33157.4,3
4183,-80.63,4,False,461.3,65015.0,0.599,Lucknow -> Agra -> Gwalior -> Bhopal -> Nagpur,fmcg,33157.7,3
4184,43.49,3,True,175.4,28130.0,0.257,Agra -> Kanpur -> Varanasi -> Ranchi,fmcg,33158.0,3
4185,-19.11,4,True,815.1,106616.0,0.794,Ahmedabad -> Nashik -> Pune -> Bangalore -> Hubli,machinery,33158.2,3
4186,53.86,2,True,35.1,18186.0,0.167,Udaipur -> Ahmedabad -> Vadodara,fmcg,33158.4,3
4187,54.46,3,True,61.1,33445.0,0.862,Agra -> Delhi -> Jaipur -> Jodhpur,electronics,33158.6,3
4188,37.19,4,True,261.9,75131.0,0.508,Delhi -> Bhopal -> Nagpur -> Hyderabad -> Visakhapatnam,fmcg,33158.9,3
4189,-71.19,4,False,380.5,75561.0,0.79,Jodhpur -> Jaipur -> Delhi -> Bhopal -> Nagpur,fmcg,33159.2,3
4190,45.43,1,True,79.8,16270.0,0.19,Nagpur -> Raipur,machinery,33159.3,3
4191,-107.11,5,False,811.8,112383.0,1.706,Madurai -> Chennai -> Hyderabad -> Nagpur -> Bhopal -> Delhi,electronics,33159.4,3
4192,23.93,4,True,344.1,44466.0,0.614,Varanasi -> Kanpur -> Agra -> Gwalior -> Bhopal,fmcg,33159.5,3
4193,44.76,4,True,182.2,67906.0,1.494,Nagpur -> Bhopal -> Delhi -> Ludhiana -> Amritsar,pharmaceuticals,33159.6,3
4194,41.98,4,True,208.3,53363.0,1.808,Surat -> Mumbai -> Pune -> Bangalore -> Mysore,pharmaceuticals,33159.7,3
4195,39.64,1,True,134.9,20081.0,0.536,Bhopal -> Delhi,pharmaceuticals,33159.7,3
4196,0.75,6,True,670.5,108026.0,2.477,Guwahati -> Kolkata -> Bhubaneswar -> Visakhapatnam -> Chennai -> Bangalore -> Hubli,electronics,33159.8,3
4197,23.94,2,True,329.5,32162.0,0.289,Patna -> Lucknow -> Agra,textiles,33159.9,3
4198,-58.72,2,False,213.7,25441.0,0.546,Jodhpur -> Udaipur -> Indore,perishables,33159.9,3
4199,19.14,4,True,437.3,92151.0,0.74,Ranchi -> Varanasi -> Kanpur -> Delhi -> Ludhiana,machinery,33160.0,3
4200,27.02,3,True,326.4,67517.0,0.648,Hubli -> Bangalore -> Hyderabad -> Visakhapatnam,machinery,33160.1,3
4201,-53.1,3,False,192.8,59491.0,0.811,Coimbatore -> Bangalore -> Hyderabad -> Nagpur,perishables,33161.5,3
4202,-14.97,5,True,398.3,72946.0,0.656,Surat -> Mumbai -> Pune -> Bangalore -> Hubli -> Mangalore,fmcg,33161.6,3
4203,-102.33,1,False,476.6,8240.0,0.656,Kochi -> Coimbatore,perishables,33161.6,3
4204,42.63,4,True,206.4,82795.0,0.507,Surat -> Mumbai -> Nagpur -> Bhopal -> Gwalior,machinery,33161.7,3
4205,27.09,3,True,328.9,33284.0,2.038,Amritsar -> Ludhiana -> Delhi -> Kanpur,electronics,33161.7,3
4206,-2.78,4,True,247.9,73732.0,0.891,Ranchi -> Bhubaneswar -> Visakhapatnam -> Chennai -> Madurai,pharmaceuticals,33161.9,3
4207,44.14,3,True,162.6,29545.0,1.44,Lucknow -> Delhi -> Ludhiana -> Amritsar,pharmaceuticals,33162.0,3
4208,-50.01,2,False,145.2,41219.0,0.419,Varanasi -> Patna -> Kolkata,perishables,33162.0,3
4209,-41.09,8,True,1089.5,122397.0,0.934,Varanasi -> Kanpur -> Agra -> Gwalior -> Bhopal -> Nagpur -> Hyderabad -> Bangalore -> Kochi,textiles,33162.2,3
4210,-65.92,1,False,272.1,25074.0,0.435,Raipur -> Bhubaneswar,pharmaceuticals,33162.3,3
4211,-49.48,2,False,141.1,33110.0,0.678,Mysore -> Madurai -> Chennai,perishables,33162.3,3
4212,-57.55,4,False,214.8,38279.0,1.318,Amritsar -> Ludhiana -> Chandigarh -> Delhi -> Bhopal,perishables,33162.4,3
4213,35.43,1,True,178.1,18386.0,0.417,Hyderabad -> Bangalore,machinery,33162.5,3
4214,-73.48,3,False,401.2,74057.0,0.393,Kolkata -> Patna -> Lucknow -> Delhi,fmcg,33162.6,3
4215,21.62,6,True,441.9,87986.0,1.105,Kolkata -> Ranchi -> Bhubaneswar -> Raipur -> Nagpur -> Bhopal -> Indore,machinery,33162.8,3
4216,46.63,3,True,134.6,56828.0,0.402,Indore -> Bhopal -> Delhi -> Kanpur,machinery,33162.9,3
4217,34.74,3,True,257.5,47026.0,0.203,Patna -> Lucknow -> Delhi -> Ludhiana,textiles,33163.0,3
4218,13.5,5,True,531.6,92836.0,1.123,Surat -> Mumbai -> Ahmedabad -> Jaipur -> Delhi -> Lucknow,machinery,33163.2,3
4219,51.14,1,True,24.0,5821.0,0.566,Indore -> Bhopal,electronics,33163.2,3
4220,-76.16,2,True,861.3,33906.0,0.472,Ludhiana -> Delhi -> Kanpur,fmcg,33163.2,3
4221,35.38,2,True,210.1,47080.0,0.381,Kochi -> Bangalore -> Hyderabad,fmcg,33163.3,3
4222,49.4,1,True,39.6,10561.0,0.636,Bhopal -> Jabalpur,pharmaceuticals,33163.3,3
4223,30.35,5,True,366.0,85001.0,1.016,Visakhapatnam -> Bhubaneswar -> Ranchi -> Varanasi -> Kanpur -> Agra,machinery,33163.4,3
4224,-30.61,8,True,1080.0,138105.0,0.928,Mangalore -> Hubli -> Bangalore -> Hyderabad -> Nagpur -> Bhopal -> Delhi -> Ludhiana -> Amritsar,textiles,33163.7,3
4225,53.39,2,True,39.9,16903.0,0.233,Kanpur -> Agra -> Gwalior,fmcg,33163.7,3
4226,44.56,1,True,87.9,12685.0,0.522,Ahmedabad -> Indore,pharmaceuticals,33163.8,3
4227,35.83,3,True,245.7,49528.0,0.211,Ahmedabad -> Jaipur -> Delhi -> Lucknow,textiles,33163.9,3
4228,12.35,3,True,477.6,56745.0,0.382,Amritsar -> Ludhiana -> Delhi -> Bhopal,textiles,33164.0,3
4229,29.69,3,True,301.0,48769.0,0.415,Patna -> Ranchi -> Bhubaneswar -> Raipur,fmcg,33164.1,3
4230,-60.35,2,False,223.2,37228.0,0.551,Mysore -> Madurai -> Chennai,perishables,33164.2,3
4231,-2.97,4,True,248.2,63644.0,1.818,Surat -> Mumbai -> Pune -> Bangalore -> Kochi,pharmaceuticals,33164.3,3
4232,-56.19,2,False,192.3,31130.0,0.834,Indore -> Bhopal -> Nagpur,perishables,33164.4,3
4233,-41.74,7,True,722.6,169600.0,2.354,Amritsar -> Ludhiana -> Delhi -> Bhopal -> Nagpur -> Hyderabad -> Bangalore -> Hubli,electronics,33164.6,3
4234,-105.13,1,False,607.4,23690.0,0.716,Kochi -> Bangalore,pharmaceuticals,33164.6,3
4235,-29.22,3,True,389.1,236036.0,0.759,Visakhapatnam -> Hyderabad -> Nagpur -> Mumbai,pharmaceuticals,33164.7,3
4236,41.35,2,True,155.0,33709.0,0.287,Nashik -> Ahmedabad -> Indore,fmcg,33164.7,3
4237,43.31,3,True,171.7,23715.0,1.62,Bhopal -> Indore -> Udaipur -> Jodhpur,electronics,33164.8,3
4238,49.26,2,True,81.9,15695.0,0.15,Mysore -> Bangalore -> Coimbatore,textiles,33164.9,3
4239,-14.95,3,True,315.2,53307.0,1.662,Bhopal -> Jabalpur -> Raipur -> Bhubaneswar,pharmaceuticals,33165.0,3
4240,32.21,5,True,344.5,48099.0,0.982,Raipur -> Jabalpur -> Bhopal -> Indore -> Udaipur -> Jodhpur,fmcg,33165.2,3
4241,-9.31,4,True,295.5,62273.0,2.342,Mysore -> Bangalore -> Hyderabad -> Nagpur -> Bhopal,pharmaceuticals,33165.3,3
4242,-9.42,1,True,191.4,15612.0,0.457,Raipur -> Bhubaneswar,perishables,33165.4,3
4243,48.41,2,True,85.9,26876.0,0.39,Kanpur -> Varanasi -> Ranchi,machinery,33165.4,3
4244,42.6,2,True,141.6,17363.0,1.44,Bhopal -> Gwalior -> Agra,pharmaceuticals,33165.5,3
4245,0.16,2,True,143.6,40399.0,0.551,Visakhapatnam -> Chennai -> Bangalore,perishables,33165.5,3
4246,39.63,5,True,280.8,71185.0,0.313,Mysore -> Bangalore -> Hyderabad -> Nagpur -> Bhopal -> Gwalior,textiles,33165.7,3
4247,15.77,5,True,518.3,70658.0,0.569,Vadodara -> Surat -> Mumbai -> Pune -> Bangalore -> Kochi,textiles,33165.8,3
4248,3.57,3,True,148.9,38662.0,0.454,Hubli -> Bangalore -> Mysore -> Madurai,perishables,33165.9,3
4249,-69.67,2,False,289.7,31359.0,0.892,Ludhiana -> Delhi -> Kanpur,pharmaceuticals,33165.9,3
4250,-63.92,4,False,364.3,65273.0,0.569,Patna -> Lucknow -> Delhi -> Jaipur -> Ahmedabad,fmcg,33166.1,3
4251,50.74,1,True,24.5,25450.0,0.093,Delhi -> Lucknow,machinery,33166.1,3
4252,33.33,6,True,356.7,153911.0,0.772,Madurai -> Chennai -> Hyderabad -> Nagpur -> Bhopal -> Delhi -> Ludhiana,machinery,33166.3,3
4253,-85.9,2,False,491.7,61077.0,0.459,Nashik -> Pune -> Bangalore,fmcg,33166.4,3
4254,49.58,3,True,110.9,36615.0,0.452,Nashik -> Pune -> Bangalore -> Mysore,fmcg,33166.5,3
4255,51.7,4,True,112.9,77422.0,1.381,Vadodara -> Ahmedabad -> Jaipur -> Delhi -> Agra,pharmaceuticals,33166.6,3
4256,36.02,2,True,192.2,84987.0,0.41,Agra -> Delhi -> Chandigarh,machinery,33166.7,3
4257,-36.12,4,True,996.0,74871.0,0.56,Kanpur -> Varanasi -> Patna -> Kolkata -> Guwahati,textiles,33166.8,3
4258,-18.25,3,True,777.6,67394.0,0.917,Varanasi -> Patna -> Kolkata -> Guwahati,machinery,33166.9,3
4259,41.97,4,True,218.6,63489.0,0.54,Ranchi -> Bhubaneswar -> Visakhapatnam -> Hyderabad -> Bangalore,fmcg,33167.0,3
4260,-1.88,3,True,611.8,79293.0,0.639,Nagpur -> Mumbai -> Surat -> Rajkot,machinery,33167.1,3
4261,-82.55,7,False,535.2,69961.0,1.394,Amritsar -> Ludhiana -> Delhi -> Agra -> Gwalior -> Bhopal -> Nagpur -> Hyderabad,fmcg,33167.4,3
4262,24.03,3,True,354.8,49841.0,1.985,Nagpur -> Bhopal -> Delhi -> Chandigarh,electronics,33167.5,3
4263,49.19,1,True,40.0,19957.0,0.414,Ludhiana -> Delhi,electronics,33167.5,3
4264,1.74,4,True,615.5,80199.0,0.613,Coimbatore -> Bangalore -> Hyderabad -> Nagpur -> Bhopal,textiles,33167.6,3
4265,0.84,5,True,608.8,90924.0,1.109,Chandigarh -> Delhi -> Kanpur -> Varanasi -> Patna -> Kolkata,machinery,33167.8,3
4266,-82.88,1,False,363.2,33824.0,0.478,Guwahati -> Kolkata,perishables,33167.8,3
4267,45.66,6,True,257.9,76863.0,0.474,Thiruvananthapuram -> Kochi -> Bangalore -> Hyderabad -> Nagpur -> Bhopal -> Indore,textiles,33168.0,3
4268,-67.72,4,False,392.0,76937.0,0.89,Delhi -> Bhopal -> Nagpur -> Hyderabad -> Bangalore,fmcg,33168.1,3
4269,-30.35,4,True,940.6,69156.0,0.423,Madurai -> Mysore -> Bangalore -> Pune -> Mumbai,textiles,33168.3,3
4270,-68.89,4,False,262.8,41123.0,1.321,Delhi -> Jaipur -> Jodhpur -> Udaipur -> Ahmedabad,perishables,33168.4,3
4271,51.11,2,True,57.8,28801.0,0.483,Nagpur -> Bhopal -> Delhi,pharmaceuticals,33168.4,3
4272,-69.41,7,True,941.6,138211.0,3.344,Nashik -> Mumbai -> Nagpur -> Hyderabad -> Visakhapatnam -> Bhubaneswar -> Kolkata -> Guwahati,electronics,33168.6,3
4273,-54.34,2,False,178.7,31898.0,0.708,Agra -> Gwalior -> Bhopal,perishables,33168.7,3
4274,-9.42,2,True,243.8,39808.0,1.164,Kolkata -> Bhubaneswar -> Visakhapatnam,pharmaceuticals,33168.7,3
4275,42.01,2,True,146.6,35030.0,0.562,Bhubaneswar -> Raipur -> Nagpur,pharmaceuticals,33168.8,3
4276,-49.81,2,True,620.8,46578.0,0.461,Jabalpur -> Bhopal -> Delhi,fmcg,33168.8,3
4277,30.64,5,True,317.6,79644.0,0.423,Guwahati -> Kolkata -> Patna -> Varanasi -> Kanpur -> Delhi,textiles,33169.0,3
4278,38.94,4,True,246.5,48153.0,1.924,Kanpur -> Varanasi -> Ranchi -> Bhubaneswar -> Visakhapatnam,electronics,33169.1,3
4279,31.99,3,True,283.3,41035.0,0.913,Kanpur -> Varanasi -> Patna -> Kolkata,electronics,33169.1,3
4280,51.86,2,True,56.9,11494.0,0.212,Vadodara -> Ahmedabad -> Udaipur,fmcg,33169.2,3
4281,52.38,3,True,87.1,24272.0,0.366,Udaipur -> Ahmedabad -> Vadodara -> Surat,fmcg,33169.3,3
4282,38.17,3,True,217.9,52705.0,0.913,Pune -> Bangalore -> Mysore -> Madurai,electronics,33169.4,3
4283,14.12,4,True,491.4,81008.0,0.605,Nashik -> Pune -> Bangalore -> Kochi -> Thiruvananthapuram,textiles,33169.5,3
4284,-60.62,3,False,251.0,56341.0,0.539,Gwalior -> Bhopal -> Indore -> Ahmedabad,perishables,33169.6,3
4285,-67.93,1,False,287.8,27992.0,0.636,Madurai -> Chennai,pharmaceuticals,33169.7,3
4286,44.44,4,True,196.2,55181.0,0.585,Bangalore -> Chennai -> Visakhapatnam -> Bhubaneswar -> Kolkata,fmcg,33169.8,3
4287,-63.58,2,False,249.5,20086.0,1.029,Amritsar -> Ludhiana -> Delhi,perishables,33169.8,3
4288,-67.66,5,False,310.3,62382.0,2.514,Varanasi -> Kanpur -> Agra -> Gwalior -> Bhopal -> Nagpur,pharmaceuticals,33170.0,3
4289,38.34,3,True,222.0,42044.0,0.395,Jabalpur -> Raipur -> Bhubaneswar -> Ranchi,fmcg,33170.0,3
4290,49.67,1,True,38.5,12835.0,0.188,Bangalore -> Hubli,machinery,33170.1,3
4291,-54.53,2,False,144.2,28413.0,0.386,Bangalore -> Hyderabad -> Nagpur,perishables,33170.1,3
4292,46.06,1,True,57.0,64480.0,0.619,Ahmedabad -> Nashik,pharmaceuticals,33170.1,3
4293,46.12,3,True,143.3,45125.0,0.398,Pune -> Bangalore -> Mysore -> Madurai,machinery,33170.2,3
4294,42.75,5,True,237.7,93540.0,1.349,Chandigarh -> Delhi -> Bhopal -> Nagpur -> Hyderabad -> Bangalore,electronics,33170.3,3
4295,-0.48,3,True,176.4,46733.0,0.725,Patna -> Ranchi -> Bhubaneswar -> Visakhapatnam,perishables,33170.4,3
4296,51.18,1,True,25.6,4499.0,0.252,Nashik -> Mumbai,fmcg,33170.5,3
4297,-52.87,1,False,142.9,10155.0,0.63,Bhopal -> Nagpur,perishables,33170.5,3
4298,-53.53,2,False,137.3,26546.0,0.46,Jaipur -> Delhi -> Bhopal,perishables,33170.6,3
4299,-81.91,1,False,407.4,32427.0,0.422,Hyderabad -> Bangalore,pharmaceuticals,33170.6,3
4300,11.36,4,True,523.5,57852.0,1.091,Vadodara -> Surat -> Mumbai -> Pune -> Bangalore,machinery,33170.8,3
4301,43.07,3,True,175.4,37098.0,0.557,Bhubaneswar -> Ranchi -> Varanasi -> Kanpur,fmcg,33172.3,3
4302,48.27,3,True,126.8,27953.0,0.42,Bhopal -> Indore -> Ahmedabad -> Vadodara,fmcg,33172.4,3
4303,41.75,3,True,185.9,51114.0,0.239,Patna -> Ranchi -> Bhubaneswar -> Visakhapatnam,textiles,34119.1,3
4304,49.43,3,True,112.2,42986.0,0.109,Kolkata -> Bhubaneswar -> Raipur -> Jabalpur,textiles,34119.3,3
4305,-12.98,2,True,221.4,136600.0,0.318,Patna -> Lucknow -> Agra,perishables,34119.5,3
4306,-59.98,1,False,194.0,25090.0,0.316,Hyderabad -> Nagpur,perishables,34119.5,3
4307,25.46,3,True,330.6,61571.0,0.349,Hyderabad -> Bangalore -> Kochi -> Thiruvananthapuram,fmcg,34119.8,3
4308,-100.21,4,True,1633.3,80328.0,0.956,Mangalore -> Mysore -> Bangalore -> Pune -> Mumbai,machinery,34120.1,3
4309,-50.45,2,False,152.2,17827.0,0.84,Thiruvananthapuram -> Kochi -> Bangalore,perishables,34120.2,3
4310,-15.41,6,True,779.3,203761.0,0.73,Rajkot -> Ahmedabad -> Jaipur -> Delhi -> Kanpur -> Varanasi -> Patna,textiles,34120.6,3
4311,50.24,2,True,69.8,23543.0,0.142,Jaipur -> Ahmedabad -> Vadodara,textiles,34120.8,3
4312,9.17,3,True,504.5,68340.0,0.666,Bangalore -> Pune -> Mumbai -> Ahmedabad,machinery,34121.1,3
4313,52.89,1,True,7.7,10734.0,0.045,Jaipur -> Jodhpur,pharmaceuticals,34121.1,3
4314,49.55,1,True,39.0,10547.0,0.468,Raipur -> Jabalpur,electronics,34121.2,3
4315,-12.03,3,True,291.4,69293.0,1.52,Surat -> Mumbai -> Nagpur -> Raipur,pharmaceuticals,34121.4,3
4316,-7.53,7,True,755.9,137965.0,1.597,Jodhpur -> Udaipur -> Indore -> Ahmedabad -> Mumbai -> Pune -> Bangalore -> Mysore,machinery,34122.0,3
4317,-11.25,3,True,280.9,39998.0,2.46,Udaipur -> Indore -> Bhopal -> Nagpur,pharmaceuticals,34122.2,3
4318,15.18,5,True,521.8,77428.0,0.628,Coimbatore -> Bangalore -> Pune -> Nashik -> Ahmedabad -> Rajkot,textiles,34122.6,3
4319,46.94,5,True,152.8,49810.0,2.561,Indore -> Bhopal -> Gwalior -> Agra -> Kanpur -> Varanasi,pharmaceuticals,34123.0,3
4320,30.76,3,True,293.8,46900.0,0.899,Nashik -> Mumbai -> Nagpur -> Raipur,machinery,34123.3,3
4321,25.58,4,True,332.4,65311.0,0.444,Nagpur -> Bhopal -> Gwalior -> Agra -> Kanpur,textiles,34123.7,3
4322,32.44,2,True,244.3,26066.0,0.697,Kolkata -> Patna -> Varanasi,machinery,34123.8,3
4323,-5.66,3,True,649.4,79906.0,0.647,Raipur -> Jabalpur -> Bhopal -> Delhi,machinery,34124.0,3
4324,-20.31,2,True,332.5,19617.0,1.611,Bangalore -> Mysore -> Mangalore,pharmaceuticals,34124.2,3
4325,-98.81,5,True,1200.5,110126.0,2.482,Rajkot -> Surat -> Mumbai -> Pune -> Bangalore -> Kochi,electronics,34124.7,3
4326,-54.88,5,True,742.1,74812.0,2.374,Madurai -> Mysore -> Bangalore -> Hyderabad -> Nagpur -> Bhopal,electronics,34125.5,3
4327,34.62,4,True,287.5,49537.0,2.28,Kanpur -> Varanasi -> Patna -> Kolkata -> Guwahati,electronics,34125.9,3
4328,-51.18,2,False,156.5,26269.0,0.654,Rajkot -> Ahmedabad -> Jaipur,perishables,34126.0,3
4329,-5.46,4,True,263.3,60833.0,0.62,Raipur -> Jabalpur -> Bhopal -> Indore -> Jaipur,pharmaceuticals,34126.3,3
4330,-9.36,2,True,213.6,21599.0,0.869,Kanpur -> Delhi -> Ludhiana,perishables,34126.5,3
4331,-15.69,6,True,861.1,108489.0,0.656,Mysore -> Bangalore -> Hyderabad -> Nagpur -> Bhopal -> Delhi -> Chandigarh,textiles,34126.9,3
4332,9.37,6,True,552.3,126886.0,1.202,Gwalior -> Bhopal -> Jabalpur -> Nagpur -> Hyderabad -> Bangalore -> Coimbatore,machinery,34127.4,3
4333,32.88,6,True,282.6,70773.0,0.787,Patna -> Lucknow -> Delhi -> Agra -> Gwalior -> Bhopal -> Indore,fmcg,34127.8,3
4334,49.26,1,True,41.8,12494.0,0.367,Ahmedabad -> Nashik,electronics,34127.9,3
4335,32.38,3,True,278.1,39389.0,0.684,Rajkot -> Ahmedabad -> Jaipur -> Delhi,fmcg,34128.1,3
4336,-32.84,6,True,972.7,124385.0,1.68,Agra -> Kanpur -> Delhi -> Bhopal -> Nagpur -> Hyderabad -> Chennai,machinery,34128.6,3
4337,40.91,4,True,201.7,142882.0,1.268,Gwalior -> Agra -> Kanpur -> Varanasi -> Ranchi,electronics,34129.0,3
4338,-47.26,2,False,123.0,48057.0,0.423,Lucknow -> Delhi -> Bhopal,perishables,34129.1,3
4339,-53.56,2,False,175.6,20278.0,0.673,Udaipur -> Indore -> Bhopal,perishables,34129.3,3
4340,-62.94,3,True,601.5,41172.0,1.174,Patna -> Varanasi -> Kanpur -> Delhi,perishables,34129.5,3
4341,52.26,3,True,86.5,22149.0,0.697,Gwalior -> Agra -> Delhi -> Jaipur,perishables,34129.7,3
4342,-93.65,3,True,979.3,81376.0,1.19,Nagpur -> Bhopal -> Delhi -> Lucknow,pharmaceuticals,34130.0,3
4343,-19.5,7,True,881.1,134557.0,0.697,Hubli -> Bangalore -> Hyderabad -> Nagpur -> Bhopal -> Delhi -> Kanpur -> Varanasi,textiles,34130.6,3
4344,44.68,3,True,111.8,31919.0,0.36,Bhopal -> Gwalior -> Agra -> Kanpur,fmcg,34130.8,3
4345,9.5,4,True,537.0,86170.0,0.431,Bhopal -> Nagpur -> Hyderabad -> Bangalore -> Hubli,textiles,34131.1,3
4346,31.1,3,True,271.5,101417.0,1.402,Kochi -> Bangalore -> Pune -> Mumbai,electronics,34131.4,3
4347,45.37,3,True,104.5,31718.0,0.445,Bhopal -> Gwalior -> Agra -> Lucknow,machinery,34131.6,3
4348,-50.24,2,False,144.9,52507.0,0.283,Chandigarh -> Delhi -> Bhopal,perishables,34131.8,3
4349,-30.35,7,True,982.0,145832.0,1.544,Ahmedabad -> Indore -> Bhopal -> Jabalpur -> Raipur -> Bhubaneswar -> Kolkata -> Guwahati,machinery,34132.3,3
4350,-72.05,2,False,368.3,59608.0,0.279,Visakhapatnam -> Hyderabad -> Nagpur,fmcg,34132.4,3
4351,-11.64,8,True,763.3,232271.0,0.679,Surat -> Mumbai -> Nagpur -> Bhopal -> Gwalior -> Agra -> Delhi -> Ludhiana -> Amritsar,textiles,34133.0,3
4352,45.45,4,True,186.7,56121.0,0.396,Amritsar -> Ludhiana -> Delhi -> Kanpur -> Varanasi,fmcg,34133.3,3
4353,45.11,2,True,117.4,25807.0,0.749,Indore -> Udaipur -> Jodhpur,pharmaceuticals,34133.5,3
4354,-48.41,2,False,135.2,32765.0,0.394,Gwalior -> Bhopal -> Nagpur,perishables,34133.6,3
4355,33.89,4,True,296.2,59404.0,1.416,Kochi -> Bangalore -> Hyderabad -> Nagpur -> Bhopal,electronics,34134.0,3
4356,49.4,2,True,79.7,11153.0,0.594,Ahmedabad -> Vadodara -> Surat,electronics,34134.1,3
4357,-60.4,2,False,223.1,38431.0,0.613,Kolkata -> Bhubaneswar -> Visakhapatnam,perishables,34134.3,3
4358,-7.5,7,True,763.0,130054.0,0.608,Mysore -> Bangalore -> Pune -> Nashik -> Ahmedabad -> Jaipur -> Delhi -> Kanpur,textiles,34134.8,3
4359,-50.85,2,False,145.1,42159.0,0.362,Guwahati -> Kolkata -> Bhubaneswar,perishables,34134.9,3
4360,-57.37,6,True,843.4,119700.0,2.86,Hubli -> Bangalore -> Chennai -> Visakhapatnam -> Bhubaneswar -> Kolkata -> Guwahati,electronics,34135.4,3
4361,54.45,2,True,32.3,9320.0,0.092,Gwalior -> Agra -> Delhi,textiles,34135.5,3
4362,25.44,4,True,380.9,47616.0,2.095,Thiruvananthapuram -> Kochi -> Bangalore -> Pune -> Mumbai,electronics,34135.9,3
4363,28.92,2,True,274.2,39035.0,0.988,Hyderabad -> Bangalore -> Kochi,electronics,34136.1,3
4364,35.31,3,True,235.0,38926.0,1.808,Coimbatore -> Bangalore -> Mysore -> Mangalore,pharmaceuticals,34136.3,3
4365,35.2,1,True,182.6,14937.0,0.177,Kolkata -> Patna,textiles,34136.4,3
4366,-5.71,5,True,728.2,83332.0,0.793,Raipur -> Nagpur -> Hyderabad -> Bangalore -> Mysore -> Mangalore,textiles,34136.7,3
4367,23.94,3,True,347.3,65067.0,0.631,Visakhapatnam -> Hyderabad -> Bangalore -> Kochi,fmcg,34137.0,3
4368,34.18,6,True,367.3,92466.0,0.637,Ranchi -> Varanasi -> Kanpur -> Delhi -> Jaipur -> Ahmedabad -> Rajkot,textiles,34137.5,3
4369,-68.79,3,False,264.1,71279.0,0.399,Raipur -> Nagpur -> Hyderabad -> Bangalore,perishables,34137.7,3
4370,49.47,2,True,77.0,19679.0,0.471,Bhopal -> Jabalpur -> Raipur,machinery,34137.9,3
4371,38.87,2,True,170.5,67340.0,0.133,Ahmedabad -> Mumbai -> Nagpur,fmcg,34138.0,3
4372,-58.71,2,False,199.5,70109.0,0.289,Guwahati -> Kolkata -> Patna,perishables,34138.2,3
4373,23.79,6,True,416.5,111447.0,0.44,Mysore -> Bangalore -> Pune -> Nashik -> Ahmedabad -> Jaipur -> Delhi,textiles,34138.6,3
4374,44.65,1,True,86.2,17510.0,0.412,Bangalore -> Chennai,pharmaceuticals,34138.7,3
4375,-18.76,9,True,895.0,159328.0,0.961,Agra -> Gwalior -> Bhopal -> Jabalpur -> Raipur -> Nagpur -> Hyderabad -> Bangalore -> Hubli -> Mangalore,textiles,34139.5,3
4376,-16.59,5,True,376.3,49044.0,0.765,Varanasi -> Kanpur -> Agra -> Gwalior -> Bhopal -> Indore,fmcg,34139.9,3
4377,37.28,2,True,194.1,36073.0,0.452,Chennai -> Madurai -> Mysore,machinery,34140.0,3
4378,34.39,2,True,224.1,36828.0,0.172,Varanasi -> Patna -> Kolkata,textiles,34140.2,3
4379,18.42,3,True,417.8,49545.0,0.628,Amritsar -> Ludhiana -> Delhi -> Lucknow,machinery,34140.4,3
4380,46.88,5,True,209.2,60137.0,0.775,Surat -> Vadodara -> Ahmedabad -> Jaipur -> Delhi -> Lucknow,machinery,34140.8,3
4381,-49.89,1,False,121.1,15200.0,0.156,Lucknow -> Patna,perishables,34140.9,3
4382,-102.43,11,True,1286.7,226383.0,1.923,Raipur -> Nagpur -> Bhopal -> Jabalpur -> Nagpur -> Raipur -> Jabalpur -> Nagpur -> Hyderabad -> Bangalore -> Hubli -> Mangalore,machinery,34141.7,3
4383,12.14,5,True,520.6,186689.0,0.385,Mysore -> Bangalore -> Pune -> Mumbai -> Ahmedabad -> Udaipur,textiles,34142.2,3
4384,42.57,4,True,211.7,50277.0,1.49,Ludhiana -> Delhi -> Jaipur -> Jodhpur -> Udaipur,electronics,34142.5,3
4385,44.99,2,True,121.2,23641.0,0.355,Mysore -> Bangalore -> Hyderabad,machinery,34142.6,3
4386,-57.91,2,False,202.4,46873.0,0.631,Chennai -> Hyderabad -> Nagpur,perishables,34142.8,3
4387,-3.62,2,True,597.8,52987.0,0.502,Surat -> Mumbai -> Nagpur,machinery,34142.9,3
4388,-207.4,4,False,1727.7,94311.0,1.998,Guwahati -> Kolkata -> Bhubaneswar -> Visakhapatnam -> Chennai,electronics,34143.2,3
4389,-387.3,1,False,2646.3,30926.0,0.667,Guwahati -> Kolkata,perishables,34143.3,3
4390,-75.81,1,False,352.1,35081.0,0.943,Guwahati -> Kolkata,pharmaceuticals,34143.4,3
4391,-75.77,3,False,433.3,50485.0,0.517,Patna -> Ranchi -> Bhubaneswar -> Visakhapatnam,fmcg,34143.7,3
4392,-27.25,1,True,369.1,20012.0,0.793,Mangalore -> Hubli,pharmaceuticals,34143.7,3
4393,35.87,4,True,278.4,48563.0,0.804,Varanasi -> Kanpur -> Delhi -> Ludhiana -> Amritsar,fmcg,34144.0,3
4394,54.5,2,True,26.5,22436.0,0.359,Indore -> Bhopal -> Gwalior,electronics,34144.2,3
4395,16.48,4,True,461.9,90798.0,1.215,Chandigarh -> Delhi -> Bhopal -> Nagpur -> Hyderabad,electronics,34144.5,3
4396,46.54,2,True,107.3,22339.0,0.127,Hyderabad -> Nagpur -> Bhopal,textiles,34144.7,3
4397,-62.11,10,True,1249.2,205966.0,2.017,Delhi -> Lucknow -> Patna -> Ranchi -> Kolkata -> Bhubaneswar -> Visakhapatnam -> Hyderabad -> Bangalore -> Mysore -> Mangalore,machinery,34145.5,3
4398,29.48,1,True,237.1,25511.0,0.092,Jaipur -> Indore,fmcg,34145.5,3
4399,-96.04,5,True,1615.8,124796.0,1.431,Kochi -> Coimbatore -> Chennai -> Visakhapatnam -> Bhubaneswar -> Ranchi,machinery,34145.9,3
4400,31.7,2,True,248.8,37362.0,0.615,Nagpur -> Bhopal -> Delhi,electronics,34146.1,3
4401,-66.23,2,False,264.9,42977.0,0.591,Patna -> Lucknow -> Delhi,perishables,34150.0,3
4402,42.45,4,True,207.0,43391.0,1.69,Gwalior -> Bhopal -> Indore -> Ahmedabad -> Rajkot,pharmaceuticals,34150.3,3
4403,45.58,2,True,115.3,25856.0,0.227,Hubli -> Bangalore -> Kochi,fmcg,34150.4,3
4404,-16.77,1,True,244.1,28987.0,0.31,Kolkata -> Patna,perishables,34150.5,3
4405,28.07,4,True,350.8,72165.0,1.384,Madurai -> Chennai -> Hyderabad -> Nagpur -> Bhopal,electronics,34150.9,3
4406,48.26,1,True,47.8,31496.0,0.036,Lucknow -> Patna,fmcg,34151.0,3
4407,23.87,4,True,401.7,51519.0,0.824,Rajkot -> Ahmedabad -> Indore -> Bhopal -> Gwalior,machinery,34151.3,3
4408,-23.87,3,True,426.3,36581.0,0.415,Varanasi -> Kanpur -> Delhi -> Chandigarh,fmcg,34151.6,3
4409,-156.07,4,False,1124.6,71861.0,3.033,Vadodara -> Surat -> Mumbai -> Pune -> Bangalore,pharmaceuticals,34151.9,3
4410,-68.29,3,False,342.4,66163.0,0.988,Visakhapatnam -> Hyderabad -> Nagpur -> Bhopal,pharmaceuticals,34152.1,3
4411,45.03,2,True,116.2,25518.0,1.164,Lucknow -> Delhi -> Ludhiana,pharmaceuticals,34152.3,3
4412,46.38,3,True,141.6,46158.0,0.154,Lucknow -> Delhi -> Jaipur -> Jodhpur,textiles,34152.6,3
4413,30.8,5,True,360.8,95917.0,0.482,Indore -> Bhopal -> Nagpur -> Hyderabad -> Bangalore -> Coimbatore,textiles,34153.0,3
4414,-53.93,5,False,285.5,71592.0,2.126,Mangalore -> Mysore -> Bangalore -> Chennai -> Visakhapatnam -> Bhubaneswar,pharmaceuticals,34153.4,3
4415,-0.15,2,True,145.8,23452.0,0.833,Udaipur -> Indore -> Bhopal,perishables,34153.5,3
4416,5.1,3,True,139.4,28286.0,0.549,Gwalior -> Agra -> Lucknow -> Patna,perishables,34153.8,3
4417,46.38,3,True,138.8,39337.0,1.131,Kanpur -> Delhi -> Jaipur -> Ahmedabad,pharmaceuticals,34154.0,3
4418,-196.07,3,False,1516.3,70116.0,0.583,Hubli -> Bangalore -> Chennai -> Visakhapatnam,fmcg,34154.3,3
4419,-63.07,9,True,1321.7,198292.0,1.912,Varanasi -> Kanpur -> Agra -> Delhi -> Bhopal -> Nagpur -> Hyderabad -> Bangalore -> Hubli -> Mangalore,machinery,34155.0,3
4420,31.7,4,True,318.6,71509.0,0.604,Chandigarh -> Delhi -> Bhopal -> Jabalpur -> Raipur,textiles,34155.3,3
4421,0.2,2,True,143.2,40457.0,0.59,Nagpur -> Mumbai -> Ahmedabad,perishables,34155.4,3
4422,30.56,4,True,329.0,70609.0,0.846,Coimbatore -> Bangalore -> Pune -> Mumbai -> Ahmedabad,machinery,34155.7,3
4423,-0.97,4,True,629.2,83715.0,1.695,Bhubaneswar -> Visakhapatnam -> Chennai -> Coimbatore -> Kochi,electronics,34156.1,3
4424,-107.03,3,False,679.2,63858.0,1.342,Bhopal -> Nagpur -> Hyderabad -> Bangalore,pharmaceuticals,34156.3,3
4425,-77.55,4,False,372.1,62952.0,2.084,Kanpur -> Varanasi -> Patna -> Kolkata -> Bhubaneswar,pharmaceuticals,34156.6,3
4426,27.36,4,True,362.6,63329.0,0.956,Bhopal -> Nagpur -> Hyderabad -> Bangalore -> Mysore,electronics,34157.0,3
4427,-15.07,5,True,828.8,62706.0,0.601,Vadodara -> Surat -> Mumbai -> Pune -> Bangalore -> Hubli,textiles,34157.4,3
4428,-95.6,3,False,613.1,67444.0,0.506,Kolkata -> Bhubaneswar -> Visakhapatnam -> Chennai,fmcg,34157.6,3
4429,-66.16,3,False,289.8,44048.0,1.656,Ahmedabad -> Indore -> Bhopal -> Jabalpur,pharmaceuticals,34157.9,3
4430,-62.77,2,False,272.2,51087.0,0.561,Patna -> Kolkata -> Bhubaneswar,pharmaceuticals,34158.0,3
4431,41.04,3,True,187.5,41454.0,1.269,Jabalpur -> Nagpur -> Mumbai -> Nashik,pharmaceuticals,34158.3,3
4432,41.36,4,True,178.0,55966.0,0.313,Bhopal -> Nagpur -> Mumbai -> Surat -> Rajkot,machinery,34158.6,3
4433,21.95,5,True,382.2,148938.0,0.712,Raipur -> Jabalpur -> Bhopal -> Gwalior -> Agra -> Kanpur,machinery,34158.9,3
4434,26.61,2,True,298.9,23410.0,0.537,Ranchi -> Bhubaneswar -> Visakhapatnam,fmcg,34159.1,3
4435,35.34,7,True,335.4,115170.0,1.338,Madurai -> Chennai -> Hyderabad -> Nagpur -> Bhopal -> Gwalior -> Agra -> Lucknow,machinery,34159.7,3
4436,41.06,3,True,192.4,53026.0,0.225,Bhopal -> Nagpur -> Hyderabad -> Bangalore,textiles,34159.9,3
4437,50.62,4,True,134.0,58368.0,0.458,Vadodara -> Ahmedabad -> Jaipur -> Delhi -> Lucknow,machinery,34160.2,3
4438,-51.92,2,False,120.8,29698.0,0.915,Kolkata -> Patna -> Varanasi,perishables,34160.4,3
4439,-56.22,4,True,765.3,113026.0,1.386,Bhubaneswar -> Visakhapatnam -> Hyderabad -> Bangalore -> Pune,electronics,34160.7,3
4440,32.0,3,True,273.6,70905.0,0.556,Hyderabad -> Nagpur -> Mumbai -> Ahmedabad,fmcg,34161.0,3
4441,-54.97,1,False,156.9,24313.0,0.229,Hubli -> Bangalore,perishables,34161.1,3
4442,32.21,6,True,286.6,66985.0,2.247,Nagpur -> Bhopal -> Gwalior -> Agra -> Kanpur -> Varanasi -> Patna,electronics,34161.6,3
4443,25.26,7,True,434.0,94601.0,2.996,Jaipur -> Delhi -> Bhopal -> Nagpur -> Hyderabad -> Bangalore -> Mysore -> Madurai,electronics,34162.1,3
4444,-13.03,6,True,818.2,153201.0,1.216,Coimbatore -> Chennai -> Hyderabad -> Nagpur -> Bhopal -> Delhi -> Chandigarh,machinery,34162.6,3
4445,38.44,4,True,250.6,62289.0,1.254,Gwalior -> Bhopal -> Nagpur -> Mumbai -> Pune,electronics,34162.9,3
4446,-70.43,3,False,387.3,32616.0,0.652,Bhubaneswar -> Ranchi -> Varanasi -> Kanpur,fmcg,34163.2,3
4447,-56.92,1,False,173.0,11163.0,0.645,Ranchi -> Bhubaneswar,perishables,34163.3,3
4448,40.92,4,True,181.3,48635.0,0.995,Gwalior -> Bhopal -> Indore -> Udaipur -> Ahmedabad,electronics,34163.6,3
4449,-45.08,10,True,1179.5,198822.0,2.33,Thiruvananthapuram -> Kochi -> Coimbatore -> Chennai -> Visakhapatnam -> Hyderabad -> Nagpur -> Bhopal -> Delhi -> Ludhiana -> Amritsar,machinery,35287.4,3
4450,-1.95,5,True,676.1,127820.0,1.022,Pune -> Nashik -> Ahmedabad -> Jaipur -> Delhi -> Agra,machinery,35287.7,3
4451,17.19,4,True,464.0,73427.0,0.425,Mumbai -> Ahmedabad -> Jaipur -> Delhi -> Agra,textiles,35288.0,3
4452,34.38,2,True,226.3,23313.0,0.586,Udaipur -> Ahmedabad -> Jaipur,electronics,35288.2,3
4453,15.88,2,True,400.8,57543.0,0.61,Coimbatore -> Bangalore -> Pune,machinery,35288.4,3
4454,-67.64,6,False,407.4,108160.0,0.863,Jodhpur -> Jaipur -> Delhi -> Bhopal -> Nagpur -> Hyderabad -> Bangalore,fmcg,35288.8,3
4455,-81.73,3,False,293.1,52480.0,0.636,Ranchi -> Patna -> Varanasi -> Ranchi,pharmaceuticals,35289.1,3
4456,20.41,1,True,329.6,17034.0,0.243,Mangalore -> Hubli,machinery,35289.2,3
4457,-52.98,4,False,247.1,71100.0,1.637,Jaipur -> Delhi -> Kanpur -> Varanasi -> Ranchi,pharmaceuticals,35289.5,3
4458,-68.55,4,True,900.5,52833.0,1.426,Indore -> Bhopal -> Jabalpur -> Raipur -> Bhubaneswar,electronics,35289.7,3
4459,32.83,3,True,272.5,51840.0,0.718,Nagpur -> Raipur -> Bhubaneswar -> Kolkata,machinery,35290.0,3
4460,38.97,4,True,203.9,48462.0,0.368,Chandigarh -> Delhi -> Kanpur -> Varanasi -> Patna,textiles,35290.2,3
4461,-48.66,5,True,739.1,64252.0,3.024,Amritsar -> Ludhiana -> Delhi -> Bhopal -> Jabalpur -> Raipur,electronics,35290.6,3
4462,-70.85,4,False,352.7,70144.0,1.819,Rajkot -> Ahmedabad -> Nashik -> Mumbai -> Nagpur,pharmaceuticals,35290.9,3
4463,-76.29,2,False,337.0,57733.0,0.833,Nashik -> Pune -> Bangalore,perishables,35291.0,3
4464,37.15,2,True,189.8,40182.0,0.615,Ranchi -> Bhubaneswar -> Raipur,pharmaceuticals,35291.2,3
4465,48.23,1,True,51.3,17442.0,0.245,Jaipur -> Jodhpur,perishables,35291.3,3
4466,-75.31,2,False,331.0,56213.0,0.574,Gwalior -> Bhopal -> Delhi,perishables,35291.4,3
4467,37.86,6,True,287.9,67473.0,0.656,Kochi -> Coimbatore -> Bangalore -> Hyderabad -> Nagpur -> Bhopal -> Gwalior,textiles,35291.8,3
4468,42.65,4,True,211.2,52791.0,1.294,Chandigarh -> Delhi -> Kanpur -> Varanasi -> Ranchi,electronics,35292.1,3
4469,32.57,4,True,306.8,63098.0,0.502,Jaipur -> Delhi -> Kanpur -> Varanasi -> Ranchi,fmcg,35292.4,3
4470,44.83,2,True,125.0,18436.0,0.233,Jodhpur -> Udaipur -> Ahmedabad,textiles,35292.5,3
4471,-117.42,2,False,648.5,47639.0,0.66,Lucknow -> Delhi -> Bhopal,perishables,35292.7,3
4472,32.29,3,True,280.4,41578.0,0.849,Rajkot -> Ahmedabad -> Jaipur -> Delhi,machinery,35292.9,3
4473,49.5,2,True,78.2,19312.0,0.212,Bhopal -> Jabalpur -> Raipur,textiles,35293.0,3
4474,30.95,4,True,315.8,99685.0,0.968,Madurai -> Chennai -> Visakhapatnam -> Bhubaneswar -> Ranchi,electronics,35293.3,3
4475,26.46,8,True,459.1,144302.0,0.61,Udaipur -> Jodhpur -> Jaipur -> Delhi -> Kanpur -> Varanasi -> Patna -> Kolkata -> Guwahati,textiles,35293.9,3
4476,-107.42,2,False,631.8,113091.0,1.476,Bhubaneswar -> Raipur -> Nagpur,pharmaceuticals,35294.0,3
4477,-118.7,2,False,829.8,42689.0,1.259,Kochi -> Bangalore -> Hyderabad,electronics,35294.2,3
4478,-97.14,7,False,629.0,240644.0,2.658,Amritsar -> Ludhiana -> Delhi -> Bhopal -> Jabalpur -> Nagpur -> Hyderabad -> Bangalore,pharmaceuticals,35294.7,3
4479,-69.22,3,False,381.7,46424.0,0.429,Bhubaneswar -> Raipur -> Jabalpur -> Bhopal,fmcg,35294.9,3
4480,-60.72,1,False,165.1,10044.0,0.396,Kochi -> Coimbatore,perishables,35295.0,3
4481,52.9,1,True,8.5,2935.0,0.319,Kanpur -> Lucknow,perishables,35295.3,3
4482,12.5,2,True,438.1,54011.0,0.145,Raipur -> Bhubaneswar -> Visakhapatnam,textiles,35295.5,3
4483,29.87,3,True,297.0,52674.0,0.342,Nashik -> Ahmedabad -> Indore -> Bhopal,fmcg,35295.7,3
4484,46.52,3,True,142.2,37835.0,0.244,Chandigarh -> Delhi -> Bhopal -> Indore,fmcg,35295.9,3
4485,38.66,3,True,213.8,55313.0,0.608,Surat -> Mumbai -> Nagpur -> Hyderabad,fmcg,35296.1,3
4486,2.4,4,True,609.7,82311.0,0.315,Gwalior -> Bhopal -> Nagpur -> Hyderabad -> Bangalore,textiles,35296.4,3
4487,-92.6,5,True,1589.6,104471.0,1.02,Guwahati -> Kolkata -> Bhubaneswar -> Raipur -> Jabalpur -> Bhopal,machinery,35296.7,3
4488,43.88,4,True,193.8,48297.0,1.722,Udaipur -> Jodhpur -> Jaipur -> Delhi -> Chandigarh,pharmaceuticals,35297.0,3
4489,-4.44,5,True,702.2,123793.0,1.017,Jaipur -> Ahmedabad -> Mumbai -> Pune -> Bangalore -> Mysore,machinery,35297.8,3
4490,-110.1,2,False,682.6,27751.0,0.841,Thiruvananthapuram -> Kochi -> Bangalore,pharmaceuticals,35297.9,3
4491,-52.85,6,True,1234.0,102245.0,0.77,Kolkata -> Bhubaneswar -> Visakhapatnam -> Chennai -> Coimbatore -> Kochi -> Thiruvananthapuram,textiles,35298.4,3
4492,23.6,6,True,468.1,111508.0,0.486,Mysore -> Bangalore -> Hyderabad -> Nagpur -> Bhopal -> Delhi -> Ludhiana,textiles,35298.8,3
4493,48.69,2,True,83.0,28173.0,0.318,Rajkot -> Ahmedabad -> Jaipur,machinery,35298.9,3
4494,-12.8,4,True,750.4,115127.0,0.607,Mumbai -> Nagpur -> Raipur -> Bhubaneswar -> Kolkata,machinery,35299.2,3
4495,47.62,2,True,92.1,35999.0,0.193,Pune -> Bangalore -> Hubli,fmcg,35299.4,3
4496,6.82,3,True,530.0,63052.0,0.576,Nashik -> Pune -> Bangalore -> Kochi,machinery,35299.6,3
4497,18.16,4,True,450.9,64297.0,1.631,Visakhapatnam -> Bhubaneswar -> Ranchi -> Varanasi -> Kanpur,electronics,35299.9,3
4498,41.57,4,True,172.2,60528.0,0.791,Chandigarh -> Delhi -> Bhopal -> Jabalpur -> Nagpur,electronics,35300.2,3
4499,22.84,2,True,327.6,48987.0,0.171,Pune -> Bangalore -> Hubli,fmcg,35300.3,3
4500,-22.58,3,True,824.6,58210.0,0.75,Bhopal -> Nagpur -> Hyderabad -> Bangalore,machinery,35300.5,3
4501,34.18,3,True,256.9,63517.0,0.33,Indore -> Bhopal -> Delhi -> Chandigarh,fmcg,35303.9,3
4502,10.96,5,True,556.4,93644.0,1.169,Amritsar -> Ludhiana -> Delhi -> Jaipur -> Ahmedabad -> Rajkot,machinery,35304.3,3
4503,37.56,2,True,189.9,30473.0,1.068,Nagpur -> Mumbai -> Pune,electronics,35304.5,3
4504,-137.5,4,False,912.3,316195.0,0.549,Pune -> Bangalore -> Coimbatore -> Chennai -> Visakhapatnam,fmcg,35304.8,3
4505,36.93,1,True,163.7,17968.0,0.335,Mangalore -> Hubli,pharmaceuticals,35304.8,3
4506,3.7,6,True,673.4,85912.0,0.77,Patna -> Kolkata -> Bhubaneswar -> Raipur -> Nagpur -> Mumbai -> Pune,textiles,35305.2,3
4507,25.92,4,True,345.2,177007.0,0.494,Hyderabad -> Nagpur -> Bhopal -> Delhi -> Jaipur,machinery,35305.5,3
4508,35.69,5,True,307.7,114693.0,0.209,Mysore -> Bangalore -> Pune -> Nashik -> Ahmedabad -> Jaipur,textiles,35305.9,3
4509,32.19,5,True,347.5,84900.0,1.028,Coimbatore -> Chennai -> Hyderabad -> Nagpur -> Bhopal -> Indore,machinery,35306.3,3
4510,6.83,5,True,552.6,88771.0,0.486,Jabalpur -> Nagpur -> Hyderabad -> Bangalore -> Mysore -> Madurai,textiles,35306.6,3
4511,-77.41,1,False,367.3,41740.0,0.218,Pune -> Bangalore,pharmaceuticals,35306.7,3
4512,40.01,4,True,244.1,46253.0,0.387,Vadodara -> Ahmedabad -> Jaipur -> Delhi -> Chandigarh,textiles,35307.0,3
4513,52.15,1,True,14.8,8049.0,0.272,Coimbatore -> Bangalore,pharmaceuticals,35307.1,3
4514,-1.83,5,True,684.2,95997.0,1.055,Hubli -> Bangalore -> Pune -> Nashik -> Ahmedabad -> Vadodara,machinery,35307.4,3
4515,-10.5,3,True,282.0,73107.0,0.404,Kanpur -> Delhi -> Jaipur -> Ahmedabad,pharmaceuticals,35307.7,3
4516,-6.0,5,True,276.6,155309.0,1.469,Kanpur -> Delhi -> Jaipur -> Ahmedabad -> Mumbai -> Pune,pharmaceuticals,35308.1,3
4517,-30.92,5,True,971.5,114903.0,0.632,Guwahati -> Kolkata -> Bhubaneswar -> Raipur -> Nagpur -> Mumbai,textiles,35308.4,3
4518,50.93,2,True,60.4,31942.0,0.137,Surat -> Mumbai -> Nagpur,perishables,35308.6,3
4519,-67.66,2,False,240.7,205389.0,0.411,Rajkot -> Ahmedabad -> Jaipur,perishables,35308.7,3
4520,25.18,5,True,372.3,63078.0,1.399,Bhopal -> Gwalior -> Agra -> Kanpur -> Varanasi -> Ranchi,electronics,35309.1,3
4521,21.72,4,True,423.8,55027.0,0.496,Kochi -> Coimbatore -> Chennai -> Visakhapatnam -> Bhubaneswar,textiles,35309.4,3
4522,51.08,1,True,26.2,8391.0,0.098,Varanasi -> Patna,machinery,35309.5,3
4523,41.53,6,True,244.7,59910.0,2.408,Vadodara -> Ahmedabad -> Jaipur -> Delhi -> Kanpur -> Varanasi -> Patna,electronics,35309.9,3
4524,45.91,1,True,76.4,11976.0,0.175,Madurai -> Mysore,textiles,35310.0,3
4525,43.38,2,True,131.1,40309.0,0.609,Coimbatore -> Bangalore -> Hyderabad,electronics,35310.1,3
4526,-56.85,3,False,251.3,60675.0,1.009,Gwalior -> Bhopal -> Nagpur -> Hyderabad,pharmaceuticals,35310.3,3
4527,31.52,4,True,320.4,75078.0,0.391,Hubli -> Bangalore -> Hyderabad -> Nagpur -> Bhopal,textiles,35310.6,3
4528,-24.74,6,True,940.1,136140.0,1.277,Patna -> Kolkata -> Bhubaneswar -> Visakhapatnam -> Chennai -> Coimbatore -> Kochi,machinery,35311.0,3
4529,16.31,7,True,479.9,110423.0,0.777,Bangalore -> Chennai -> Hyderabad -> Nagpur -> Bhopal -> Gwalior -> Agra -> Kanpur,textiles,35311.5,3
4530,42.21,4,True,221.9,44745.0,0.503,Jodhpur -> Udaipur -> Ahmedabad -> Nashik -> Pune,fmcg,35311.8,3
4531,45.14,3,True,158.7,24205.0,0.524,Pune -> Mumbai -> Surat -> Vadodara,machinery,35312.0,3
4532,-75.21,4,False,455.9,86764.0,0.58,Hubli -> Bangalore -> Hyderabad -> Nagpur -> Bhopal,fmcg,35312.3,3
4533,27.79,5,True,341.1,56537.0,0.835,Indore -> Bhopal -> Gwalior -> Agra -> Kanpur -> Varanasi,fmcg,35312.6,3
4534,-34.27,4,True,533.7,77579.0,0.511,Coimbatore -> Bangalore -> Hyderabad -> Nagpur -> Bhopal,fmcg,35312.9,3
4535,-16.58,4,True,380.4,66840.0,0.574,Thiruvananthapuram -> Kochi -> Bangalore -> Pune -> Mumbai,fmcg,35313.2,3
4536,-141.26,1,False,1013.1,25098.0,0.74,Coimbatore -> Chennai,electronics,35313.3,3
4537,39.44,3,True,207.7,38048.0,1.286,Kolkata -> Bhubaneswar -> Raipur -> Jabalpur,electronics,35313.5,3
4538,44.66,3,True,142.3,83125.0,1.222,Agra -> Delhi -> Jaipur -> Jodhpur,electronics,35313.7,3
4539,-87.03,2,False,509.2,35249.0,0.394,Hubli -> Bangalore -> Pune,fmcg,35313.8,3
4540,-58.3,5,True,1243.6,117741.0,0.824,Kolkata -> Bhubaneswar -> Visakhapatnam -> Chennai -> Coimbatore -> Kochi,textiles,35314.2,3
4541,30.2,2,True,266.2,35427.0,0.249,Pune -> Bangalore -> Chennai,textiles,35314.3,3
4542,50.69,1,True,30.2,6654.0,0.172,Gwalior -> Agra,textiles,35314.4,3
4543,43.0,3,True,169.5,47527.0,1.211,Kanpur -> Delhi -> Jaipur -> Jodhpur,pharmaceuticals,35314.6,3
4544,32.03,2,True,249.9,29193.0,0.214,Kanpur -> Delhi -> Jaipur,textiles,35314.8,3
4545,38.19,1,True,148.5,18371.0,0.819,Indore -> Jaipur,electronics,35314.9,3
4546,-76.9,3,False,443.9,71362.0,0.487,Guwahati -> Kolkata -> Patna -> Lucknow,fmcg,35315.1,3
4547,48.83,1,True,47.9,6745.0,0.348,Bhopal -> Indore,electronics,35315.2,3
4548,-49.87,3,False,166.6,43083.0,0.795,Lucknow -> Patna -> Ranchi -> Bhubaneswar,perishables,35315.4,3
4549,49.67,2,True,75.9,11361.0,0.816,Coimbatore -> Kochi -> Thiruvananthapuram,electronics,35315.6,3
4550,14.21,5,True,473.3,82806.0,1.948,Bhubaneswar -> Raipur -> Jabalpur -> Bhopal -> Indore -> Ahmedabad,electronics,35315.9,3
4551,-16.66,6,True,394.1,125960.0,0.5,Visakhapatnam -> Bhubaneswar -> Raipur -> Jabalpur -> Bhopal -> Delhi -> Ludhiana,fmcg,35316.3,3
4552,-95.87,4,False,539.2,128130.0,0.51,Kolkata -> Ranchi -> Varanasi -> Kanpur -> Agra,fmcg,35316.6,3
4553,-60.52,2,True,680.1,46590.0,1.149,Hyderabad -> Visakhapatnam -> Bhubaneswar,pharmaceuticals,35316.7,3
4554,28.42,5,True,392.7,69849.0,0.441,Udaipur -> Jodhpur -> Jaipur -> Delhi -> Ludhiana -> Amritsar,textiles,35317.1,3
4555,-124.27,2,False,841.7,44699.0,0.418,Chennai -> Visakhapatnam -> Bhubaneswar,fmcg,35317.3,3
4556,-67.23,4,False,285.9,62125.0,1.611,Patna -> Lucknow -> Agra -> Gwalior -> Bhopal,pharmaceuticals,35317.5,3
4557,-25.45,5,True,916.9,115900.0,0.563,Jaipur -> Ahmedabad -> Mumbai -> Pune -> Bangalore -> Hubli,textiles,35317.9,3
4558,36.99,2,True,196.2,43781.0,0.147,Bhubaneswar -> Visakhapatnam -> Hyderabad,textiles,35318.1,3
4559,37.0,1,True,159.4,33475.0,0.105,Hyderabad -> Visakhapatnam,textiles,35318.2,3
4560,50.22,2,True,66.4,31150.0,0.412,Mumbai -> Surat -> Rajkot,electronics,35318.3,3
4561,-74.71,4,False,409.1,52142.0,0.767,Raipur -> Jabalpur -> Bhopal -> Indore -> Ahmedabad,fmcg,35318.6,3
4562,-131.31,1,False,869.7,44426.0,0.291,Pune -> Bangalore,fmcg,35318.7,3
4563,-58.97,4,False,255.5,62596.0,1.26,Jaipur -> Delhi -> Kanpur -> Lucknow -> Patna,pharmaceuticals,35319.0,3
4564,43.33,2,True,133.2,41573.0,0.2,Ranchi -> Kolkata -> Guwahati,fmcg,35319.2,3
4565,47.0,6,True,246.2,69697.0,0.566,Jodhpur -> Udaipur -> Ahmedabad -> Mumbai -> Pune -> Bangalore -> Coimbatore,fmcg,35319.6,3
4566,-51.11,1,False,129.6,16690.0,0.261,Raipur -> Jabalpur,perishables,35319.7,3
4567,-45.62,4,False,133.2,36693.0,1.134,Kanpur -> Agra -> Gwalior -> Bhopal -> Nagpur,perishables,35320.0,3
4568,40.24,5,True,267.3,76600.0,1.457,Gwalior -> Bhopal -> Nagpur -> Hyderabad -> Bangalore -> Coimbatore,electronics,35320.4,3
4569,40.61,2,True,158.6,38569.0,0.734,Raipur -> Nagpur -> Hyderabad,electronics,35320.5,3
4570,53.55,1,True,2.7,5779.0,0.01,Agra -> Delhi,textiles,35320.6,3
4571,-75.75,4,False,408.2,90111.0,0.502,Chandigarh -> Delhi -> Bhopal -> Nagpur -> Mumbai,fmcg,35320.9,3
4572,-54.89,2,True,1104.9,68866.0,0.654,Coimbatore -> Bangalore -> Pune,machinery,35321.0,3
4573,50.68,1,True,29.0,12649.0,0.091,Visakhapatnam -> Bhubaneswar,perishables,35321.1,3
4574,-81.76,5,False,524.0,72726.0,2.495,Pune -> Nashik -> Ahmedabad -> Jaipur -> Delhi -> Kanpur,pharmaceuticals,35321.5,3
4575,31.65,6,True,390.9,97830.0,0.647,Chandigarh -> Delhi -> Bhopal -> Nagpur -> Hyderabad -> Bangalore -> Mysore,textiles,35321.9,3
4576,-38.69,4,True,582.0,70060.0,0.728,Pune -> Mumbai -> Nagpur -> Raipur -> Bhubaneswar,fmcg,35322.2,3
4577,12.14,2,True,444.0,45975.0,0.166,Bhopal -> Delhi -> Kanpur,textiles,35322.3,3
4578,-64.03,2,False,283.5,27495.0,1.847,Jabalpur -> Raipur -> Bhubaneswar,pharmaceuticals,35322.5,3
4579,6.82,6,True,631.4,123415.0,0.666,Kochi -> Bangalore -> Hyderabad -> Nagpur -> Bhopal -> Delhi -> Chandigarh,textiles,35323.0,3
4580,40.61,2,True,159.9,36767.0,0.588,Bangalore -> Pune -> Mumbai,machinery,35323.1,3
4581,-64.34,5,False,387.6,90701.0,0.66,Vadodara -> Ahmedabad -> Mumbai -> Pune -> Bangalore -> Mysore,fmcg,35323.5,3
4582,49.6,1,True,40.0,10635.0,0.16,Madurai -> Mysore,fmcg,35323.6,3
4583,-73.34,3,False,414.9,60141.0,0.462,Guwahati -> Kolkata -> Patna -> Lucknow,fmcg,35323.8,3
4584,-21.93,4,True,437.7,64814.0,0.316,Lucknow -> Delhi -> Jaipur -> Ahmedabad -> Nashik,fmcg,35324.1,3
4585,45.56,2,True,112.1,35150.0,0.356,Hubli -> Bangalore -> Chennai,machinery,35324.3,3
4586,28.4,6,True,420.2,108220.0,0.668,Surat -> Vadodara -> Ahmedabad -> Jaipur -> Delhi -> Lucknow -> Patna,textiles,35324.7,3
4587,-63.57,5,False,382.2,83524.0,0.608,Kolkata -> Patna -> Lucknow -> Delhi -> Jaipur -> Jodhpur,fmcg,35325.1,3
4588,15.11,2,True,418.0,23570.0,0.758,Udaipur -> Ahmedabad -> Rajkot,machinery,35325.2,3
4589,33.05,4,True,304.5,59674.0,1.424,Vadodara -> Ahmedabad -> Jaipur -> Delhi -> Ludhiana,electronics,35325.5,3
4590,38.63,2,True,182.3,33240.0,0.287,Mumbai -> Nagpur -> Raipur,fmcg,35325.6,3
4591,29.52,2,True,267.6,53043.0,0.263,Raipur -> Bhubaneswar -> Kolkata,textiles,35325.8,3
4592,-18.83,2,True,289.3,20225.0,0.901,Madurai -> Coimbatore -> Kochi,perishables,35326.0,3
4593,-77.76,1,False,393.6,22625.0,0.292,Hubli -> Bangalore,fmcg,35326.0,3
4594,44.41,1,True,88.5,9797.0,0.903,Patna -> Ranchi,electronics,35326.1,3
4595,41.48,4,True,224.5,43230.0,1.533,Raipur -> Jabalpur -> Bhopal -> Gwalior -> Agra,electronics,35326.4,3
4596,34.41,5,True,280.4,64426.0,0.621,Patna -> Varanasi -> Kanpur -> Delhi -> Jaipur -> Ahmedabad,fmcg,35326.7,3
4597,-71.37,3,False,367.1,37929.0,1.777,Mangalore -> Mysore -> Bangalore -> Pune,pharmaceuticals,35327.0,3
4598,-92.99,3,False,571.1,75236.0,0.407,Guwahati -> Kolkata -> Bhubaneswar -> Raipur,fmcg,35327.2,3
4599,45.07,3,True,158.0,33885.0,0.227,Bhopal -> Jabalpur -> Raipur -> Bhubaneswar,fmcg,35327.4,3
4600,-76.65,5,False,492.7,107388.0,0.544,Patna -> Kolkata -> Bhubaneswar -> Visakhapatnam -> Hyderabad -> Bangalore,fmcg,35327.8,3
4601,45.67,1,True,78.0,10588.0,0.426,Nagpur -> Bhopal,pharmaceuticals,35331.4,3
4602,46.13,1,True,71.6,21291.0,0.143,Mysore -> Madurai,machinery,35331.5,3
4603,17.42,5,True,495.4,85777.0,0.93,Chennai -> Hyderabad -> Nagpur -> Bhopal -> Delhi -> Ludhiana,machinery,36306.7,3
4604,-5.99,2,True,615.5,39181.0,1.285,Pune -> Bangalore -> Kochi,electronics,36306.8,3
4605,10.1,6,True,549.2,111602.0,1.26,Bhubaneswar -> Raipur -> Jabalpur -> Bhopal -> Indore -> Ahmedabad -> Rajkot,machinery,36306.9,3
4606,43.16,1,True,101.1,19436.0,0.296,Bangalore -> Hyderabad,machinery,36306.9,3
4607,2.74,5,True,635.2,117333.0,0.438,Varanasi -> Ranchi -> Bhubaneswar -> Visakhapatnam -> Chennai -> Madurai,textiles,36307.0,3
4608,-20.03,6,True,478.3,83021.0,0.963,Gwalior -> Bhopal -> Nagpur -> Hyderabad -> Bangalore -> Kochi -> Thiruvananthapuram,fmcg,36307.1,3
4609,39.75,5,True,270.8,78369.0,1.629,Chandigarh -> Delhi -> Jaipur -> Ahmedabad -> Mumbai -> Pune,electronics,36307.2,3
4610,-69.42,2,False,287.5,30906.0,0.86,Rajkot -> Ahmedabad -> Jaipur,perishables,36307.2,3
4611,-86.63,4,False,497.5,48569.0,1.849,Mangalore -> Mysore -> Madurai -> Coimbatore -> Kochi,pharmaceuticals,36307.4,3
4612,45.45,1,True,81.8,9277.0,0.179,Jodhpur -> Jaipur,textiles,36307.4,3
4613,-53.03,6,True,764.2,169910.0,2.37,Ranchi -> Varanasi -> Kanpur -> Delhi -> Jaipur -> Jodhpur -> Udaipur,electronics,36307.7,3
4614,37.63,4,True,258.0,70588.0,0.893,Bhubaneswar -> Raipur -> Jabalpur -> Bhopal -> Gwalior,machinery,36307.8,3
4615,-75.34,3,False,423.2,60129.0,0.441,Chennai -> Hyderabad -> Nagpur -> Bhopal,fmcg,36307.9,3
4616,-87.69,1,False,400.9,25105.0,0.579,Bhubaneswar -> Raipur,perishables,36307.9,3
4617,-60.07,1,False,195.2,20448.0,0.459,Nashik -> Ahmedabad,perishables,36307.9,3
4618,41.73,3,True,185.9,38655.0,1.037,Gwalior -> Bhopal -> Jabalpur -> Raipur,electronics,36308.0,3
4619,-10.22,6,True,810.2,96060.0,0.651,Madurai -> Mysore -> Bangalore -> Pune -> Nashik -> Ahmedabad -> Jaipur,textiles,36308.1,3
4620,-21.07,5,True,870.1,116428.0,1.145,Chandigarh -> Delhi -> Bhopal -> Nagpur -> Hyderabad -> Visakhapatnam,machinery,36308.2,3
4621,-64.49,2,False,284.9,50912.0,1.056,Delhi -> Jaipur -> Ahmedabad,pharmaceuticals,36308.3,3
4622,14.85,6,True,501.7,93386.0,2.358,Rajkot -> Surat -> Mumbai -> Nagpur -> Hyderabad -> Bangalore -> Mysore,electronics,36308.4,3
4623,-78.57,2,False,404.5,54322.0,1.103,Ahmedabad -> Mumbai -> Nagpur,pharmaceuticals,36308.4,3
4624,39.34,4,True,244.2,69604.0,0.3,Vadodara -> Ahmedabad -> Jaipur -> Delhi -> Ludhiana,fmcg,36308.5,3
4625,-107.69,5,True,1746.7,82401.0,1.096,Jodhpur -> Jaipur -> Delhi -> Kanpur -> Varanasi -> Ranchi,machinery,36308.6,3
4626,52.08,2,True,48.4,32886.0,0.183,Ahmedabad -> Jaipur -> Jodhpur,pharmaceuticals,36308.7,3
4627,54.76,4,True,96.2,42315.0,0.693,Vadodara -> Ahmedabad -> Indore -> Bhopal -> Jabalpur,machinery,36308.7,3
4628,24.96,5,True,417.3,73242.0,2.222,Indore -> Bhopal -> Nagpur -> Hyderabad -> Bangalore -> Kochi,electronics,36308.8,3
4629,46.1,5,True,119.8,55421.0,0.531,Surat -> Rajkot -> Ahmedabad -> Indore -> Bhopal -> Jabalpur,fmcg,36308.9,3
4630,37.77,5,True,294.8,67195.0,1.467,Nashik -> Ahmedabad -> Jaipur -> Delhi -> Kanpur -> Varanasi,electronics,36309.0,3
4631,51.21,1,True,25.5,6036.0,0.131,Ahmedabad -> Vadodara,textiles,36309.1,3
4632,19.24,4,True,438.3,83321.0,0.845,Kochi -> Bangalore -> Pune -> Nashik -> Ahmedabad,machinery,36309.1,3
4633,2.16,6,True,661.1,85216.0,2.445,Patna -> Ranchi -> Bhubaneswar -> Visakhapatnam -> Chennai -> Bangalore -> Mysore,electronics,36309.3,3
4634,-58.48,3,False,257.1,65688.0,1.216,Rajkot -> Ahmedabad -> Jaipur -> Delhi,pharmaceuticals,36309.4,3
4635,43.05,4,True,210.9,55132.0,0.412,Mysore -> Bangalore -> Hyderabad -> Nagpur -> Jabalpur,fmcg,36309.5,3
4636,-69.62,5,False,442.3,90071.0,0.813,Mangalore -> Mysore -> Bangalore -> Pune -> Nashik -> Ahmedabad,fmcg,36309.6,3
4637,-5.22,2,True,184.0,35896.0,0.777,Nagpur -> Mumbai -> Surat,perishables,36309.6,3
4638,5.17,4,True,575.2,63645.0,1.997,Pune -> Mumbai -> Ahmedabad -> Jaipur -> Delhi,electronics,36309.7,3
4639,10.48,5,True,559.5,97938.0,1.257,Pune -> Mumbai -> Ahmedabad -> Jaipur -> Delhi -> Agra,machinery,36309.8,3
4640,1.61,6,True,656.1,208565.0,1.059,Guwahati -> Kolkata -> Patna -> Lucknow -> Delhi -> Jaipur -> Jodhpur,machinery,36309.9,3
4641,25.71,2,True,305.9,50496.0,0.369,Bangalore -> Hyderabad -> Nagpur,machinery,36310.0,3
4642,51.34,1,True,20.3,19078.0,0.108,Jodhpur -> Jaipur,electronics,36310.0,3
4643,-55.2,5,False,247.9,83962.0,2.108,Guwahati -> Kolkata -> Patna -> Varanasi -> Kanpur -> Delhi,pharmaceuticals,36310.1,3
4644,42.78,2,True,144.9,21943.0,0.148,Indore -> Bhopal -> Gwalior,textiles,36310.1,3
4645,41.91,3,True,190.3,27326.0,0.486,Gwalior -> Agra -> Delhi -> Chandigarh,fmcg,36310.2,3
4646,37.28,3,True,236.5,29609.0,0.368,Surat -> Vadodara -> Ahmedabad -> Indore,textiles,36310.3,3
4647,44.29,4,True,192.2,61668.0,1.276,Visakhapatnam -> Hyderabad -> Nagpur -> Bhopal -> Gwalior,electronics,36310.4,3
4648,17.29,5,True,500.4,72207.0,1.025,Rajkot -> Surat -> Mumbai -> Pune -> Bangalore -> Kochi,machinery,36310.5,3
4649,-52.82,5,False,273.7,71025.0,2.289,Agra -> Gwalior -> Bhopal -> Nagpur -> Hyderabad -> Bangalore,pharmaceuticals,36310.6,3
4650,39.71,2,True,172.6,30238.0,0.244,Nagpur -> Bhopal -> Gwalior,textiles,36310.6,3
4651,37.75,2,True,194.1,24038.0,0.241,Visakhapatnam -> Bhubaneswar -> Kolkata,fmcg,36310.6,3
4652,-81.02,2,False,426.3,54331.0,0.926,Hubli -> Bangalore -> Pune,pharmaceuticals,36310.7,3
4653,-31.85,3,True,465.9,59996.0,1.003,Varanasi -> Ranchi -> Bhubaneswar -> Visakhapatnam,pharmaceuticals,36310.7,3
4654,-130.0,3,False,766.1,70495.0,1.07,Ahmedabad -> Mumbai -> Pune -> Bangalore,perishables,36310.8,3
4655,13.43,2,True,425.4,65295.0,0.146,Visakhapatnam -> Hyderabad -> Bangalore,textiles,36310.8,3
4656,25.85,7,True,439.2,96732.0,0.662,Rajkot -> Ahmedabad -> Jaipur -> Delhi -> Kanpur -> Varanasi -> Patna -> Kolkata,textiles,36311.0,3
4657,-82.73,4,False,527.5,86012.0,0.553,Guwahati -> Kolkata -> Patna -> Lucknow -> Delhi,fmcg,36311.1,3
4658,-21.95,7,True,856.1,121140.0,1.416,Rajkot -> Ahmedabad -> Jaipur -> Delhi -> Agra -> Kanpur -> Varanasi -> Patna,machinery,36311.2,3
4659,-60.83,3,False,283.2,52043.0,1.181,Visakhapatnam -> Hyderabad -> Nagpur -> Bhopal,pharmaceuticals,36311.2,3
4660,-56.79,3,False,240.9,90155.0,0.938,Pune -> Bangalore -> Hyderabad -> Visakhapatnam,pharmaceuticals,36311.3,3
4661,38.94,1,True,147.5,8382.0,0.13,Ranchi -> Patna,textiles,36311.3,3
4662,-3.44,3,True,632.8,59307.0,0.753,Jabalpur -> Bhopal -> Delhi -> Chandigarh,machinery,36311.4,3
4663,-98.44,3,True,1043.1,27198.0,1.458,Coimbatore -> Bangalore -> Mysore -> Mangalore,pharmaceuticals,36311.5,3
4664,-64.63,1,False,230.6,12468.0,0.6,Rajkot -> Ahmedabad,perishables,36311.5,3
4665,18.69,4,True,452.4,61907.0,0.425,Ranchi -> Varanasi -> Kanpur -> Agra -> Gwalior,textiles,36311.6,3
4666,-61.47,5,True,821.3,220652.0,1.928,Vadodara -> Ahmedabad -> Mumbai -> Nagpur -> Raipur -> Bhubaneswar,electronics,36311.7,3
4667,29.3,3,True,303.5,50294.0,1.686,Bhubaneswar -> Visakhapatnam -> Chennai -> Madurai,electronics,36311.7,3
4668,15.63,1,True,374.3,19365.0,0.709,Ranchi -> Kolkata,electronics,36311.8,3
4669,36.98,2,True,171.4,119905.0,0.581,Bhopal -> Delhi -> Chandigarh,electronics,36311.8,3
4670,50.63,3,True,97.9,25182.0,0.727,Chennai -> Bangalore -> Mysore -> Mangalore,perishables,36311.9,3
4671,26.8,3,True,327.3,61470.0,1.242,Nashik -> Pune -> Bangalore -> Chennai,electronics,36311.9,3
4672,-72.45,3,False,329.0,61484.0,0.76,Mangalore -> Hubli -> Bangalore -> Hyderabad,perishables,36312.0,3
4673,-37.71,5,True,1048.4,90495.0,0.301,Mumbai -> Ahmedabad -> Jaipur -> Delhi -> Ludhiana -> Amritsar,textiles,36312.1,3
4674,14.88,6,True,557.1,89594.0,1.452,Mangalore -> Mysore -> Bangalore -> Pune -> Mumbai -> Surat -> Rajkot,machinery,36312.2,3
4675,-71.94,4,False,405.4,163386.0,0.776,Chennai -> Hyderabad -> Nagpur -> Bhopal -> Delhi,fmcg,36312.3,3
4676,-118.32,2,False,655.9,43548.0,0.705,Bangalore -> Hyderabad -> Visakhapatnam,perishables,36312.3,3
4677,35.96,3,True,244.7,38069.0,0.856,Jodhpur -> Udaipur -> Indore -> Bhopal,machinery,36312.4,3
4678,-50.84,4,True,1139.5,87500.0,0.53,Patna -> Kolkata -> Bhubaneswar -> Visakhapatnam -> Chennai,textiles,36312.5,3
4679,44.48,4,True,203.3,33205.0,0.397,Agra -> Delhi -> Jaipur -> Jodhpur -> Udaipur,textiles,36312.5,3
4680,-76.14,2,False,411.8,36444.0,0.185,Delhi -> Bhopal -> Nagpur,fmcg,36312.6,3
4681,46.84,1,True,65.4,13353.0,0.434,Delhi -> Lucknow,electronics,36312.6,3
4682,-50.08,7,True,753.6,127186.0,2.441,Mangalore -> Hubli -> Bangalore -> Hyderabad -> Nagpur -> Bhopal -> Indore -> Udaipur,electronics,36312.7,3
4683,48.95,1,True,43.9,21293.0,0.034,Chennai -> Bangalore,textiles,36312.8,3
4684,-57.2,6,True,817.6,91914.0,0.801,Jodhpur -> Jaipur -> Delhi -> Lucknow -> Patna -> Kolkata -> Guwahati,fmcg,36312.9,3
4685,52.66,2,True,44.6,16431.0,0.781,Mysore -> Madurai -> Coimbatore,perishables,36312.9,3
4686,-58.85,3,False,240.6,39750.0,0.75,Kanpur -> Delhi -> Jaipur -> Indore,perishables,36313.0,3
4687,-43.49,7,True,1170.5,126076.0,1.31,Jodhpur -> Udaipur -> Ahmedabad -> Mumbai -> Pune -> Bangalore -> Kochi -> Thiruvananthapuram,machinery,36313.1,3
4688,6.88,2,True,487.8,61228.0,1.009,Hyderabad -> Bangalore -> Pune,electronics,36313.2,3
4689,22.96,5,True,444.5,80514.0,0.351,Chennai -> Hyderabad -> Nagpur -> Mumbai -> Surat -> Rajkot,textiles,36313.3,3
4690,-106.61,4,False,725.7,71732.0,2.512,Udaipur -> Indore -> Bhopal -> Nagpur -> Hyderabad,electronics,36313.4,3
4691,-46.4,2,False,120.5,31477.0,0.381,Ludhiana -> Delhi -> Lucknow,perishables,36313.4,3
4692,29.42,5,True,379.7,78574.0,0.504,Coimbatore -> Bangalore -> Hyderabad -> Nagpur -> Bhopal -> Gwalior,textiles,36313.5,3
4693,47.06,2,True,103.6,15055.0,0.244,Surat -> Mumbai -> Pune,machinery,36313.6,3
4694,37.78,2,True,189.1,26826.0,1.003,Indore -> Ahmedabad -> Rajkot,electronics,36313.6,3
4695,48.77,1,True,46.7,12820.0,0.354,Bhubaneswar -> Visakhapatnam,perishables,36313.6,3
4696,-3.31,3,True,634.4,56895.0,0.326,Bhubaneswar -> Visakhapatnam -> Chennai -> Madurai,textiles,36313.7,3
4697,39.56,2,True,167.4,36523.0,1.21,Hubli -> Bangalore -> Kochi,pharmaceuticals,36313.7,3
4698,40.7,2,True,165.5,20920.0,0.232,Jabalpur -> Bhopal -> Gwalior,textiles,36313.8,3
4699,-64.28,4,False,182.7,69183.0,0.719,Raipur -> Nagpur -> Mumbai -> Pune -> Nashik,perishables,36313.9,3
4700,-97.39,6,True,1167.1,136770.0,2.143,Lucknow -> Patna -> Ranchi -> Bhubaneswar -> Visakhapatnam -> Hyderabad -> Bangalore,electronics,36314.0,3
4701,-51.24,4,False,166.6,50935.0,1.383,Ludhiana -> Delhi -> Bhopal -> Jabalpur -> Raipur,perishables,36315.2,3
4702,-54.74,1,False,157.6,8856.0,0.525,Amritsar -> Ludhiana,perishables,36315.2,3
4703,52.1,3,True,90.7,22820.0,0.304,Surat -> Vadodara -> Ahmedabad -> Indore,fmcg,36315.3,3
4704,-37.89,2,True,514.1,43571.0,0.529,Jaipur -> Ahmedabad -> Mumbai,fmcg,36315.3,3
4705,19.13,6,True,509.7,112319.0,1.069,Rajkot -> Ahmedabad -> Jaipur -> Delhi -> Lucknow -> Patna -> Ranchi,machinery,36315.5,3
4706,-79.85,2,False,441.3,45326.0,0.519,Surat -> Mumbai -> Nagpur,fmcg,36315.5,3
4707,-11.55,5,True,766.6,140968.0,1.32,Kochi -> Bangalore -> Hyderabad -> Nagpur -> Bhopal -> Delhi,machinery,36315.6,3
4708,49.39,2,True,77.0,24932.0,0.315,Ludhiana -> Delhi -> Kanpur,machinery,36315.6,3
4709,-57.14,5,True,763.3,78767.0,2.448,Chandigarh -> Delhi -> Kanpur -> Varanasi -> Ranchi -> Kolkata,electronics,36315.7,3
4710,25.92,3,True,339.5,37723.0,1.986,Nashik -> Ahmedabad -> Indore -> Bhopal,electronics,36315.8,3
4711,46.0,1,True,73.3,14894.0,0.441,Mumbai -> Surat,pharmaceuticals,36315.8,3
4712,-1.16,2,True,156.1,19801.0,1.033,Kanpur -> Delhi -> Jaipur,perishables,36315.9,3
4713,35.58,2,True,202.3,37935.0,0.958,Hubli -> Bangalore -> Kochi,pharmaceuticals,36315.9,3
4714,-69.0,4,False,414.7,48570.0,0.502,Indore -> Bhopal -> Jabalpur -> Raipur -> Bhubaneswar,fmcg,36316.0,3
4715,-111.8,4,False,831.2,71511.0,1.44,Vadodara -> Surat -> Mumbai -> Pune -> Bangalore,electronics,36316.1,3
4716,52.27,1,True,14.3,8485.0,0.083,Nagpur -> Raipur,textiles,36316.1,3
4717,49.1,3,True,108.0,27130.0,0.964,Madurai -> Mysore -> Mangalore -> Hubli,perishables,36316.2,3
4718,40.23,3,True,200.6,38828.0,1.083,Jaipur -> Delhi -> Ludhiana -> Amritsar,electronics,36316.2,3
4719,53.85,2,True,36.7,13742.0,0.131,Lucknow -> Agra -> Gwalior,textiles,36316.3,3
4720,37.54,4,True,256.2,63947.0,1.838,Ahmedabad -> Jaipur -> Delhi -> Ludhiana -> Amritsar,electronics,36316.4,3
4721,37.6,3,True,232.6,32581.0,0.322,Thiruvananthapuram -> Kochi -> Bangalore -> Hyderabad,textiles,36316.4,3
4722,-110.7,3,False,730.6,57549.0,1.477,Hyderabad -> Nagpur -> Bhopal -> Gwalior,electronics,36316.5,3
4723,-2.19,6,True,669.2,117713.0,1.481,Coimbatore -> Bangalore -> Hyderabad -> Visakhapatnam -> Bhubaneswar -> Ranchi -> Patna,machinery,36316.6,3
4724,-58.53,3,False,266.1,63282.0,0.753,Bhubaneswar -> Visakhapatnam -> Chennai -> Coimbatore,pharmaceuticals,36316.6,3
4725,46.21,1,True,70.4,23601.0,0.089,Indore -> Ahmedabad,textiles,36316.7,3
4726,-21.99,6,True,887.3,235277.0,0.394,Mysore -> Bangalore -> Hyderabad -> Nagpur -> Bhopal -> Delhi -> Ludhiana,textiles,36316.8,3
4727,-98.78,4,False,548.8,127101.0,1.188,Amritsar -> Ludhiana -> Delhi -> Kanpur -> Varanasi,perishables,36316.9,3
4728,0.38,3,True,600.3,42861.0,0.611,Mangalore -> Mysore -> Bangalore -> Hyderabad,machinery,36316.9,3
4729,-120.31,5,False,929.2,134308.0,1.987,Hubli -> Bangalore -> Hyderabad -> Nagpur -> Bhopal -> Delhi,electronics,36317.1,3
4730,-33.67,4,True,541.3,43409.0,0.884,Surat -> Vadodara -> Ahmedabad -> Jaipur -> Delhi,fmcg,36317.1,3
4731,-68.27,1,False,257.7,15859.0,0.469,Surat -> Mumbai,perishables,36317.2,3
4732,-143.71,4,False,1128.8,73174.0,2.261,Guwahati -> Kolkata -> Bhubaneswar -> Visakhapatnam -> Chennai,electronics,36317.3,3
4733,18.14,5,True,417.6,140672.0,1.758,Lucknow -> Agra -> Gwalior -> Bhopal -> Nagpur -> Hyderabad,electronics,36317.4,3
4734,-46.4,3,False,145.2,36297.0,1.032,Pune -> Mumbai -> Nagpur -> Bhopal,perishables,36317.5,3
4735,44.49,2,True,127.6,19158.0,0.346,Ahmedabad -> Nashik -> Pune,machinery,36317.5,3
4736,46.86,3,True,137.8,41201.0,0.259,Nashik -> Ahmedabad -> Jaipur -> Delhi,machinery,36317.6,3
4737,-3.95,5,True,681.6,182322.0,0.654,Rajkot -> Surat -> Mumbai -> Pune -> Bangalore -> Kochi,textiles,36317.7,3
4738,17.11,6,True,479.2,109048.0,1.39,Thiruvananthapuram -> Kochi -> Coimbatore -> Madurai -> Chennai -> Visakhapatnam -> Bhubaneswar,machinery,36317.8,3
4739,34.7,2,True,211.7,20794.0,1.569,Lucknow -> Agra -> Gwalior,pharmaceuticals,36317.8,3
4740,39.28,3,True,202.8,38077.0,1.419,Amritsar -> Ludhiana -> Delhi -> Lucknow,pharmaceuticals,36317.9,3
4741,43.3,1,True,99.7,15599.0,0.525,Nagpur -> Raipur,electronics,36317.9,3
4742,48.51,4,True,159.9,43137.0,0.425,Nagpur -> Bhopal -> Delhi -> Ludhiana -> Amritsar,fmcg,36318.0,3
4743,-50.07,2,False,144.2,29965.0,0.685,Visakhapatnam -> Hyderabad -> Nagpur,perishables,36318.1,3
4744,-57.64,4,False,283.6,65073.0,1.259,Varanasi -> Kanpur -> Delhi -> Jaipur -> Indore,pharmaceuticals,36318.2,3
4745,-55.04,1,False,159.4,14135.0,0.314,Delhi -> Jaipur,perishables,36318.2,3
4746,46.88,3,True,138.6,33417.0,0.52,Bhopal -> Indore -> Ahmedabad -> Rajkot,machinery,36318.3,3
4747,46.78,4,True,124.5,33720.0,1.518,Nagpur -> Bhopal -> Indore -> Ahmedabad -> Vadodara,pharmaceuticals,36318.4,3
4748,38.39,3,True,215.4,61976.0,0.406,Chennai -> Visakhapatnam -> Bhubaneswar -> Ranchi,fmcg,36318.5,3
4749,-14.31,2,True,253.9,34606.0,0.45,Mysore -> Bangalore -> Hyderabad,perishables,36318.5,3
4750,-163.27,13,True,2141.0,323761.0,2.92,Guwahati -> Kolkata -> Patna -> Varanasi -> Kanpur -> Lucknow -> Patna -> Kolkata -> Bhubaneswar -> Visakhapatnam -> Hyderabad -> Bangalore -> Kochi -> Thiruvananthapuram,machinery,36318.8,3
4751,52.05,1,True,15.6,9027.0,0.237,Chandigarh -> Delhi,perishables,36318.8,3
4752,-45.05,3,True,613.2,49394.0,0.472,Nashik -> Pune -> Bangalore -> Chennai,fmcg,36318.9,3
4753,50.02,2,True,70.3,30136.0,0.087,Hubli -> Bangalore -> Chennai,textiles,37113.3,3
4754,33.91,6,True,368.3,100142.0,0.506,Kochi -> Bangalore -> Hyderabad -> Nagpur -> Bhopal -> Delhi -> Chandigarh,textiles,37113.7,3
4755,49.27,1,True,40.6,10322.0,0.715,Delhi -> Ludhiana,pharmaceuticals,37113.8,3
4756,-45.9,3,False,138.3,46190.0,0.578,Nashik -> Ahmedabad -> Jaipur -> Delhi,perishables,37114.0,3
4757,38.97,2,True,180.3,26715.0,0.389,Delhi -> Kanpur -> Varanasi,machinery,37114.1,3
4758,26.07,3,True,316.6,128983.0,0.804,Nagpur -> Mumbai -> Surat -> Vadodara,machinery,37114.4,3
4759,40.41,1,True,131.4,9176.0,0.345,Ranchi -> Patna,fmcg,37114.5,3
4760,52.08,1,True,17.3,5097.0,0.081,Pune -> Nashik,fmcg,37114.5,3
4761,-35.35,2,True,465.2,37138.0,1.522,Ludhiana -> Delhi -> Kanpur,pharmaceuticals,37114.7,3
4762,-58.56,1,False,141.1,47027.0,0.268,Mumbai -> Nagpur,perishables,37114.8,3
4763,11.94,4,True,508.3,83650.0,1.401,Rajkot -> Ahmedabad -> Jaipur -> Delhi -> Ludhiana,electronics,37115.1,3
4764,34.53,5,True,322.0,97342.0,0.695,Ranchi -> Bhubaneswar -> Raipur -> Nagpur -> Mumbai -> Nashik,machinery,37115.4,3
4765,-102.57,1,False,512.3,26588.0,0.535,Raipur -> Bhubaneswar,perishables,37115.5,3
4766,35.12,3,True,221.7,106855.0,1.226,Bangalore -> Pune -> Nashik -> Ahmedabad,pharmaceuticals,37115.7,3
4767,-56.55,5,False,264.8,62455.0,2.118,Jodhpur -> Jaipur -> Delhi -> Kanpur -> Varanasi -> Patna,pharmaceuticals,37116.1,3
4768,-35.89,3,True,953.0,79640.0,0.411,Chennai -> Visakhapatnam -> Bhubaneswar -> Raipur,textiles,37116.3,3
4769,-74.72,7,True,940.5,109015.0,3.301,Varanasi -> Kanpur -> Agra -> Gwalior -> Bhopal -> Nagpur -> Hyderabad -> Bangalore,electronics,37116.8,3
4770,-86.13,6,False,363.4,72889.0,0.737,Rajkot -> Surat -> Vadodara -> Ahmedabad -> Jaipur -> Jodhpur -> Udaipur,fmcg,37117.2,3
4771,39.12,6,True,316.2,99591.0,0.535,Amritsar -> Ludhiana -> Delhi -> Bhopal -> Nagpur -> Hyderabad -> Chennai,textiles,37117.6,3
4772,8.91,7,True,586.3,99509.0,3.444,Varanasi -> Kanpur -> Delhi -> Bhopal -> Indore -> Ahmedabad -> Nashik -> Pune,electronics,37118.1,3
4773,51.24,1,True,24.4,8897.0,0.107,Delhi -> Chandigarh,electronics,37118.2,3
4774,50.92,2,True,63.2,23291.0,0.12,Hubli -> Bangalore -> Chennai,fmcg,37118.4,3
4775,-7.5,3,True,264.7,21818.0,1.544,Surat -> Vadodara -> Ahmedabad -> Indore,pharmaceuticals,37118.6,3
4776,50.84,4,True,112.4,125191.0,0.332,Vadodara -> Ahmedabad -> Jaipur -> Delhi -> Ludhiana,textiles,37118.9,3
4777,-81.62,4,False,480.2,56031.0,0.77,Varanasi -> Kanpur -> Agra -> Gwalior -> Bhopal,fmcg,37119.1,3
4778,-36.71,6,True,1071.7,107050.0,0.666,Rajkot -> Ahmedabad -> Jaipur -> Delhi -> Kanpur -> Varanasi -> Ranchi,textiles,37119.6,3
4779,25.49,3,True,345.1,60146.0,0.4,Kochi -> Bangalore -> Hyderabad -> Nagpur,textiles,37119.8,3
4780,-1.07,2,True,155.7,18996.0,1.073,Vadodara -> Ahmedabad -> Udaipur,perishables,37119.9,3
4781,-73.72,3,False,383.7,72950.0,1.746,Vadodara -> Surat -> Mumbai -> Nagpur,pharmaceuticals,37120.1,3
4782,2.32,4,True,604.0,104586.0,0.288,Ranchi -> Bhubaneswar -> Visakhapatnam -> Chennai -> Madurai,textiles,37120.4,3
4783,39.77,3,True,199.8,39258.0,1.083,Chandigarh -> Delhi -> Bhopal -> Indore,pharmaceuticals,37120.7,3
4784,-82.26,2,False,387.3,31648.0,0.939,Mumbai -> Pune -> Bangalore,perishables,37120.8,3
4785,-18.85,5,True,398.9,62013.0,0.94,Amritsar -> Ludhiana -> Chandigarh -> Delhi -> Jaipur -> Ahmedabad,fmcg,37121.2,3
4786,32.58,1,True,204.6,28644.0,0.194,Kolkata -> Patna,textiles,37121.3,3
4787,0.79,6,True,676.3,118086.0,2.153,Mangalore -> Mysore -> Bangalore -> Hyderabad -> Nagpur -> Bhopal -> Delhi,electronics,37121.7,3
4788,-68.38,2,False,323.3,39443.0,0.552,Rajkot -> Ahmedabad -> Jaipur,pharmaceuticals,37121.8,3
4789,47.47,2,True,97.6,19091.0,0.389,Mumbai -> Surat -> Vadodara,fmcg,37122.0,3
4790,44.79,3,True,153.3,49535.0,0.794,Mumbai -> Nagpur -> Raipur -> Bhubaneswar,pharmaceuticals,37122.2,3
4791,-39.2,8,True,1058.0,145685.0,2.055,Udaipur -> Indore -> Bhopal -> Nagpur -> Mumbai -> Pune -> Bangalore -> Hubli -> Mangalore,machinery,37122.7,3
4792,-56.92,2,False,197.7,31471.0,0.835,Bangalore -> Hyderabad -> Nagpur,perishables,37122.9,3
4793,24.85,6,True,446.1,103341.0,2.877,Amritsar -> Ludhiana -> Delhi -> Bhopal -> Nagpur -> Hyderabad -> Chennai,electronics,37123.3,3
4794,-114.24,2,False,774.8,52128.0,1.247,Delhi -> Bhopal -> Nagpur,electronics,37123.5,3
4795,-79.62,5,False,251.2,66461.0,1.249,Kanpur -> Delhi -> Chandigarh -> Ludhiana -> Delhi -> Agra,pharmaceuticals,37123.8,3
4796,39.98,4,True,235.7,73569.0,0.482,Hyderabad -> Visakhapatnam -> Bhubaneswar -> Ranchi -> Varanasi,machinery,37124.1,3
4797,31.63,3,True,285.2,35572.0,1.56,Indore -> Bhopal -> Jabalpur -> Raipur,electronics,37124.3,3
4798,28.22,4,True,335.7,99782.0,0.579,Ahmedabad -> Nashik -> Pune -> Bangalore -> Hubli,fmcg,37124.7,3
4799,46.13,1,True,73.9,11080.0,0.285,Agra -> Delhi,perishables,37124.8,3
4800,-76.02,3,False,438.2,64607.0,0.379,Thiruvananthapuram -> Kochi -> Bangalore -> Pune,fmcg,37125.3,3
4801,20.04,4,True,439.7,57626.0,0.506,Ahmedabad -> Jaipur -> Delhi -> Kanpur -> Varanasi,textiles,37129.1,3
4802,8.32,4,True,543.9,65589.0,2.199,Amritsar -> Ludhiana -> Delhi -> Jaipur -> Indore,electronics,37129.3,3
4803,-50.66,1,False,125.2,18223.0,0.438,Guwahati -> Kolkata,perishables,37129.4,3
4804,14.04,6,True,553.9,91135.0,2.99,Chandigarh -> Delhi -> Bhopal -> Nagpur -> Hyderabad -> Bangalore -> Mysore,electronics,37129.9,3
4805,41.17,2,True,153.8,32810.0,0.935,Nashik -> Ahmedabad -> Indore,electronics,37130.1,3
4806,-57.66,2,False,204.0,28097.0,0.832,Chandigarh -> Delhi -> Bhopal,perishables,37130.2,3
4807,-63.05,3,False,300.6,44145.0,1.75,Hubli -> Bangalore -> Pune -> Nashik,pharmaceuticals,37130.5,3
4808,-69.39,1,False,262.8,26808.0,0.69,Bangalore -> Pune,perishables,37130.5,3
4809,7.18,6,True,637.6,93342.0,0.521,Patna -> Lucknow -> Delhi -> Jaipur -> Ahmedabad -> Nashik -> Pune,textiles,37131.0,3
4810,47.09,1,True,66.4,6892.0,0.132,Udaipur -> Jodhpur,textiles,37131.1,3
4811,-16.02,5,True,825.4,105826.0,0.607,Visakhapatnam -> Hyderabad -> Nagpur -> Bhopal -> Delhi -> Ludhiana,machinery,37131.5,3
4812,29.65,4,True,331.4,69764.0,2.24,Rajkot -> Ahmedabad -> Jaipur -> Delhi -> Ludhiana,electronics,37131.8,3
4813,14.97,6,True,555.2,94790.0,1.337,Jodhpur -> Jaipur -> Delhi -> Kanpur -> Varanasi -> Ranchi -> Bhubaneswar,machinery,37132.2,3
4814,-60.62,3,False,284.9,52136.0,1.226,Bangalore -> Pune -> Mumbai -> Surat,pharmaceuticals,37132.5,3
4815,53.0,1,True,8.1,4156.0,0.129,Ludhiana -> Amritsar,perishables,37132.5,3
4816,-25.82,4,True,887.3,97727.0,0.32,Kolkata -> Patna -> Lucknow -> Delhi -> Ludhiana,textiles,37132.8,3
4817,38.35,2,True,183.3,27221.0,1.014,Delhi -> Bhopal -> Indore,electronics,37133.0,3
4818,26.29,5,True,410.5,81721.0,0.411,Coimbatore -> Bangalore -> Hyderabad -> Nagpur -> Bhopal -> Gwalior,textiles,37133.3,3
4819,31.64,4,True,327.5,48827.0,0.298,Jodhpur -> Jaipur -> Delhi -> Ludhiana -> Amritsar,textiles,37133.6,3
4820,28.49,3,True,315.3,39274.0,1.609,Thiruvananthapuram -> Kochi -> Coimbatore -> Chennai,electronics,37133.8,3
4821,-86.84,2,False,419.5,41708.0,0.93,Visakhapatnam -> Hyderabad -> Nagpur,perishables,37134.0,3
4822,1.28,4,True,184.5,55336.0,1.22,Chennai -> Hyderabad -> Nagpur -> Bhopal -> Gwalior,perishables,37134.3,3
4823,-88.57,1,False,484.3,46218.0,0.345,Pune -> Bangalore,fmcg,37134.3,3
4824,-53.77,3,False,199.9,53086.0,0.644,Hubli -> Bangalore -> Hyderabad -> Nagpur,perishables,37134.6,3
4825,28.86,4,True,344.6,75317.0,0.834,Kolkata -> Patna -> Lucknow -> Delhi -> Chandigarh,machinery,37134.9,3
4826,28.46,3,True,316.7,47891.0,0.868,Visakhapatnam -> Hyderabad -> Nagpur -> Bhopal,machinery,37135.1,3
4827,-108.47,2,False,730.7,49582.0,1.306,Pune -> Mumbai -> Nagpur,electronics,37135.2,3
4828,-52.58,1,False,140.8,13534.0,0.392,Coimbatore -> Chennai,perishables,37135.3,3
4829,-51.82,8,True,796.1,135369.0,3.498,Thiruvananthapuram -> Kochi -> Bangalore -> Hyderabad -> Nagpur -> Bhopal -> Gwalior -> Agra -> Lucknow,electronics,37135.9,3
4830,10.24,3,True,493.0,56882.0,1.497,Bhubaneswar -> Kolkata -> Patna -> Lucknow,electronics,37136.1,3
4831,-89.49,4,False,456.5,61486.0,0.622,Kolkata -> Guwahati -> Kolkata -> Bhubaneswar -> Visakhapatnam,fmcg,37136.4,3
4832,-13.52,6,True,749.5,232902.0,1.164,Bangalore -> Hyderabad -> Nagpur -> Bhopal -> Gwalior -> Agra -> Kanpur,machinery,37136.8,3
4833,-65.72,2,False,230.3,19254.0,0.455,Madurai -> Coimbatore -> Chennai,perishables,37137.0,3
4834,30.76,3,True,287.6,59636.0,0.574,Varanasi -> Kanpur -> Delhi -> Jaipur,fmcg,37137.2,3
4835,50.03,2,True,61.5,56841.0,0.22,Pune -> Bangalore -> Mysore,fmcg,37137.4,3
4836,-55.44,9,True,1064.0,153033.0,0.913,Vadodara -> Ahmedabad -> Jaipur -> Jodhpur -> Udaipur -> Ahmedabad -> Jaipur -> Delhi -> Kanpur -> Varanasi,textiles,37138.0,3
4837,-64.92,3,False,321.5,51186.0,1.356,Coimbatore -> Bangalore -> Hyderabad -> Nagpur,pharmaceuticals,37138.2,3
4838,50.28,1,True,33.7,9253.0,0.141,Mumbai -> Pune,machinery,37138.3,3
4839,50.82,2,True,62.2,14499.0,1.04,Surat -> Mumbai -> Nashik,pharmaceuticals,37138.5,3
4840,-63.0,3,False,186.5,55546.0,0.581,Patna -> Lucknow -> Kanpur -> Delhi,perishables,37138.7,3
4841,38.01,1,True,149.5,29592.0,0.302,Hyderabad -> Bangalore,electronics,37138.8,3
4842,37.21,3,True,227.2,49878.0,1.138,Nashik -> Ahmedabad -> Indore -> Bhopal,electronics,37139.0,3
4843,53.71,4,True,108.2,46970.0,0.121,Delhi -> Jaipur -> Ahmedabad -> Vadodara -> Surat,fmcg,37139.3,3
4844,-21.97,3,True,379.4,55471.0,1.382,Visakhapatnam -> Bhubaneswar -> Kolkata -> Guwahati,pharmaceuticals,37139.5,3
4845,39.24,2,True,170.5,53781.0,0.197,Guwahati -> Kolkata -> Ranchi,textiles,37139.7,3
4846,-77.32,3,False,369.2,53346.0,0.85,Guwahati -> Kolkata -> Bhubaneswar -> Visakhapatnam,perishables,37139.9,3
4847,-51.17,9,True,1078.8,126229.0,1.005,Lucknow -> Delhi -> Bhopal -> Gwalior -> Agra -> Delhi -> Jaipur -> Ahmedabad -> Nashik -> Pune,textiles,37140.5,3
4848,-0.78,5,True,671.0,103944.0,1.126,Guwahati -> Kolkata -> Bhubaneswar -> Visakhapatnam -> Chennai -> Madurai,machinery,37140.9,3
4849,48.95,4,True,157.1,34125.0,0.635,Thiruvananthapuram -> Kochi -> Bangalore -> Mysore -> Mangalore,machinery,37141.2,3
4850,49.84,4,True,139.3,67883.0,0.403,Chandigarh -> Delhi -> Jaipur -> Ahmedabad -> Nashik,fmcg,37141.5,3
4851,37.88,4,True,214.6,45764.0,0.561,Amritsar -> Ludhiana -> Chandigarh -> Delhi -> Bhopal,fmcg,37141.8,3
4852,39.68,4,True,240.2,47503.0,1.736,Jodhpur -> Udaipur -> Ahmedabad -> Nashik -> Pune,electronics,37142.1,3
4853,36.35,2,True,209.2,19219.0,0.311,Nashik -> Ahmedabad -> Udaipur,textiles,37142.2,3
4854,-20.28,3,True,394.9,28476.0,0.699,Coimbatore -> Bangalore -> Mysore -> Mangalore,fmcg,37142.5,3
4855,-82.81,3,False,455.0,52492.0,0.451,Udaipur -> Indore -> Ahmedabad -> Nashik,fmcg,37142.7,3
4856,32.47,5,True,351.4,72084.0,0.447,Visakhapatnam -> Hyderabad -> Nagpur -> Bhopal -> Indore -> Udaipur,textiles,37143.0,3
4857,31.83,5,True,336.5,94556.0,0.357,Hubli -> Bangalore -> Hyderabad -> Nagpur -> Bhopal -> Delhi,fmcg,37143.4,3
4858,-66.98,1,False,279.8,22367.0,0.945,Jodhpur -> Jaipur,pharmaceuticals,37143.5,3
4859,42.32,2,True,142.1,40308.0,0.511,Hyderabad -> Chennai -> Madurai,electronics,37143.6,3
4860,-51.3,1,False,131.6,11417.0,0.44,Ranchi -> Bhubaneswar,perishables,37143.7,3
4861,45.96,2,True,105.4,20652.0,0.348,Indore -> Bhopal -> Jabalpur,perishables,37143.8,3
4862,42.92,2,True,134.6,36439.0,1.048,Varanasi -> Ranchi -> Bhubaneswar,electronics,37144.0,3
4863,39.66,5,True,274.8,86102.0,0.555,Surat -> Vadodara -> Ahmedabad -> Jaipur -> Delhi -> Agra,machinery,37144.4,3
4864,21.06,6,True,490.4,94127.0,2.145,Gwalior -> Bhopal -> Nagpur -> Hyderabad -> Bangalore -> Kochi -> Thiruvananthapuram,electronics,37144.8,3
4865,43.15,2,True,136.4,13547.0,1.611,Udaipur -> Ahmedabad -> Vadodara,electronics,37145.0,3
4866,-11.97,5,True,262.0,61181.0,2.334,Raipur -> Jabalpur -> Bhopal -> Indore -> Ahmedabad -> Nashik,pharmaceuticals,37145.4,3
4867,20.33,4,True,426.5,79560.0,1.263,Hubli -> Bangalore -> Hyderabad -> Nagpur -> Raipur,machinery,37145.7,3
4868,-108.68,2,False,621.5,38899.0,1.598,Ludhiana -> Delhi -> Kanpur,pharmaceuticals,37145.8,3
4869,31.02,3,True,294.3,35778.0,0.942,Raipur -> Jabalpur -> Bhopal -> Indore,electronics,37146.0,3
4870,-52.27,4,True,1147.8,109144.0,0.423,Jabalpur -> Bhopal -> Indore -> Jaipur -> Jodhpur,textiles,37146.3,3
4871,-52.66,3,False,122.5,17710.0,0.689,Lucknow -> Kanpur -> Agra -> Gwalior,perishables,37146.6,3
4872,16.54,5,True,514.7,57033.0,0.555,Udaipur -> Jodhpur -> Jaipur -> Delhi -> Kanpur -> Varanasi,textiles,37146.9,3
4873,51.79,2,True,52.1,27900.0,0.31,Chandigarh -> Delhi -> Lucknow,fmcg,37147.0,3
4874,38.03,3,True,222.0,53648.0,0.336,Amritsar -> Ludhiana -> Delhi -> Bhopal,fmcg,37147.3,3
4875,-57.66,1,False,178.2,19509.0,0.236,Ludhiana -> Delhi,perishables,37147.4,3
4876,-63.33,1,False,221.3,15520.0,0.328,Jaipur -> Delhi,perishables,37147.4,3
4877,49.29,4,True,142.0,69318.0,0.853,Rajkot -> Ahmedabad -> Jaipur -> Delhi -> Agra,pharmaceuticals,37147.7,3
4878,-59.75,1,False,193.6,18202.0,0.382,Guwahati -> Kolkata,perishables,37147.8,3
4879,-53.97,2,False,178.2,20627.0,0.787,Udaipur -> Ahmedabad -> Vadodara,perishables,37147.9,3
4880,43.84,1,True,96.7,13341.0,0.199,Agra -> Delhi,machinery,37148.0,3
4881,43.58,2,True,132.6,25031.0,0.82,Ludhiana -> Delhi -> Kanpur,electronics,37148.2,3
4882,-50.81,1,False,127.5,12028.0,0.508,Gwalior -> Bhopal,perishables,37148.2,3
4883,-11.21,5,True,366.6,94298.0,0.898,Chennai -> Hyderabad -> Nagpur -> Mumbai -> Surat -> Rajkot,fmcg,37148.8,3
4884,43.99,3,True,167.8,20547.0,1.245,Vadodara -> Ahmedabad -> Indore -> Bhopal,electronics,37149.1,3
4885,-57.76,4,False,250.5,41561.0,2.171,Jodhpur -> Udaipur -> Indore -> Bhopal -> Nagpur,pharmaceuticals,37149.5,3
4886,16.56,6,True,528.2,131949.0,1.322,Jaipur -> Ahmedabad -> Mumbai -> Pune -> Bangalore -> Hubli -> Mangalore,machinery,37150.0,3
4887,-54.81,2,False,145.1,33681.0,0.487,Bhubaneswar -> Raipur -> Jabalpur,perishables,37150.1,3
4888,21.87,7,True,481.8,87456.0,0.647,Udaipur -> Indore -> Bhopal -> Nagpur -> Hyderabad -> Bangalore -> Mysore -> Mangalore,textiles,37150.6,3
4889,-54.91,4,False,255.4,72995.0,1.342,Kochi -> Bangalore -> Hyderabad -> Nagpur -> Bhopal,pharmaceuticals,37150.7,3
4890,-25.05,9,True,914.1,139663.0,0.904,Varanasi -> Kanpur -> Delhi -> Bhopal -> Indore -> Ahmedabad -> Nashik -> Pune -> Bangalore -> Mysore,textiles,37150.9,3
4891,2.58,5,True,582.9,123141.0,0.879,Nagpur -> Hyderabad -> Visakhapatnam -> Bhubaneswar -> Kolkata -> Guwahati,machinery,37151.0,3
4892,-70.7,4,False,416.8,63687.0,0.903,Mysore -> Bangalore -> Hyderabad -> Nagpur -> Bhopal,fmcg,37151.1,3
4893,49.56,3,True,113.0,33300.0,0.283,Jodhpur -> Jaipur -> Delhi -> Ludhiana,fmcg,37151.2,3
4894,-61.42,3,False,291.5,59254.0,0.863,Mangalore -> Mysore -> Madurai -> Chennai,pharmaceuticals,37151.3,3
4895,-99.39,5,False,656.6,90188.0,0.973,Thiruvananthapuram -> Kochi -> Bangalore -> Pune -> Nashik -> Ahmedabad,fmcg,37151.4,3
4896,-22.83,3,True,397.0,36037.0,0.564,Ahmedabad -> Jaipur -> Delhi -> Ludhiana,fmcg,37151.4,3
4897,-61.11,2,False,229.9,25476.0,0.989,Ranchi -> Bhubaneswar -> Visakhapatnam,perishables,37151.5,3
4898,23.11,4,True,394.2,102644.0,0.777,Bangalore -> Hyderabad -> Nagpur -> Bhopal -> Delhi,machinery,37151.6,3
4899,-54.06,1,False,147.4,37916.0,0.134,Guwahati -> Kolkata,perishables,37151.6,3
4900,31.41,5,True,362.1,71759.0,0.465,Udaipur -> Ahmedabad -> Mumbai -> Pune -> Bangalore -> Hubli,textiles,37151.7,3
4901,45.6,2,True,115.3,23164.0,0.358,Nashik -> Ahmedabad -> Vadodara,fmcg,37153.0,3
4902,25.84,5,True,400.5,122094.0,0.895,Chandigarh -> Delhi -> Bhopal -> Nagpur -> Hyderabad -> Visakhapatnam,electronics,37153.1,3
4903,40.87,4,True,235.2,42903.0,0.66,Varanasi -> Kanpur -> Delhi -> Jaipur -> Jodhpur,fmcg,37153.1,3
4904,-75.41,3,False,432.1,64594.0,0.524,Hubli -> Bangalore -> Hyderabad -> Visakhapatnam,fmcg,38119.7,3
4905,-1.14,6,True,639.3,132286.0,1.826,Amritsar -> Ludhiana -> Delhi -> Bhopal -> Nagpur -> Mumbai -> Nashik,electronics,38119.9,3
4906,52.18,1,True,13.5,6394.0,0.559,Nashik -> Pune,pharmaceuticals,38119.9,3
4907,24.86,2,True,315.9,20022.0,0.486,Vadodara -> Ahmedabad -> Udaipur,fmcg,38120.0,3
4908,42.79,3,True,175.5,33941.0,1.031,Nagpur -> Hyderabad -> Bangalore -> Mysore,pharmaceuticals,38120.0,3
4909,-40.95,6,True,1071.3,250516.0,0.615,Kochi -> Bangalore -> Hyderabad -> Nagpur -> Bhopal -> Delhi -> Kanpur,textiles,38120.2,3
4910,39.9,2,True,168.1,25209.0,1.074,Bhubaneswar -> Raipur -> Jabalpur,electronics,38120.2,3
4911,7.58,3,True,515.4,83048.0,0.78,Kolkata -> Bhubaneswar -> Visakhapatnam -> Hyderabad,machinery,38120.3,3
4912,44.79,3,True,154.5,41947.0,0.998,Lucknow -> Delhi -> Jaipur -> Ahmedabad,electronics,38120.3,3
4913,54.17,3,True,68.0,25396.0,0.542,Amritsar -> Ludhiana -> Delhi -> Agra,perishables,38120.4,3
4914,-22.66,7,True,484.4,109316.0,0.634,Madurai -> Mysore -> Bangalore -> Hyderabad -> Nagpur -> Bhopal -> Indore -> Udaipur,fmcg,38120.5,3
4915,14.07,7,True,548.4,127815.0,0.507,Kanpur -> Agra -> Gwalior -> Bhopal -> Nagpur -> Hyderabad -> Chennai -> Madurai,textiles,38120.7,3
4916,45.76,2,True,107.1,12996.0,0.734,Amritsar -> Ludhiana -> Chandigarh,perishables,38120.7,3
4917,5.06,4,True,130.7,26703.0,1.03,Surat -> Vadodara -> Ahmedabad -> Indore -> Bhopal,perishables,38120.8,3
4918,-73.68,4,False,368.0,41565.0,0.687,Jodhpur -> Udaipur -> Indore -> Bhopal -> Jabalpur,fmcg,38120.9,3
4919,-122.3,3,False,856.0,58038.0,0.5,Bangalore -> Hyderabad -> Visakhapatnam -> Bhubaneswar,fmcg,38121.0,3
4920,-67.19,3,False,314.1,162879.0,0.918,Kanpur -> Delhi -> Bhopal -> Nagpur,pharmaceuticals,38121.1,3
4921,43.17,2,True,138.7,27325.0,0.271,Kolkata -> Bhubaneswar -> Visakhapatnam,textiles,38121.1,3
4922,35.7,4,True,279.1,61000.0,0.534,Jodhpur -> Jaipur -> Delhi -> Kanpur -> Varanasi,fmcg,38121.2,3
4923,42.99,2,True,139.1,19342.0,1.045,Bangalore -> Mysore -> Mangalore,pharmaceuticals,38121.3,3
4924,39.4,2,True,169.0,53559.0,0.182,Pune -> Bangalore -> Mysore,fmcg,38121.3,3
4925,-100.85,6,False,750.6,228590.0,2.223,Thiruvananthapuram -> Kochi -> Bangalore -> Hyderabad -> Nagpur -> Bhopal -> Delhi,electronics,38121.5,3
4926,-1.2,3,True,174.9,43529.0,0.847,Surat -> Mumbai -> Nagpur -> Jabalpur,perishables,38121.6,3
4927,40.07,3,True,202.9,34748.0,1.203,Agra -> Delhi -> Jaipur -> Ahmedabad,electronics,38121.7,3
4928,-17.79,4,True,797.4,119189.0,0.935,Delhi -> Bhopal -> Nagpur -> Hyderabad -> Visakhapatnam,machinery,38121.8,3
4929,32.96,1,True,194.2,26607.0,0.775,Madurai -> Chennai,pharmaceuticals,38121.8,3
4930,-5.05,5,True,709.9,114017.0,1.285,Bhubaneswar -> Raipur -> Jabalpur -> Bhopal -> Delhi -> Chandigarh,machinery,38121.9,3
4931,-59.27,2,False,216.8,36175.0,0.149,Raipur -> Nagpur -> Hyderabad,perishables,38122.0,3
4932,-73.06,2,False,319.7,27170.0,0.833,Ludhiana -> Delhi -> Jaipur,perishables,38122.0,3
4933,3.2,2,True,124.0,31013.0,0.275,Coimbatore -> Madurai -> Mysore,perishables,38122.1,3
4934,-46.67,2,False,122.4,32264.0,0.38,Bangalore -> Hyderabad -> Nagpur,perishables,38122.2,3
4935,39.94,2,True,168.2,22236.0,1.145,Udaipur -> Ahmedabad -> Rajkot,pharmaceuticals,38122.2,3
4936,-94.55,3,False,495.6,63453.0,0.979,Kolkata -> Bhubaneswar -> Visakhapatnam -> Chennai,perishables,38122.3,3
4937,50.29,1,True,33.1,4119.0,0.555,Gwalior -> Agra,electronics,38122.3,3
4938,4.12,4,True,549.2,57316.0,0.483,Lucknow -> Agra -> Gwalior -> Bhopal -> Jabalpur,textiles,38122.4,3
4939,5.98,6,True,637.0,84002.0,1.796,Patna -> Lucknow -> Delhi -> Jaipur -> Ahmedabad -> Vadodara -> Surat,electronics,38122.5,3
4940,49.11,1,True,46.3,6281.0,0.146,Agra -> Delhi,textiles,38122.6,3
4941,12.46,6,True,475.0,95119.0,2.369,Pune -> Nashik -> Ahmedabad -> Jaipur -> Delhi -> Agra -> Gwalior,electronics,38122.7,3
4942,29.76,2,True,263.3,45040.0,1.122,Visakhapatnam -> Hyderabad -> Nagpur,electronics,38122.8,3
4943,-97.02,4,False,619.8,86881.0,1.791,Vadodara -> Ahmedabad -> Mumbai -> Pune -> Bangalore,pharmaceuticals,38122.8,3
4944,-64.21,5,False,386.4,91654.0,0.794,Thiruvananthapuram -> Kochi -> Coimbatore -> Chennai -> Visakhapatnam -> Bhubaneswar,fmcg,38123.0,3
4945,-54.4,2,False,176.4,47434.0,0.525,Madurai -> Chennai -> Hyderabad,perishables,38123.0,3
4946,39.49,4,True,246.1,57975.0,0.307,Jabalpur -> Raipur -> Bhubaneswar -> Kolkata -> Guwahati,textiles,38123.1,3
4947,-46.56,2,False,124.2,15556.0,0.669,Chandigarh -> Delhi -> Jaipur,perishables,38123.1,3
4948,-63.27,3,False,302.3,60151.0,1.998,Vadodara -> Ahmedabad -> Jaipur -> Delhi,pharmaceuticals,38123.2,3
4949,10.34,4,True,525.6,87046.0,0.994,Visakhapatnam -> Hyderabad -> Nagpur -> Bhopal -> Indore,machinery,38123.3,3
4950,-9.46,4,True,299.1,67180.0,1.48,Chandigarh -> Delhi -> Jaipur -> Ahmedabad -> Nashik,pharmaceuticals,38123.4,3
4951,-55.95,1,False,162.8,29057.0,0.357,Bhubaneswar -> Raipur,perishables,38123.5,3
4952,-101.39,2,False,526.3,57948.0,0.563,Hyderabad -> Nagpur -> Mumbai,perishables,38123.5,3
4953,-97.49,2,False,498.7,45809.0,0.845,Guwahati -> Kolkata -> Patna,perishables,38123.6,3
4954,-57.51,2,False,166.7,25743.0,0.637,Visakhapatnam -> Bhubaneswar -> Ranchi,perishables,38123.6,3
4955,49.67,2,True,74.8,18014.0,0.617,Varanasi -> Kanpur -> Agra,electronics,38123.7,3
4956,-0.99,4,True,193.9,84596.0,0.554,Nashik -> Mumbai -> Nagpur -> Raipur -> Bhubaneswar,perishables,38123.8,3
4957,14.83,6,True,560.4,91871.0,0.744,Mysore -> Bangalore -> Hyderabad -> Nagpur -> Bhopal -> Delhi -> Kanpur,textiles,38123.9,3
4958,16.91,3,True,427.0,52146.0,1.659,Pune -> Bangalore -> Chennai -> Visakhapatnam,electronics,38124.0,3
4959,37.12,4,True,223.7,48502.0,0.126,Agra -> Kanpur -> Varanasi -> Ranchi -> Kolkata,textiles,38124.1,3
4960,22.2,3,True,384.0,32307.0,0.871,Surat -> Vadodara -> Ahmedabad -> Udaipur,machinery,38124.1,3
4961,47.86,2,True,79.3,71887.0,0.121,Bangalore -> Chennai -> Visakhapatnam,fmcg,38124.2,3
4962,-59.09,2,False,215.3,19787.0,1.172,Jodhpur -> Udaipur -> Ahmedabad,perishables,38124.2,3
4963,-57.8,4,False,248.0,49171.0,2.014,Jodhpur -> Jaipur -> Delhi -> Kanpur -> Varanasi,pharmaceuticals,38124.3,3
4964,-9.34,3,True,676.9,63200.0,1.587,Jabalpur -> Bhopal -> Delhi -> Ludhiana,electronics,38124.4,3
4965,18.29,3,True,412.2,74925.0,0.485,Ranchi -> Bhubaneswar -> Visakhapatnam -> Chennai,textiles,38124.4,3
4966,53.07,2,True,43.4,16548.0,0.187,Gwalior -> Agra -> Delhi,fmcg,38124.5,3
4967,-61.58,10,True,1159.2,174655.0,0.841,Udaipur -> Indore -> Bhopal -> Nagpur -> Raipur -> Jabalpur -> Nagpur -> Hyderabad -> Chennai -> Bangalore -> Hubli,textiles,38124.7,3
4968,-90.0,2,False,526.8,58403.0,0.431,Nashik -> Ahmedabad -> Jaipur,fmcg,38124.7,3
4969,-16.96,3,True,756.9,97135.0,0.71,Mumbai -> Nagpur -> Hyderabad -> Visakhapatnam,machinery,38124.8,3
4970,12.82,3,True,473.9,55448.0,0.247,Nashik -> Ahmedabad -> Jaipur -> Delhi,textiles,38124.9,3
4971,-77.17,3,False,362.6,46872.0,1.131,Surat -> Vadodara -> Ahmedabad -> Jaipur,perishables,38125.0,3
4972,50.95,2,True,62.1,14276.0,0.824,Surat -> Mumbai -> Nashik,pharmaceuticals,38125.0,3
4973,3.43,5,True,582.6,84726.0,1.535,Bhopal -> Jabalpur -> Nagpur -> Hyderabad -> Bangalore -> Coimbatore,machinery,38125.1,3
4974,29.83,4,True,291.6,40884.0,0.673,Surat -> Vadodara -> Ahmedabad -> Indore -> Bhopal,fmcg,38125.2,3
4975,31.42,2,True,248.7,46383.0,0.648,Bhubaneswar -> Raipur -> Jabalpur,electronics,38125.2,3
4976,-100.99,7,True,1727.1,165065.0,0.872,Guwahati -> Kolkata -> Bhubaneswar -> Visakhapatnam -> Chennai -> Madurai -> Mysore -> Mangalore,textiles,38125.4,3
4977,24.55,4,True,395.5,56867.0,0.396,Thiruvananthapuram -> Kochi -> Coimbatore -> Chennai -> Visakhapatnam,textiles,38125.5,3
4978,-59.95,3,False,275.2,46316.0,1.374,Gwalior -> Bhopal -> Nagpur -> Hyderabad,pharmaceuticals,38125.7,3
4979,38.21,3,True,223.3,38018.0,0.656,Jabalpur -> Bhopal -> Gwalior -> Agra,machinery,38125.8,3
4980,-49.65,2,False,142.3,47474.0,0.097,Bangalore -> Hyderabad -> Nagpur,perishables,38125.8,3
4981,28.65,2,True,286.4,19428.0,0.257,Raipur -> Jabalpur -> Bhopal,textiles,38125.8,3
4982,0.76,5,True,659.8,91020.0,1.073,Patna -> Ranchi -> Bhubaneswar -> Visakhapatnam -> Chennai -> Bangalore,machinery,38125.9,3
4983,-63.13,4,False,140.3,56140.0,0.592,Lucknow -> Delhi -> Kanpur -> Varanasi -> Patna,perishables,38126.0,3
4984,-62.24,2,False,270.3,35825.0,0.851,Coimbatore -> Bangalore -> Pune,pharmaceuticals,38126.1,3
4985,-58.76,4,False,264.4,58832.0,1.083,Pune -> Mumbai -> Nagpur -> Raipur -> Bhubaneswar,perishables,38126.2,3
4986,-69.26,5,False,447.6,66835.0,0.648,Mysore -> Bangalore -> Hyderabad -> Nagpur -> Bhopal -> Delhi,fmcg,38126.3,3
4987,-45.88,2,True,1019.4,60820.0,0.228,Madurai -> Chennai -> Hyderabad,textiles,38126.4,3
4988,-51.97,3,False,181.3,44026.0,0.815,Jodhpur -> Jaipur -> Delhi -> Ludhiana,perishables,38126.4,3
4989,39.58,3,True,196.6,82936.0,0.53,Ahmedabad -> Indore -> Bhopal -> Gwalior,fmcg,38126.6,3
4990,14.47,5,True,471.5,103013.0,0.58,Gwalior -> Bhopal -> Jabalpur -> Raipur -> Bhubaneswar -> Visakhapatnam,machinery,38126.7,3
4991,-58.68,3,False,247.2,133586.0,1.252,Amritsar -> Ludhiana -> Delhi -> Jaipur,pharmaceuticals,38126.8,3
4992,-60.62,2,False,258.0,23842.0,1.22,Amritsar -> Ludhiana -> Delhi,pharmaceuticals,38126.9,3
4993,36.58,4,True,272.2,58819.0,0.876,Bhopal -> Nagpur -> Hyderabad -> Bangalore -> Hubli,machinery,38127.0,3
4994,29.6,5,True,373.4,64047.0,2.276,Hyderabad -> Nagpur -> Bhopal -> Indore -> Udaipur -> Jodhpur,electronics,38127.1,3
4995,26.99,4,True,354.4,49087.0,0.631,Vadodara -> Ahmedabad -> Jaipur -> Delhi -> Kanpur,fmcg,38127.2,3
4996,-24.17,5,True,908.1,98484.0,0.806,Chandigarh -> Delhi -> Bhopal -> Nagpur -> Hyderabad -> Bangalore,textiles,38127.3,3
4997,52.0,2,True,50.3,19576.0,0.76,Agra -> Gwalior -> Bhopal,pharmaceuticals,38127.3,3
4998,42.19,3,True,184.7,35878.0,0.519,Udaipur -> Indore -> Bhopal -> Nagpur,fmcg,38127.4,3
4999,-176.15,4,True,2328.9,291220.0,1.042,Kolkata -> Bhubaneswar -> Raipur -> Nagpur -> Mumbai,machinery,38127.5,3
5000,-4.58,4,True,258.3,57771.0,1.393,Ahmedabad -> Mumbai -> Pune -> Bangalore -> Mysore,pharmaceuticals,38127.7,3
